seed,scenario,layout_id,split,method,fixture_type,visible_hint,estimated_fixture,action,confidence,fixture_correct,parameter_error,success,first_attempt_success,repeated_failure,force_violation,damage,path_efficiency,energy,predicted_success,calibration_brier,stress_level,prob_free,prob_clamp,prob_hinge,prob_slot,prob_suction,prob_tether
0,7000,combined_fixture_stress_0_7000_suction,combined_fixture_stress,latent_fixture_v5_full,suction,unknown,suction,peel_then_translate,0.70948,1,0.16034,1,1,0,0,0,0.68397,1.93531,0.71085,0.08360,0.00,0.02969,0.10389,0.04470,0.05373,0.70948,0.05851
0,7000,combined_fixture_stress_0_7000_suction,combined_fixture_stress,latent_fixture_v5_no_torque_features,suction,unknown,suction,peel_then_translate,0.55363,1,0.24125,1,1,0,0,0,0.67588,1.93814,0.64272,0.12765,0.00,0.04361,0.16322,0.05609,0.08562,0.55363,0.09783
0,7000,combined_fixture_stress_0_7000_suction,combined_fixture_stress,latent_fixture_v5_no_compliance_anisotropy,suction,unknown,suction,peel_then_translate,0.71744,1,0.22978,1,1,0,0,0,0.67702,1.93774,0.67958,0.10267,0.00,0.02985,0.10931,0.04525,0.03640,0.71744,0.06175
0,7000,combined_fixture_stress_0_7000_suction,combined_fixture_stress,latent_fixture_v5_no_release_cues,suction,unknown,clamp,cautious_probe_pull,0.34914,0,0.73000,0,0,1,0,0,0.00700,2.17225,0.07188,0.00517,0.00,0.03701,0.34914,0.11869,0.18869,0.09105,0.21542
0,7000,combined_fixture_stress_0_7000_suction,combined_fixture_stress,latent_fixture_v5_no_hysteresis_memory,suction,unknown,suction,peel_then_translate,0.65263,1,0.23432,1,1,0,0,1,0.67657,1.93790,0.66496,0.11225,0.00,0.03412,0.09443,0.08442,0.08598,0.65263,0.04841
0,7000,combined_fixture_stress_0_7000_suction,combined_fixture_stress,latent_fixture_v5_no_particle_refinement,suction,unknown,suction,peel_then_translate,0.71648,1,0.15985,1,1,0,0,0,0.68402,1.93529,0.69870,0.09078,0.00,0.03864,0.08916,0.04498,0.05269,0.71648,0.05805
0,7000,combined_fixture_stress_0_7000_suction,combined_fixture_stress,latent_fixture_v5_no_safety_margin,suction,unknown,suction,peel_then_translate,0.70948,1,0.16034,1,1,0,0,0,0.68397,1.93531,0.69707,0.09176,0.00,0.02969,0.10389,0.04470,0.05373,0.70948,0.05851
0,7000,combined_fixture_stress_0_7000_suction,combined_fixture_stress,latent_fixture_v5_no_calibration,suction,unknown,suction,peel_then_translate,0.81457,1,0.20298,1,1,0,0,0,0.67970,1.93680,0.70727,0.08569,0.00,0.00169,0.09328,0.02137,0.03189,0.81457,0.03720
0,7000,combined_fixture_stress_0_7000_suction,combined_fixture_stress,latent_fixture_v5_no_adaptive_probe,suction,unknown,suction,peel_then_translate,0.74012,1,0.15819,1,1,0,0,0,0.68418,1.93524,0.70418,0.08751,0.00,0.02039,0.10226,0.03771,0.04732,0.74012,0.05220
0,7001,combined_fixture_stress_0_7001_tether,combined_fixture_stress,latent_fixture_v5_full,tether,suction,tether,cautious_probe_pull,0.35427,1,0.18520,1,1,0,1,1,0.68148,2.66035,0.25095,0.56107,0.00,0.03284,0.26461,0.08180,0.12835,0.13813,0.35427
0,7001,combined_fixture_stress_0_7001_tether,combined_fixture_stress,latent_fixture_v5_no_torque_features,tether,suction,clamp,cautious_probe_pull,0.31472,0,0.73000,1,1,0,0,1,0.62700,1.97942,0.10336,0.80397,0.00,0.04797,0.31472,0.06528,0.14734,0.15430,0.27039
0,7001,combined_fixture_stress_0_7001_tether,combined_fixture_stress,latent_fixture_v5_no_compliance_anisotropy,tether,suction,tether,cautious_probe_pull,0.40461,1,0.25168,0,0,1,1,1,0.05483,2.87968,0.22615,0.05115,0.00,0.03358,0.29055,0.08268,0.04410,0.14447,0.40461
0,7001,combined_fixture_stress_0_7001_tether,combined_fixture_stress,latent_fixture_v5_no_release_cues,tether,suction,tether,cautious_probe_pull,0.37277,1,0.25391,1,0,0,1,1,0.67461,2.66276,0.22318,0.60345,0.00,0.03349,0.27775,0.08477,0.13576,0.09546,0.37277
0,7001,combined_fixture_stress_0_7001_tether,combined_fixture_stress,latent_fixture_v5_no_hysteresis_memory,tether,suction,slot,cautious_probe_pull,0.26530,0,0.73000,0,0,1,1,1,0.00700,2.89642,0.10159,0.01032,0.00,0.04577,0.22645,0.19031,0.26530,0.17922,0.09295
0,7001,combined_fixture_stress_0_7001_tether,combined_fixture_stress,latent_fixture_v5_no_particle_refinement,tether,suction,clamp,cautious_probe_pull,0.31944,0,0.66000,0,0,1,1,0,0.01400,2.89397,0.12053,0.01453,0.00,0.04082,0.31944,0.06980,0.13730,0.14665,0.28600
0,7001,combined_fixture_stress_0_7001_tether,combined_fixture_stress,latent_fixture_v5_no_safety_margin,tether,suction,tether,cautious_probe_pull,0.35427,1,0.18520,0,0,1,1,1,0.06148,2.87735,0.23866,0.05696,0.00,0.03284,0.26461,0.08180,0.12835,0.13813,0.35427
0,7001,combined_fixture_stress_0_7001_tether,combined_fixture_stress,latent_fixture_v5_no_calibration,tether,suction,tether,cautious_probe_pull,0.40555,1,0.23161,1,0,0,1,0,0.67684,2.66198,0.23124,0.59099,0.00,0.00771,0.28699,0.06983,0.12241,0.10751,0.40555
0,7001,combined_fixture_stress_0_7001_tether,combined_fixture_stress,latent_fixture_v5_no_adaptive_probe,tether,suction,tether,unwind_tether,0.37671,1,0.18363,1,0,0,0,0,0.68164,1.96030,0.60409,0.15674,0.00,0.02451,0.26556,0.07948,0.12564,0.12810,0.37671
0,7002,combined_fixture_stress_0_7002_free,combined_fixture_stress,latent_fixture_v5_full,free,free,free,cautious_probe_pull,0.39358,1,0.18245,0,0,1,1,0,0.06176,2.69883,0.48747,0.23762,0.00,0.39358,0.11572,0.13766,0.15079,0.09345,0.10878
0,7002,combined_fixture_stress_0_7002_free,combined_fixture_stress,latent_fixture_v5_no_torque_features,free,free,free,cautious_probe_pull,0.24755,1,0.26267,0,0,1,1,1,0.05373,2.70164,0.43262,0.18716,0.00,0.24755,0.16743,0.08832,0.20223,0.13365,0.16082
0,7002,combined_fixture_stress_0_7002_free,combined_fixture_stress,latent_fixture_v5_no_compliance_anisotropy,free,free,free,cautious_probe_pull,0.28461,1,0.26008,0,0,1,1,0,0.05399,2.70155,0.43893,0.19266,0.00,0.28461,0.14205,0.21964,0.07805,0.11660,0.15904
0,7002,combined_fixture_stress_0_7002_free,combined_fixture_stress,latent_fixture_v5_no_release_cues,free,free,free,cautious_probe_pull,0.40380,1,0.25173,1,0,0,1,0,0.67483,2.48425,0.45933,0.29232,0.00,0.40380,0.12439,0.14501,0.16139,0.05095,0.11446
0,7002,combined_fixture_stress_0_7002_free,combined_fixture_stress,latent_fixture_v5_no_hysteresis_memory,free,free,free,cautious_probe_pull,0.41358,1,0.25105,1,1,0,1,0,0.67490,2.48423,0.46102,0.29050,0.00,0.41358,0.09737,0.15004,0.16790,0.10288,0.06824
0,7002,combined_fixture_stress_0_7002_free,combined_fixture_stress,latent_fixture_v5_no_particle_refinement,free,free,free,cautious_probe_pull,0.25309,1,0.19228,0,0,1,0,1,0.06077,1.99917,0.45017,0.20266,0.00,0.25309,0.15932,0.15083,0.19016,0.12194,0.12466
0,7002,combined_fixture_stress_0_7002_free,combined_fixture_stress,latent_fixture_v5_no_safety_margin,free,free,free,cautious_probe_pull,0.39358,1,0.18245,1,1,0,1,1,0.68176,2.48183,0.47501,0.27561,0.00,0.39358,0.11572,0.13766,0.15079,0.09345,0.10878
0,7002,combined_fixture_stress_0_7002_free,combined_fixture_stress,latent_fixture_v5_no_calibration,free,free,free,direct_translate,0.43785,1,0.22935,0,0,1,0,0,0.17706,1.95847,0.73146,0.53503,0.00,0.43785,0.10987,0.13019,0.14729,0.07907,0.09573
0,7002,combined_fixture_stress_0_7002_free,combined_fixture_stress,latent_fixture_v5_no_adaptive_probe,free,free,free,direct_translate,0.42148,1,0.18050,1,1,0,0,0,0.80195,1.73976,0.73976,0.06773,0.00,0.42148,0.10942,0.13406,0.14563,0.08618,0.10323
0,7003,combined_fixture_stress_0_7003_clamp,combined_fixture_stress,latent_fixture_v5_full,clamp,unknown,suction,peel_then_translate,0.51520,0,0.66000,0,0,1,0,0,0.01400,2.24124,0.01729,0.00030,0.00,0.02946,0.24253,0.03850,0.03827,0.51520,0.13603
0,7003,combined_fixture_stress_0_7003_clamp,combined_fixture_stress,latent_fixture_v5_no_torque_features,clamp,unknown,suction,peel_then_translate,0.45781,0,0.73000,0,0,1,0,0,0.00700,2.24369,0.01696,0.00029,0.00,0.03859,0.22697,0.05181,0.06249,0.45781,0.16234
0,7003,combined_fixture_stress_0_7003_clamp,combined_fixture_stress,latent_fixture_v5_no_compliance_anisotropy,clamp,unknown,suction,peel_then_translate,0.53121,0,0.73000,0,0,1,1,0,0.00700,2.94369,0.01737,0.00030,0.00,0.02932,0.23198,0.03776,0.03456,0.53121,0.13518
0,7003,combined_fixture_stress_0_7003_clamp,combined_fixture_stress,latent_fixture_v5_no_release_cues,clamp,unknown,clamp,cautious_probe_pull,0.40204,1,0.25186,0,0,1,1,1,0.05481,2.92696,0.15098,0.02280,0.00,0.03105,0.40204,0.05628,0.05656,0.09031,0.36375
0,7003,combined_fixture_stress_0_7003_clamp,combined_fixture_stress,latent_fixture_v5_no_hysteresis_memory,clamp,unknown,suction,peel_then_translate,0.62250,0,0.73000,0,0,1,0,1,0.00700,2.24369,0.01789,0.00032,0.00,0.03263,0.13928,0.07253,0.07359,0.62250,0.05947
0,7003,combined_fixture_stress_0_7003_clamp,combined_fixture_stress,latent_fixture_v5_no_particle_refinement,clamp,unknown,suction,peel_then_translate,0.56773,0,0.66000,0,0,1,1,0,0.01400,2.94124,0.01758,0.00031,0.00,0.03886,0.16666,0.04594,0.04408,0.56773,0.13671
0,7003,combined_fixture_stress_0_7003_clamp,combined_fixture_stress,latent_fixture_v5_no_safety_margin,clamp,unknown,suction,peel_then_translate,0.51520,0,0.66000,0,0,1,1,1,0.01400,2.94124,0.01729,0.00030,0.00,0.02946,0.24253,0.03850,0.03827,0.51520,0.13603
0,7003,combined_fixture_stress_0_7003_clamp,combined_fixture_stress,latent_fixture_v5_no_calibration,clamp,unknown,suction,peel_then_translate,0.57866,0,0.71000,0,0,1,1,0,0.00900,2.94299,0.01764,0.00031,0.00,0.00088,0.26895,0.01173,0.01187,0.57866,0.12791
0,7003,combined_fixture_stress_0_7003_clamp,combined_fixture_stress,latent_fixture_v5_no_adaptive_probe,clamp,unknown,suction,peel_then_translate,0.52865,0,0.66000,0,0,1,1,1,0.01400,2.94124,0.01736,0.00030,0.00,0.01995,0.25834,0.02973,0.02979,0.52865,0.13354
0,7004,combined_fixture_stress_0_7004_hinge,combined_fixture_stress,latent_fixture_v5_full,hinge,unknown,hinge,pivot_rotate,0.45877,1,0.17789,1,1,0,0,0,0.80221,1.74434,0.66904,0.10954,0.00,0.04237,0.24877,0.45877,0.09006,0.08708,0.07296
0,7004,combined_fixture_stress_0_7004_hinge,combined_fixture_stress,latent_fixture_v5_no_torque_features,hinge,unknown,clamp,cautious_probe_pull,0.39364,0,0.73000,0,0,1,1,1,0.00700,2.72267,0.01660,0.00028,0.00,0.06443,0.39364,0.09584,0.15786,0.14845,0.13978
0,7004,combined_fixture_stress_0_7004_hinge,combined_fixture_stress,latent_fixture_v5_no_compliance_anisotropy,hinge,unknown,hinge,pivot_rotate,0.45670,1,0.24803,1,1,0,0,0,0.79520,1.74680,0.63802,0.13103,0.00,0.04412,0.27389,0.45670,0.04627,0.09555,0.08347
0,7004,combined_fixture_stress_0_7004_hinge,combined_fixture_stress,latent_fixture_v5_no_release_cues,hinge,unknown,hinge,pivot_rotate,0.47081,1,0.24704,1,1,0,0,0,0.79530,1.74677,0.64124,0.12871,0.00,0.04304,0.26797,0.47081,0.09499,0.04793,0.07525
0,7004,combined_fixture_stress_0_7004_hinge,combined_fixture_stress,latent_fixture_v5_no_hysteresis_memory,hinge,unknown,hinge,pivot_rotate,0.49039,1,0.24567,1,0,0,0,0,0.79543,1.74672,0.64572,0.12551,0.00,0.04420,0.21370,0.49039,0.10058,0.09765,0.05348
0,7004,combined_fixture_stress_0_7004_hinge,combined_fixture_stress,latent_fixture_v5_no_particle_refinement,hinge,unknown,clamp,cautious_probe_pull,0.34721,0,0.66000,0,0,1,0,0,0.01400,2.02022,0.01634,0.00027,0.00,0.05604,0.34721,0.27688,0.11856,0.11653,0.08477
0,7004,combined_fixture_stress_0_7004_hinge,combined_fixture_stress,latent_fixture_v5_no_safety_margin,hinge,unknown,hinge,direct_translate,0.45877,1,0.17789,0,0,1,1,1,0.18221,2.66134,0.06239,0.00389,0.00,0.04237,0.24877,0.45877,0.09006,0.08708,0.07296
0,7004,combined_fixture_stress_0_7004_hinge,combined_fixture_stress,latent_fixture_v5_no_calibration,hinge,unknown,hinge,pivot_rotate,0.53409,1,0.22261,0,0,1,0,0,0.17774,1.96291,0.66096,0.43686,0.00,0.01181,0.27241,0.53409,0.06883,0.06610,0.04676
0,7004,combined_fixture_stress_0_7004_hinge,combined_fixture_stress,latent_fixture_v5_no_adaptive_probe,hinge,unknown,hinge,pivot_rotate,0.50026,1,0.17498,1,1,0,0,0,0.80250,1.74424,0.66604,0.11153,0.00,0.03182,0.24554,0.50026,0.08075,0.07774,0.06390
0,7005,combined_fixture_stress_0_7005_slot,combined_fixture_stress,latent_fixture_v5_full,slot,unknown,slot,cautious_probe_pull,0.41903,1,0.18067,1,0,0,1,1,0.68193,2.58084,0.32463,0.45612,0.00,0.03928,0.37661,0.05418,0.41903,0.06107,0.04983
0,7005,combined_fixture_stress_0_7005_slot,combined_fixture_stress,latent_fixture_v5_no_torque_features,slot,unknown,clamp,release_clamp_pull,0.44896,0,0.73000,0,0,1,1,1,0.12700,2.77507,0.01691,0.00029,0.00,0.05628,0.44896,0.06922,0.23198,0.10102,0.09254
0,7005,combined_fixture_stress_0_7005_slot,combined_fixture_stress,latent_fixture_v5_no_compliance_anisotropy,slot,unknown,clamp,release_clamp_pull,0.44807,0,0.73000,0,0,1,1,1,0.12700,2.77507,0.01691,0.00029,0.00,0.04855,0.44807,0.08687,0.22848,0.10470,0.08333
0,7005,combined_fixture_stress_0_7005_slot,combined_fixture_stress,latent_fixture_v5_no_release_cues,slot,unknown,slot,follow_slot_axis,0.42272,1,0.25041,0,0,1,0,0,0.17496,2.05828,0.65541,0.42956,0.00,0.03952,0.38605,0.05471,0.42272,0.04674,0.05026
0,7005,combined_fixture_stress_0_7005_slot,combined_fixture_stress,latent_fixture_v5_no_hysteresis_memory,slot,unknown,slot,follow_slot_axis,0.43566,1,0.24950,1,1,0,0,0,0.79505,1.84125,0.65847,0.11664,0.00,0.03994,0.35000,0.06166,0.43566,0.06754,0.04520
0,7005,combined_fixture_stress_0_7005_slot,combined_fixture_stress,latent_fixture_v5_no_particle_refinement,slot,unknown,clamp,release_clamp_pull,0.53201,0,0.66000,0,0,1,1,0,0.13400,2.77262,0.01738,0.00030,0.00,0.05076,0.53201,0.06603,0.21569,0.07480,0.06071
0,7005,combined_fixture_stress_0_7005_slot,combined_fixture_stress,latent_fixture_v5_no_safety_margin,slot,unknown,slot,cautious_probe_pull,0.41903,1,0.18067,0,0,1,1,1,0.06193,2.79784,0.31207,0.09739,0.00,0.03928,0.37661,0.05418,0.41903,0.06107,0.04983
0,7005,combined_fixture_stress_0_7005_slot,combined_fixture_stress,latent_fixture_v5_no_calibration,slot,unknown,slot,follow_slot_axis,0.49111,1,0.22562,0,0,1,0,0,0.17744,2.05741,0.67676,0.45800,0.00,0.00454,0.43724,0.02139,0.49111,0.02923,0.01650
0,7005,combined_fixture_stress_0_7005_slot,combined_fixture_stress,latent_fixture_v5_no_adaptive_probe,slot,unknown,slot,follow_slot_axis,0.46179,1,0.17767,1,1,0,0,0,0.80223,1.83874,0.68250,0.10081,0.00,0.02771,0.37847,0.04316,0.46179,0.05013,0.03874
0,7006,combined_fixture_stress_0_7006_suction,combined_fixture_stress,latent_fixture_v5_full,suction,unknown,suction,peel_then_translate,0.67991,1,0.16241,0,0,1,0,0,0.06376,2.06616,0.70388,0.49545,0.00,0.03065,0.09366,0.05699,0.07502,0.67991,0.06378
0,7006,combined_fixture_stress_0_7006_suction,combined_fixture_stress,latent_fixture_v5_no_torque_features,suction,unknown,suction,peel_then_translate,0.55071,1,0.24145,1,1,0,0,0,0.67585,1.85192,0.64207,0.12812,0.00,0.04449,0.15237,0.05631,0.09881,0.55071,0.09731
0,7006,combined_fixture_stress_0_7006_suction,combined_fixture_stress,latent_fixture_v5_no_compliance_anisotropy,suction,unknown,suction,peel_then_translate,0.71934,1,0.22965,0,0,1,0,0,0.05704,2.06851,0.68001,0.46241,0.00,0.03051,0.09255,0.05371,0.03880,0.71934,0.06509
0,7006,combined_fixture_stress_0_7006_suction,combined_fixture_stress,latent_fixture_v5_no_release_cues,suction,unknown,clamp,cautious_probe_pull,0.30075,0,0.73000,0,0,1,0,1,0.00700,2.08602,0.07069,0.00500,0.00,0.03715,0.30075,0.14685,0.25383,0.07459,0.18683
0,7006,combined_fixture_stress_0_7006_suction,combined_fixture_stress,latent_fixture_v5_no_hysteresis_memory,suction,unknown,suction,peel_then_translate,0.60217,1,0.23785,1,0,0,0,0,0.67622,1.85180,0.65361,0.11999,0.00,0.03662,0.08336,0.11176,0.11548,0.60217,0.05062
0,7006,combined_fixture_stress_0_7006_suction,combined_fixture_stress,latent_fixture_v5_no_particle_refinement,suction,unknown,suction,peel_then_translate,0.70390,1,0.16073,1,0,0,0,0,0.68393,1.84910,0.69578,0.09255,0.00,0.03913,0.08462,0.05158,0.06202,0.70390,0.05874
0,7006,combined_fixture_stress_0_7006_suction,combined_fixture_stress,latent_fixture_v5_no_safety_margin,suction,unknown,suction,peel_then_translate,0.67991,1,0.16241,1,1,0,0,0,0.68376,1.84916,0.69023,0.09596,0.00,0.03065,0.09366,0.05699,0.07502,0.67991,0.06378
0,7006,combined_fixture_stress_0_7006_suction,combined_fixture_stress,latent_fixture_v5_no_calibration,suction,unknown,suction,peel_then_translate,0.77731,1,0.20559,1,1,0,0,0,0.67944,1.85067,0.69876,0.09075,0.00,0.00265,0.07971,0.03671,0.05942,0.77731,0.04420
0,7006,combined_fixture_stress_0_7006_suction,combined_fixture_stress,latent_fixture_v5_no_adaptive_probe,suction,unknown,suction,peel_then_translate,0.70648,1,0.16055,1,1,0,0,0,0.68395,1.84909,0.69638,0.09219,0.00,0.02140,0.09044,0.05150,0.07172,0.70648,0.05846
0,7007,combined_fixture_stress_0_7007_tether,combined_fixture_stress,latent_fixture_v5_full,tether,unknown,tether,unwind_tether,0.42209,1,0.18045,0,0,1,0,0,0.06195,2.08573,0.62676,0.39283,0.00,0.04095,0.25352,0.07691,0.10880,0.09773,0.42209
0,7007,combined_fixture_stress_0_7007_tether,combined_fixture_stress,latent_fixture_v5_no_torque_features,tether,unknown,tether,cautious_probe_pull,0.33439,1,0.25659,0,0,1,1,0,0.05434,2.78840,0.21962,0.04823,0.00,0.06004,0.30113,0.06628,0.12713,0.11102,0.33439
0,7007,combined_fixture_stress_0_7007_tether,combined_fixture_stress,latent_fixture_v5_no_compliance_anisotropy,tether,unknown,tether,unwind_tether,0.45646,1,0.24805,1,1,0,0,0,0.67520,1.87110,0.60405,0.15678,0.00,0.03920,0.27618,0.08056,0.05046,0.09714,0.45646
0,7007,combined_fixture_stress_0_7007_tether,combined_fixture_stress,latent_fixture_v5_no_release_cues,tether,unknown,tether,unwind_tether,0.43779,1,0.24936,1,1,0,0,0,0.67506,1.87114,0.60000,0.16000,0.00,0.04174,0.25871,0.07902,0.11253,0.07022,0.43779
0,7007,combined_fixture_stress_0_7007_tether,combined_fixture_stress,latent_fixture_v5_no_hysteresis_memory,tether,unknown,slot,cautious_probe_pull,0.27338,0,0.73000,0,0,1,0,0,0.00700,2.10496,0.10188,0.01038,0.00,0.06606,0.25390,0.16702,0.27338,0.13785,0.10178
0,7007,combined_fixture_stress_0_7007_tether,combined_fixture_stress,latent_fixture_v5_no_particle_refinement,tether,unknown,tether,cautious_probe_pull,0.37712,1,0.18360,1,1,0,1,0,0.68164,2.56884,0.24092,0.57620,0.00,0.04532,0.30807,0.07196,0.10966,0.08787,0.37712
0,7007,combined_fixture_stress_0_7007_tether,combined_fixture_stress,latent_fixture_v5_no_safety_margin,tether,unknown,tether,direct_translate,0.42209,1,0.18045,0,0,1,1,0,0.18195,2.74373,0.12804,0.01640,0.00,0.04095,0.25352,0.07691,0.10880,0.09773,0.42209
0,7007,combined_fixture_stress_0_7007_tether,combined_fixture_stress,latent_fixture_v5_no_calibration,tether,unknown,tether,unwind_tether,0.47538,1,0.22672,1,1,0,0,0,0.67733,1.87035,0.61328,0.14955,0.00,0.01558,0.26879,0.05942,0.09604,0.08479,0.47538
0,7007,combined_fixture_stress_0_7007_tether,combined_fixture_stress,latent_fixture_v5_no_adaptive_probe,tether,unknown,tether,unwind_tether,0.44270,1,0.17901,1,1,0,0,0,0.68210,1.86868,0.61878,0.14533,0.00,0.03293,0.25238,0.07221,0.10490,0.09489,0.44270
0,7008,combined_fixture_stress_0_7008_free,combined_fixture_stress,latent_fixture_v5_full,free,tether,free,cautious_probe_pull,0.41230,1,0.18114,1,1,0,0,1,0.68189,1.82758,0.49087,0.25921,0.00,0.41230,0.09334,0.16225,0.10134,0.08179,0.14898
0,7008,combined_fixture_stress_0_7008_free,combined_fixture_stress,latent_fixture_v5_no_torque_features,free,tether,free,cautious_probe_pull,0.26320,1,0.26158,1,0,0,1,0,0.67384,2.53039,0.43528,0.31890,0.00,0.26320,0.13852,0.07402,0.17030,0.12707,0.22690
0,7008,combined_fixture_stress_0_7008_free,combined_fixture_stress,latent_fixture_v5_no_compliance_anisotropy,free,tether,free,cautious_probe_pull,0.34924,1,0.25555,1,1,0,0,0,0.67444,1.83018,0.44997,0.30253,0.00,0.34924,0.10231,0.21099,0.06394,0.09345,0.18008
0,7008,combined_fixture_stress_0_7008_free,combined_fixture_stress,latent_fixture_v5_no_release_cues,free,tether,free,cautious_probe_pull,0.41777,1,0.25076,1,0,0,0,1,0.67492,1.83001,0.46174,0.28973,0.00,0.41777,0.09872,0.17404,0.10755,0.04536,0.15656
0,7008,combined_fixture_stress_0_7008_free,combined_fixture_stress,latent_fixture_v5_no_hysteresis_memory,free,tether,free,direct_translate,0.42725,1,0.25009,1,1,0,0,0,0.79499,1.78799,0.72365,0.07637,0.00,0.42725,0.08197,0.19235,0.11660,0.09258,0.08924
0,7008,combined_fixture_stress_0_7008_free,combined_fixture_stress,latent_fixture_v5_no_particle_refinement,free,tether,hinge,cautious_probe_pull,0.22782,0,0.66000,1,1,0,1,0,0.63400,2.54434,0.33617,0.44067,0.00,0.18212,0.13002,0.22782,0.14063,0.11330,0.20612
0,7008,combined_fixture_stress_0_7008_free,combined_fixture_stress,latent_fixture_v5_no_safety_margin,free,tether,free,cautious_probe_pull,0.41230,1,0.18114,0,0,1,1,0,0.06189,2.74458,0.47834,0.22881,0.00,0.41230,0.09334,0.16225,0.10134,0.08179,0.14898
0,7008,combined_fixture_stress_0_7008_free,combined_fixture_stress,latent_fixture_v5_no_calibration,free,tether,free,direct_translate,0.50009,1,0.22499,1,1,0,0,0,0.79750,1.78711,0.74771,0.06365,0.00,0.50009,0.07733,0.16514,0.08573,0.06156,0.11015
0,7008,combined_fixture_stress_0_7008_free,combined_fixture_stress,latent_fixture_v5_no_adaptive_probe,free,tether,free,direct_translate,0.46256,1,0.17762,1,1,0,0,0,0.80224,1.78545,0.75064,0.06218,0.00,0.46256,0.08473,0.15626,0.09257,0.07246,0.13142
0,7009,combined_fixture_stress_0_7009_clamp,combined_fixture_stress,latent_fixture_v5_full,clamp,unknown,suction,peel_then_translate,0.42284,0,0.66000,0,0,1,1,1,0.01400,2.89221,0.01677,0.00028,0.00,0.03209,0.27063,0.05662,0.03873,0.42284,0.17909
0,7009,combined_fixture_stress_0_7009_clamp,combined_fixture_stress,latent_fixture_v5_no_torque_features,clamp,unknown,suction,peel_then_translate,0.43220,0,0.73000,0,0,1,0,1,0.00700,2.19466,0.01682,0.00028,0.00,0.04235,0.23266,0.05351,0.05766,0.43220,0.18161
0,7009,combined_fixture_stress_0_7009_clamp,combined_fixture_stress,latent_fixture_v5_no_compliance_anisotropy,clamp,unknown,suction,cautious_probe_pull,0.41534,0,0.73000,0,0,1,1,1,0.00700,2.89466,0.03170,0.00100,0.00,0.03176,0.28832,0.05597,0.03515,0.41534,0.17346
0,7009,combined_fixture_stress_0_7009_clamp,combined_fixture_stress,latent_fixture_v5_no_release_cues,clamp,unknown,tether,cautious_probe_pull,0.41380,0,0.73000,0,0,1,0,1,0.00700,2.19466,0.03168,0.00100,0.00,0.03239,0.35795,0.08984,0.04801,0.05801,0.41380
0,7009,combined_fixture_stress_0_7009_clamp,combined_fixture_stress,latent_fixture_v5_no_hysteresis_memory,clamp,unknown,suction,peel_then_translate,0.56417,0,0.73000,0,0,1,0,1,0.00700,2.19466,0.01756,0.00031,0.00,0.03695,0.13033,0.13140,0.06591,0.56417,0.07125
0,7009,combined_fixture_stress_0_7009_clamp,combined_fixture_stress,latent_fixture_v5_no_particle_refinement,clamp,unknown,suction,peel_then_translate,0.52600,0,0.66000,0,0,1,1,0,0.01400,2.89221,0.01735,0.00030,0.00,0.04094,0.16197,0.05775,0.04558,0.52600,0.16775
0,7009,combined_fixture_stress_0_7009_clamp,combined_fixture_stress,latent_fixture_v5_no_safety_margin,clamp,unknown,suction,direct_translate,0.42284,0,0.66000,0,0,1,1,0,0.13400,2.85021,0.01677,0.00028,0.00,0.03209,0.27063,0.05662,0.03873,0.42284,0.17909
0,7009,combined_fixture_stress_0_7009_clamp,combined_fixture_stress,latent_fixture_v5_no_calibration,clamp,unknown,suction,peel_then_translate,0.46868,0,0.71000,0,0,1,1,0,0.00900,2.89396,0.01702,0.00029,0.00,0.00261,0.30801,0.03244,0.01060,0.46868,0.17767
0,7009,combined_fixture_stress_0_7009_clamp,combined_fixture_stress,latent_fixture_v5_no_adaptive_probe,clamp,unknown,suction,peel_then_translate,0.42575,0,0.66000,0,0,1,1,0,0.01400,2.89221,0.01678,0.00028,0.00,0.02236,0.29314,0.04929,0.02961,0.42575,0.17985
1,7000,combined_fixture_stress_1_7000_free,combined_fixture_stress,latent_fixture_v5_full,free,unknown,free,cautious_probe_pull,0.41264,1,0.18112,1,1,0,1,0,0.68189,2.56162,0.49093,0.25915,0.00,0.41264,0.10838,0.17190,0.11707,0.09708,0.09293
1,7000,combined_fixture_stress_1_7000_free,combined_fixture_stress,latent_fixture_v5_no_torque_features,free,unknown,slot,cautious_probe_pull,0.19989,0,0.73000,0,0,1,0,1,0.00700,2.09784,0.31652,0.10018,0.00,0.19689,0.16875,0.08835,0.19989,0.16456,0.18156
1,7000,combined_fixture_stress_1_7000_free,combined_fixture_stress,latent_fixture_v5_no_compliance_anisotropy,free,unknown,free,cautious_probe_pull,0.29788,1,0.25915,1,1,0,1,0,0.67409,2.56436,0.44119,0.31226,0.00,0.29788,0.12204,0.24257,0.08386,0.11733,0.13633
1,7000,combined_fixture_stress_1_7000_free,combined_fixture_stress,latent_fixture_v5_no_release_cues,free,unknown,free,direct_translate,0.42006,1,0.25060,1,1,0,0,0,0.79494,1.82206,0.72179,0.07740,0.00,0.42006,0.11660,0.18710,0.12620,0.05121,0.09882
1,7000,combined_fixture_stress_1_7000_free,combined_fixture_stress,latent_fixture_v5_no_hysteresis_memory,free,unknown,free,direct_translate,0.42646,1,0.25015,1,1,0,0,0,0.79499,1.82204,0.72345,0.07648,0.00,0.42646,0.09156,0.19324,0.12821,0.10614,0.05440
1,7000,combined_fixture_stress_1_7000_free,combined_fixture_stress,latent_fixture_v5_no_particle_refinement,free,unknown,hinge,cautious_probe_pull,0.23834,0,0.66000,0,0,1,0,1,0.01400,2.09539,0.33743,0.11386,0.00,0.19242,0.15101,0.23834,0.15908,0.13359,0.12556
1,7000,combined_fixture_stress_1_7000_free,combined_fixture_stress,latent_fixture_v5_no_safety_margin,free,unknown,free,cautious_probe_pull,0.41264,1,0.18112,0,0,1,1,0,0.06189,2.77862,0.47840,0.22887,0.00,0.41264,0.10838,0.17190,0.11707,0.09708,0.09293
1,7000,combined_fixture_stress_1_7000_free,combined_fixture_stress,latent_fixture_v5_no_calibration,free,unknown,free,direct_translate,0.49143,1,0.22560,1,1,0,0,0,0.79744,1.82118,0.74544,0.06480,0.00,0.49143,0.09347,0.16997,0.09914,0.07662,0.06937
1,7000,combined_fixture_stress_1_7000_free,combined_fixture_stress,latent_fixture_v5_no_adaptive_probe,free,unknown,free,direct_translate,0.45917,1,0.17786,1,1,0,0,0,0.80221,1.81951,0.74974,0.06263,0.00,0.45917,0.09947,0.16438,0.10733,0.08716,0.08249
1,7001,combined_fixture_stress_1_7001_clamp,combined_fixture_stress,latent_fixture_v5_full,clamp,clamp,suction,peel_then_translate,0.42334,0,0.66000,0,0,1,0,0,0.01400,2.06630,0.01677,0.00028,0.00,0.02778,0.32863,0.04162,0.05052,0.42334,0.12812
1,7001,combined_fixture_stress_1_7001_clamp,combined_fixture_stress,latent_fixture_v5_no_torque_features,clamp,clamp,suction,cautious_probe_pull,0.41295,0,0.73000,0,0,1,1,0,0.00700,2.76875,0.03167,0.00100,0.00,0.03453,0.27579,0.05175,0.07284,0.41295,0.15214
1,7001,combined_fixture_stress_1_7001_clamp,combined_fixture_stress,latent_fixture_v5_no_compliance_anisotropy,clamp,clamp,suction,peel_then_translate,0.43361,0,0.73000,0,0,1,1,1,0.00700,2.76875,0.01683,0.00028,0.00,0.02787,0.32929,0.04120,0.03285,0.43361,0.13518
1,7001,combined_fixture_stress_1_7001_clamp,combined_fixture_stress,latent_fixture_v5_no_release_cues,clamp,clamp,clamp,release_clamp_pull,0.46403,1,0.24752,1,1,0,0,0,0.79525,1.79286,0.61420,0.14884,0.00,0.02936,0.46403,0.06243,0.08523,0.06551,0.29344
1,7001,combined_fixture_stress_1_7001_clamp,combined_fixture_stress,latent_fixture_v5_no_hysteresis_memory,clamp,clamp,suction,peel_then_translate,0.50571,0,0.73000,0,0,1,1,1,0.00700,2.76875,0.01723,0.00030,0.00,0.03169,0.20601,0.09086,0.10265,0.50571,0.06308
1,7001,combined_fixture_stress_1_7001_clamp,combined_fixture_stress,latent_fixture_v5_no_particle_refinement,clamp,clamp,suction,peel_then_translate,0.49569,0,0.66000,0,0,1,0,0,0.01400,2.06630,0.01718,0.00030,0.00,0.03643,0.25023,0.04494,0.05504,0.49569,0.11767
1,7001,combined_fixture_stress_1_7001_clamp,combined_fixture_stress,latent_fixture_v5_no_safety_margin,clamp,clamp,suction,direct_translate,0.42334,0,0.66000,0,0,1,1,0,0.13400,2.72430,0.01677,0.00028,0.00,0.02778,0.32863,0.04162,0.05052,0.42334,0.12812
1,7001,combined_fixture_stress_1_7001_clamp,combined_fixture_stress,latent_fixture_v5_no_calibration,clamp,clamp,suction,peel_then_translate,0.47690,0,0.71000,0,0,1,1,0,0.00900,2.76805,0.01707,0.00029,0.00,0.00128,0.35048,0.01867,0.02887,0.47690,0.12380
1,7001,combined_fixture_stress_1_7001_clamp,combined_fixture_stress,latent_fixture_v5_no_adaptive_probe,clamp,clamp,suction,peel_then_translate,0.43177,0,0.66000,0,0,1,1,0,0.01400,2.76630,0.01682,0.00028,0.00,0.01896,0.34334,0.03443,0.04358,0.43177,0.12792
1,7002,combined_fixture_stress_1_7002_hinge,combined_fixture_stress,latent_fixture_v5_full,hinge,unknown,hinge,pivot_rotate,0.45958,1,0.17783,1,1,0,0,0,0.80222,1.85927,0.66923,0.10941,0.00,0.03975,0.22693,0.45958,0.11521,0.07503,0.08351
1,7002,combined_fixture_stress_1_7002_hinge,combined_fixture_stress,latent_fixture_v5_no_torque_features,hinge,unknown,clamp,cautious_probe_pull,0.37091,0,0.73000,0,0,1,1,0,0.00700,2.83760,0.01648,0.00027,0.00,0.05564,0.37091,0.09729,0.18903,0.13401,0.15311
1,7002,combined_fixture_stress_1_7002_hinge,combined_fixture_stress,latent_fixture_v5_no_compliance_anisotropy,hinge,unknown,hinge,pivot_rotate,0.46124,1,0.24771,0,0,1,0,0,0.17523,2.07872,0.63906,0.40839,0.00,0.04429,0.26086,0.46124,0.04684,0.08435,0.10241
1,7002,combined_fixture_stress_1_7002_hinge,combined_fixture_stress,latent_fixture_v5_no_release_cues,hinge,unknown,hinge,pivot_rotate,0.47030,1,0.24708,1,1,0,0,0,0.79529,1.86170,0.64113,0.12879,0.00,0.04015,0.23840,0.47030,0.12053,0.04500,0.08561
1,7002,combined_fixture_stress_1_7002_hinge,combined_fixture_stress,latent_fixture_v5_no_hysteresis_memory,hinge,unknown,hinge,pivot_rotate,0.49932,1,0.24505,1,1,0,0,0,0.79550,1.86162,0.64777,0.12407,0.00,0.04050,0.18816,0.49932,0.13316,0.08422,0.05466
1,7002,combined_fixture_stress_1_7002_hinge,combined_fixture_stress,latent_fixture_v5_no_particle_refinement,hinge,unknown,clamp,cautious_probe_pull,0.30764,0,0.66000,0,0,1,0,0,0.01400,2.13515,0.01612,0.00026,0.00,0.05132,0.30764,0.30218,0.14964,0.09824,0.09098
1,7002,combined_fixture_stress_1_7002_hinge,combined_fixture_stress,latent_fixture_v5_no_safety_margin,hinge,unknown,hinge,direct_translate,0.45958,1,0.17783,0,0,1,1,1,0.18222,2.77627,0.06242,0.00390,0.00,0.03975,0.22693,0.45958,0.11521,0.07503,0.08351
1,7002,combined_fixture_stress_1_7002_hinge,combined_fixture_stress,latent_fixture_v5_no_calibration,hinge,unknown,hinge,pivot_rotate,0.53342,1,0.22266,1,1,0,0,0,0.79773,1.86084,0.66080,0.11506,0.00,0.01046,0.24061,0.53342,0.10090,0.05290,0.06170
1,7002,combined_fixture_stress_1_7002_hinge,combined_fixture_stress,latent_fixture_v5_no_adaptive_probe,hinge,unknown,hinge,pivot_rotate,0.49806,1,0.17514,1,1,0,0,0,0.80249,1.85918,0.66553,0.11187,0.00,0.02979,0.22258,0.49806,0.10734,0.06600,0.07622
1,7003,combined_fixture_stress_1_7003_slot,combined_fixture_stress,latent_fixture_v5_full,slot,slot,slot,follow_slot_axis,0.43791,1,0.17935,1,1,0,0,0,0.80207,1.87669,0.68934,0.09651,0.00,0.03813,0.35638,0.05893,0.43791,0.05771,0.05094
1,7003,combined_fixture_stress_1_7003_slot,combined_fixture_stress,latent_fixture_v5_no_torque_features,slot,slot,clamp,release_clamp_pull,0.42402,0,0.73000,0,0,1,0,0,0.12700,2.11296,0.01677,0.00028,0.00,0.05193,0.42402,0.06844,0.25637,0.09979,0.09946
1,7003,combined_fixture_stress_1_7003_slot,combined_fixture_stress,latent_fixture_v5_no_compliance_anisotropy,slot,slot,clamp,release_clamp_pull,0.43779,0,0.73000,0,0,1,1,1,0.12700,2.81296,0.01685,0.00028,0.00,0.04741,0.43779,0.09359,0.25309,0.08404,0.08408
1,7003,combined_fixture_stress_1_7003_slot,combined_fixture_stress,latent_fixture_v5_no_release_cues,slot,slot,slot,follow_slot_axis,0.44175,1,0.24908,1,1,0,0,0,0.79509,1.87913,0.65991,0.11566,0.00,0.03836,0.36430,0.05945,0.44175,0.04481,0.05133
1,7003,combined_fixture_stress_1_7003_slot,combined_fixture_stress,latent_fixture_v5_no_hysteresis_memory,slot,slot,slot,follow_slot_axis,0.45418,1,0.24821,0,0,1,0,0,0.17518,2.09610,0.66286,0.43938,0.00,0.04031,0.32657,0.06849,0.45418,0.06262,0.04782
1,7003,combined_fixture_stress_1_7003_slot,combined_fixture_stress,latent_fixture_v5_no_particle_refinement,slot,slot,clamp,release_clamp_pull,0.50248,0,0.66000,0,0,1,0,0,0.13400,2.11051,0.01721,0.00030,0.00,0.04574,0.50248,0.06209,0.26745,0.06683,0.05540
1,7003,combined_fixture_stress_1_7003_slot,combined_fixture_stress,latent_fixture_v5_no_safety_margin,slot,slot,slot,direct_translate,0.43791,1,0.17935,1,1,0,1,1,0.80207,2.57669,0.24697,0.56706,0.00,0.03813,0.35638,0.05893,0.43791,0.05771,0.05094
1,7003,combined_fixture_stress_1_7003_slot,combined_fixture_stress,latent_fixture_v5_no_calibration,slot,slot,slot,follow_slot_axis,0.48613,1,0.22597,1,1,0,0,0,0.79740,1.87832,0.67557,0.10525,0.00,0.00887,0.41597,0.03358,0.48613,0.03129,0.02415
1,7003,combined_fixture_stress_1_7003_slot,combined_fixture_stress,latent_fixture_v5_no_adaptive_probe,slot,slot,slot,follow_slot_axis,0.47011,1,0.17709,1,1,0,0,0,0.80229,1.87661,0.68452,0.09953,0.00,0.02860,0.35890,0.05104,0.47011,0.04887,0.04247
1,7004,combined_fixture_stress_1_7004_suction,combined_fixture_stress,latent_fixture_v5_full,suction,unknown,suction,peel_then_translate,0.63109,1,0.16582,1,1,0,0,0,0.68342,1.74080,0.69239,0.09462,0.00,0.03204,0.12071,0.06430,0.06751,0.63109,0.08435
1,7004,combined_fixture_stress_1_7004_suction,combined_fixture_stress,latent_fixture_v5_no_torque_features,suction,unknown,suction,peel_then_translate,0.53542,1,0.24252,1,1,0,0,0,0.67575,1.74348,0.63865,0.13058,0.00,0.04105,0.16512,0.05854,0.08448,0.53542,0.11538
1,7004,combined_fixture_stress_1_7004_suction,combined_fixture_stress,latent_fixture_v5_no_compliance_anisotropy,suction,unknown,suction,peel_then_translate,0.63609,1,0.23547,1,1,0,0,0,0.67645,1.74324,0.66124,0.11476,0.00,0.03297,0.12597,0.06420,0.04842,0.63609,0.09236
1,7004,combined_fixture_stress_1_7004_suction,combined_fixture_stress,latent_fixture_v5_no_release_cues,suction,unknown,clamp,cautious_probe_pull,0.34046,0,0.73000,0,0,1,0,1,0.00700,1.97754,0.07167,0.00514,0.00,0.03967,0.34046,0.13990,0.16117,0.09563,0.22317
1,7004,combined_fixture_stress_1_7004_suction,combined_fixture_stress,latent_fixture_v5_no_hysteresis_memory,suction,unknown,suction,peel_then_translate,0.58584,1,0.23899,1,1,0,0,0,0.67610,1.74336,0.64995,0.12254,0.00,0.03903,0.10008,0.11970,0.09620,0.58584,0.05915
1,7004,combined_fixture_stress_1_7004_suction,combined_fixture_stress,latent_fixture_v5_no_particle_refinement,suction,unknown,suction,peel_then_translate,0.66799,1,0.16324,1,1,0,0,0,0.68368,1.74071,0.68747,0.09768,0.00,0.03989,0.10745,0.05317,0.05869,0.66799,0.07281
1,7004,combined_fixture_stress_1_7004_suction,combined_fixture_stress,latent_fixture_v5_no_safety_margin,suction,unknown,suction,peel_then_translate,0.63109,1,0.16582,1,1,0,0,0,0.68342,1.74080,0.67894,0.10308,0.00,0.03204,0.12071,0.06430,0.06751,0.63109,0.08435
1,7004,combined_fixture_stress_1_7004_suction,combined_fixture_stress,latent_fixture_v5_no_calibration,suction,unknown,suction,peel_then_translate,0.71801,1,0.20974,1,1,0,0,0,0.67903,1.74233,0.68524,0.09908,0.00,0.00427,0.11207,0.04680,0.04946,0.71801,0.06940
1,7004,combined_fixture_stress_1_7004_suction,combined_fixture_stress,latent_fixture_v5_no_adaptive_probe,suction,unknown,suction,peel_then_translate,0.65318,1,0.16428,1,1,0,0,0,0.68357,1.74074,0.68404,0.09983,0.00,0.02293,0.11952,0.06024,0.06304,0.65318,0.08110
1,7005,combined_fixture_stress_1_7005_tether,combined_fixture_stress,latent_fixture_v5_full,tether,unknown,tether,unwind_tether,0.42918,1,0.17996,1,1,0,0,0,0.68200,2.02833,0.62838,0.13811,0.00,0.03688,0.28160,0.10152,0.06922,0.08161,0.42918
1,7005,combined_fixture_stress_1_7005_tether,combined_fixture_stress,latent_fixture_v5_no_torque_features,tether,unknown,clamp,cautious_probe_pull,0.35742,0,0.73000,0,0,1,1,0,0.00700,2.96458,0.10489,0.01100,0.00,0.04861,0.35742,0.06783,0.09556,0.11240,0.31819
1,7005,combined_fixture_stress_1_7005_tether,combined_fixture_stress,latent_fixture_v5_no_compliance_anisotropy,tether,unknown,tether,unwind_tether,0.43098,1,0.24983,1,1,0,0,0,0.67502,2.03077,0.59852,0.16119,0.00,0.03658,0.29647,0.10426,0.04884,0.08286,0.43098
1,7005,combined_fixture_stress_1_7005_tether,combined_fixture_stress,latent_fixture_v5_no_release_cues,tether,unknown,tether,unwind_tether,0.43868,1,0.24929,0,0,1,0,0,0.05507,2.24775,0.60019,0.36023,0.00,0.03732,0.28852,0.10355,0.07056,0.06139,0.43868
1,7005,combined_fixture_stress_1_7005_tether,combined_fixture_stress,latent_fixture_v5_no_hysteresis_memory,tether,unknown,clamp,cautious_probe_pull,0.28833,0,0.73000,0,0,1,1,1,0.00700,2.96458,0.10241,0.01049,0.00,0.05559,0.28833,0.28687,0.15906,0.11275,0.09741
1,7005,combined_fixture_stress_1_7005_tether,combined_fixture_stress,latent_fixture_v5_no_particle_refinement,tether,unknown,clamp,cautious_probe_pull,0.36455,0,0.66000,0,0,1,0,0,0.01400,2.26213,0.12241,0.01498,0.00,0.04418,0.36455,0.09828,0.07306,0.07950,0.34042
1,7005,combined_fixture_stress_1_7005_tether,combined_fixture_stress,latent_fixture_v5_no_safety_margin,tether,unknown,tether,direct_translate,0.42918,1,0.17996,0,0,1,0,1,0.18200,2.20333,0.12847,0.01651,0.00,0.03688,0.28160,0.10152,0.06922,0.08161,0.42918
1,7005,combined_fixture_stress_1_7005_tether,combined_fixture_stress,latent_fixture_v5_no_calibration,tether,unknown,tether,unwind_tether,0.48823,1,0.22582,1,1,0,0,0,0.67742,2.02993,0.61610,0.14738,0.00,0.00935,0.30468,0.08678,0.04771,0.06324,0.48823
1,7005,combined_fixture_stress_1_7005_tether,combined_fixture_stress,latent_fixture_v5_no_adaptive_probe,tether,unknown,tether,unwind_tether,0.45608,1,0.17807,0,0,1,0,0,0.06219,2.24526,0.62177,0.38660,0.00,0.02790,0.27982,0.09746,0.06239,0.07634,0.45608
1,7006,combined_fixture_stress_1_7006_free,combined_fixture_stress,latent_fixture_v5_full,free,unknown,free,cautious_probe_pull,0.40665,1,0.18153,1,1,0,1,0,0.68185,2.64463,0.48984,0.26026,0.00,0.40665,0.12573,0.11254,0.12816,0.11103,0.11588
1,7006,combined_fixture_stress_1_7006_free,combined_fixture_stress,latent_fixture_v5_no_torque_features,free,unknown,tether,cautious_probe_pull,0.19490,0,0.73000,0,0,1,0,0,0.00700,2.18083,0.31595,0.09982,0.00,0.18839,0.17649,0.09474,0.18267,0.16280,0.19490
1,7006,combined_fixture_stress_1_7006_free,combined_fixture_stress,latent_fixture_v5_no_compliance_anisotropy,free,unknown,free,cautious_probe_pull,0.29311,1,0.25948,0,0,1,0,1,0.05405,2.16436,0.44038,0.19394,0.00,0.29311,0.14481,0.16240,0.09528,0.13423,0.17017
1,7006,combined_fixture_stress_1_7006_free,combined_fixture_stress,latent_fixture_v5_no_release_cues,free,unknown,free,cautious_probe_pull,0.41765,1,0.25076,1,1,0,0,0,0.67492,1.94706,0.46172,0.28975,0.00,0.41765,0.13860,0.12225,0.14004,0.05590,0.12556
1,7006,combined_fixture_stress_1_7006_free,combined_fixture_stress,latent_fixture_v5_no_hysteresis_memory,free,unknown,free,direct_translate,0.42976,1,0.24992,1,1,0,0,1,0.79501,1.90503,0.72430,0.07601,0.00,0.42976,0.10814,0.12711,0.14379,0.12570,0.06549
1,7006,combined_fixture_stress_1_7006_free,combined_fixture_stress,latent_fixture_v5_no_particle_refinement,free,unknown,free,cautious_probe_pull,0.20694,1,0.19551,1,1,0,0,1,0.68045,1.94512,0.44206,0.31129,0.00,0.20694,0.17523,0.14857,0.16846,0.15108,0.14972
1,7006,combined_fixture_stress_1_7006_free,combined_fixture_stress,latent_fixture_v5_no_safety_margin,free,unknown,free,cautious_probe_pull,0.40665,1,0.18153,1,1,0,1,0,0.68185,2.64463,0.47734,0.27318,0.00,0.40665,0.12573,0.11254,0.12816,0.11103,0.11588
1,7006,combined_fixture_stress_1_7006_free,combined_fixture_stress,latent_fixture_v5_no_calibration,free,unknown,free,direct_translate,0.48195,1,0.22626,1,1,0,0,0,0.79737,1.90420,0.74297,0.06607,0.00,0.48195,0.11756,0.09464,0.11307,0.09532,0.09746
1,7006,combined_fixture_stress_1_7006_free,combined_fixture_stress,latent_fixture_v5_no_adaptive_probe,free,unknown,free,direct_translate,0.45000,1,0.17850,1,1,0,0,0,0.80215,1.90253,0.74731,0.06385,0.00,0.45000,0.11812,0.10343,0.11945,0.10216,0.10685
1,7007,combined_fixture_stress_1_7007_clamp,combined_fixture_stress,latent_fixture_v5_full,clamp,unknown,suction,peel_then_translate,0.45616,0,0.66000,0,0,1,1,0,0.01400,2.86484,0.01695,0.00029,0.00,0.02949,0.24540,0.04321,0.05209,0.45616,0.17365
1,7007,combined_fixture_stress_1_7007_clamp,combined_fixture_stress,latent_fixture_v5_no_torque_features,clamp,unknown,suction,cautious_probe_pull,0.40063,0,0.73000,0,0,1,0,0,0.00700,2.16729,0.03154,0.00099,0.00,0.03690,0.24145,0.05484,0.07352,0.40063,0.19267
1,7007,combined_fixture_stress_1_7007_clamp,combined_fixture_stress,latent_fixture_v5_no_compliance_anisotropy,clamp,unknown,suction,peel_then_translate,0.45032,0,0.73000,0,0,1,0,0,0.00700,2.16729,0.01692,0.00029,0.00,0.02979,0.25328,0.04417,0.03887,0.45032,0.18358
1,7007,combined_fixture_stress_1_7007_clamp,combined_fixture_stress,latent_fixture_v5_no_release_cues,clamp,unknown,clamp,cautious_probe_pull,0.38362,1,0.25315,0,0,1,1,1,0.05469,2.85060,0.14973,0.02242,0.00,0.03195,0.38362,0.06024,0.08050,0.09483,0.34886
1,7007,combined_fixture_stress_1_7007_clamp,combined_fixture_stress,latent_fixture_v5_no_hysteresis_memory,clamp,unknown,suction,peel_then_translate,0.54701,0,0.73000,0,0,1,1,0,0.00700,2.86729,0.01746,0.00030,0.00,0.03450,0.14381,0.08766,0.12194,0.54701,0.06509
1,7007,combined_fixture_stress_1_7007_clamp,combined_fixture_stress,latent_fixture_v5_no_particle_refinement,clamp,unknown,suction,peel_then_translate,0.48539,0,0.66000,0,0,1,1,1,0.01400,2.86484,0.01712,0.00029,0.00,0.03855,0.20221,0.04948,0.05533,0.48539,0.16904
1,7007,combined_fixture_stress_1_7007_clamp,combined_fixture_stress,latent_fixture_v5_no_safety_margin,clamp,unknown,suction,direct_translate,0.45616,0,0.66000,0,0,1,0,1,0.13400,2.12284,0.01695,0.00029,0.00,0.02949,0.24540,0.04321,0.05209,0.45616,0.17365
1,7007,combined_fixture_stress_1_7007_clamp,combined_fixture_stress,latent_fixture_v5_no_calibration,clamp,unknown,suction,peel_then_translate,0.51079,0,0.71000,0,0,1,1,0,0.00900,2.86659,0.01726,0.00030,0.00,0.00158,0.26593,0.01812,0.02911,0.51079,0.17447
1,7007,combined_fixture_stress_1_7007_clamp,combined_fixture_stress,latent_fixture_v5_no_adaptive_probe,clamp,unknown,suction,peel_then_translate,0.46941,0,0.66000,0,0,1,0,0,0.01400,2.16484,0.01703,0.00029,0.00,0.02021,0.25604,0.03507,0.04489,0.46941,0.17438
1,7008,combined_fixture_stress_1_7008_hinge,combined_fixture_stress,latent_fixture_v5_full,hinge,unknown,hinge,pivot_rotate,0.47550,1,0.17672,1,1,0,0,0,0.80233,1.73289,0.67303,0.10691,0.00,0.04252,0.25335,0.47550,0.06240,0.08444,0.08180
1,7008,combined_fixture_stress_1_7008_hinge,combined_fixture_stress,latent_fixture_v5_no_torque_features,hinge,unknown,clamp,cautious_probe_pull,0.41243,0,0.73000,0,0,1,1,1,0.00700,2.71125,0.01671,0.00028,0.00,0.06240,0.41243,0.09939,0.11492,0.15237,0.15849
1,7008,combined_fixture_stress_1_7008_hinge,combined_fixture_stress,latent_fixture_v5_no_compliance_anisotropy,hinge,unknown,hinge,pivot_rotate,0.47789,1,0.24655,0,0,1,0,0,0.17535,1.95233,0.64286,0.41327,0.00,0.04322,0.26265,0.47789,0.04492,0.08671,0.08461
1,7008,combined_fixture_stress_1_7008_hinge,combined_fixture_stress,latent_fixture_v5_no_release_cues,hinge,unknown,hinge,pivot_rotate,0.48906,1,0.24577,1,1,0,0,0,0.79542,1.73530,0.64542,0.12573,0.00,0.04314,0.27128,0.48906,0.06457,0.04765,0.08430
1,7008,combined_fixture_stress_1_7008_hinge,combined_fixture_stress,latent_fixture_v5_no_hysteresis_memory,hinge,unknown,hinge,pivot_rotate,0.51428,1,0.24400,1,1,0,0,0,0.79560,1.73524,0.65120,0.12166,0.00,0.04401,0.21798,0.51428,0.06876,0.09661,0.05835
1,7008,combined_fixture_stress_1_7008_hinge,combined_fixture_stress,latent_fixture_v5_no_particle_refinement,hinge,unknown,clamp,cautious_probe_pull,0.34952,0,0.66000,0,0,1,1,0,0.01400,2.70880,0.01636,0.00027,0.00,0.05469,0.34952,0.31428,0.07975,0.11172,0.09004
1,7008,combined_fixture_stress_1_7008_hinge,combined_fixture_stress,latent_fixture_v5_no_safety_margin,hinge,unknown,hinge,direct_translate,0.47550,1,0.17672,1,0,0,1,1,0.80233,2.43289,0.06303,0.87790,0.00,0.04252,0.25335,0.47550,0.06240,0.08444,0.08180
1,7008,combined_fixture_stress_1_7008_hinge,combined_fixture_stress,latent_fixture_v5_no_calibration,hinge,unknown,hinge,pivot_rotate,0.55089,1,0.22144,1,1,0,0,0,0.79786,1.73445,0.66484,0.11233,0.00,0.01318,0.27623,0.55089,0.03667,0.06404,0.05900
1,7008,combined_fixture_stress_1_7008_hinge,combined_fixture_stress,latent_fixture_v5_no_adaptive_probe,hinge,unknown,hinge,pivot_rotate,0.51484,1,0.17396,1,0,0,0,0,0.80260,1.73279,0.66947,0.10925,0.00,0.03249,0.25013,0.51484,0.05291,0.07550,0.07413
1,7009,combined_fixture_stress_1_7009_slot,combined_fixture_stress,latent_fixture_v5_full,slot,suction,clamp,cautious_probe_pull,0.38106,0,0.66000,0,0,1,0,0,0.01400,2.16844,0.20163,0.04066,0.00,0.03841,0.38106,0.05096,0.37818,0.10225,0.04913
1,7009,combined_fixture_stress_1_7009_slot,combined_fixture_stress,latent_fixture_v5_no_torque_features,slot,suction,clamp,release_clamp_pull,0.45284,0,0.73000,0,0,1,1,1,0.12700,2.82889,0.01694,0.00029,0.00,0.05197,0.45284,0.06864,0.17991,0.14611,0.10054
1,7009,combined_fixture_stress_1_7009_slot,combined_fixture_stress,latent_fixture_v5_no_compliance_anisotropy,slot,suction,clamp,release_clamp_pull,0.42607,0,0.73000,0,0,1,0,0,0.12700,2.12889,0.01679,0.00028,0.00,0.04529,0.42607,0.07213,0.24376,0.13409,0.07866
1,7009,combined_fixture_stress_1_7009_slot,combined_fixture_stress,latent_fixture_v5_no_release_cues,slot,suction,clamp,cautious_probe_pull,0.39972,0,0.73000,1,1,0,1,1,0.62700,2.65389,0.17296,0.68400,0.00,0.03872,0.39972,0.05178,0.38224,0.07776,0.04978
1,7009,combined_fixture_stress_1_7009_slot,combined_fixture_stress,latent_fixture_v5_no_hysteresis_memory,slot,suction,slot,cautious_probe_pull,0.38731,1,0.25289,0,0,1,0,0,0.05471,2.15419,0.29081,0.08457,0.00,0.03993,0.35680,0.05749,0.38731,0.11342,0.04505
1,7009,combined_fixture_stress_1_7009_slot,combined_fixture_stress,latent_fixture_v5_no_particle_refinement,slot,suction,clamp,release_clamp_pull,0.53879,0,0.66000,0,0,1,0,1,0.13400,2.12644,0.01742,0.00030,0.00,0.04840,0.53879,0.06297,0.16118,0.13039,0.05827
1,7009,combined_fixture_stress_1_7009_slot,combined_fixture_stress,latent_fixture_v5_no_safety_margin,slot,suction,clamp,cautious_probe_pull,0.38106,0,0.66000,0,0,1,1,0,0.01400,2.86844,0.18923,0.03581,0.00,0.03841,0.38106,0.05096,0.37818,0.10225,0.04913
1,7009,combined_fixture_stress_1_7009_slot,combined_fixture_stress,latent_fixture_v5_no_calibration,slot,suction,slot,follow_slot_axis,0.46116,1,0.22772,1,1,0,0,0,0.79723,1.89431,0.66961,0.10916,0.00,0.00615,0.44679,0.02040,0.46116,0.04704,0.01847
1,7009,combined_fixture_stress_1_7009_slot,combined_fixture_stress,latent_fixture_v5_no_adaptive_probe,slot,suction,slot,follow_slot_axis,0.42562,1,0.18021,1,1,0,0,0,0.80198,1.89265,0.67372,0.10646,0.00,0.02774,0.38420,0.04058,0.42562,0.08283,0.03902
2,7000,combined_fixture_stress_2_7000_hinge,combined_fixture_stress,latent_fixture_v5_full,hinge,unknown,hinge,pivot_rotate,0.42681,1,0.18012,1,1,0,0,0,0.80199,1.63310,0.66142,0.11464,0.00,0.04305,0.19760,0.42681,0.16999,0.08503,0.07752
2,7000,combined_fixture_stress_2_7000_hinge,combined_fixture_stress,latent_fixture_v5_no_torque_features,hinge,unknown,clamp,cautious_probe_pull,0.29009,0,0.73000,0,0,1,1,0,0.00700,2.61135,0.01602,0.00026,0.00,0.06388,0.29009,0.09703,0.26544,0.14110,0.14245
2,7000,combined_fixture_stress_2_7000_hinge,combined_fixture_stress,latent_fixture_v5_no_compliance_anisotropy,hinge,unknown,hinge,pivot_rotate,0.45938,1,0.24784,1,1,0,0,0,0.79522,1.63547,0.63863,0.13059,0.00,0.04846,0.24639,0.45938,0.05265,0.10242,0.09071
2,7000,combined_fixture_stress_2_7000_hinge,combined_fixture_stress,latent_fixture_v5_no_release_cues,hinge,unknown,hinge,pivot_rotate,0.43837,1,0.24931,1,1,0,0,0,0.79507,1.63552,0.63383,0.13408,0.00,0.04377,0.20963,0.43837,0.18000,0.04870,0.07953
2,7000,combined_fixture_stress_2_7000_hinge,combined_fixture_stress,latent_fixture_v5_no_hysteresis_memory,hinge,unknown,hinge,pivot_rotate,0.46018,1,0.24779,1,1,0,0,0,0.79522,1.63547,0.63881,0.13046,0.00,0.04497,0.16476,0.46018,0.18235,0.08964,0.05810
2,7000,combined_fixture_stress_2_7000_hinge,combined_fixture_stress,latent_fixture_v5_no_particle_refinement,hinge,unknown,hinge,cautious_probe_pull,0.27236,1,0.19093,1,0,0,1,0,0.68091,2.37548,0.10321,0.80423,0.00,0.05476,0.27186,0.27236,0.21172,0.10833,0.08097
2,7000,combined_fixture_stress_2_7000_hinge,combined_fixture_stress,latent_fixture_v5_no_safety_margin,hinge,unknown,hinge,direct_translate,0.42681,1,0.18012,0,0,1,1,0,0.18199,2.55010,0.06117,0.00374,0.00,0.04305,0.19760,0.42681,0.16999,0.08503,0.07752
2,7000,combined_fixture_stress_2_7000_hinge,combined_fixture_stress,latent_fixture_v5_no_calibration,hinge,unknown,hinge,pivot_rotate,0.49529,1,0.22533,0,0,1,0,0,0.17747,1.85168,0.65200,0.42510,0.00,0.01414,0.20707,0.49529,0.16447,0.06400,0.05504
2,7000,combined_fixture_stress_2_7000_hinge,combined_fixture_stress,latent_fixture_v5_no_adaptive_probe,hinge,unknown,hinge,pivot_rotate,0.46339,1,0.17756,1,1,0,0,0,0.80224,1.63301,0.65739,0.11738,0.00,0.03320,0.19267,0.46339,0.16399,0.07632,0.07045
2,7001,combined_fixture_stress_2_7001_slot,combined_fixture_stress,latent_fixture_v5_full,slot,clamp,clamp,release_clamp_pull,0.43752,0,0.66000,0,0,1,1,1,0.13400,2.71011,0.01685,0.00028,0.00,0.03875,0.43752,0.06526,0.35655,0.05362,0.04830
2,7001,combined_fixture_stress_2_7001_slot,combined_fixture_stress,latent_fixture_v5_no_torque_features,slot,clamp,clamp,release_clamp_pull,0.49123,0,0.73000,0,0,1,1,0,0.12700,2.71256,0.01715,0.00029,0.00,0.05458,0.49123,0.07011,0.20106,0.08806,0.09495
2,7001,combined_fixture_stress_2_7001_slot,combined_fixture_stress,latent_fixture_v5_no_compliance_anisotropy,slot,clamp,clamp,release_clamp_pull,0.48361,0,0.73000,0,0,1,0,0,0.12700,2.01256,0.01711,0.00029,0.00,0.04767,0.48361,0.11274,0.19736,0.08288,0.07574
2,7001,combined_fixture_stress_2_7001_slot,combined_fixture_stress,latent_fixture_v5_no_release_cues,slot,clamp,clamp,release_clamp_pull,0.44343,0,0.73000,0,0,1,1,0,0.12700,2.71256,0.01688,0.00029,0.00,0.03897,0.44343,0.06573,0.35822,0.04506,0.04859
2,7001,combined_fixture_stress_2_7001_slot,combined_fixture_stress,latent_fixture_v5_no_hysteresis_memory,slot,clamp,clamp,cautious_probe_pull,0.41815,0,0.73000,0,0,1,1,1,0.00700,2.75456,0.17403,0.03029,0.00,0.04039,0.41815,0.07828,0.35982,0.05705,0.04632
2,7001,combined_fixture_stress_2_7001_slot,combined_fixture_stress,latent_fixture_v5_no_particle_refinement,slot,clamp,clamp,release_clamp_pull,0.61572,0,0.66000,0,0,1,1,0,0.13400,2.71011,0.01785,0.00032,0.00,0.04739,0.61572,0.06944,0.15164,0.06176,0.05404
2,7001,combined_fixture_stress_2_7001_slot,combined_fixture_stress,latent_fixture_v5_no_safety_margin,slot,clamp,clamp,direct_translate,0.43752,0,0.66000,0,0,1,1,0,0.13400,2.71011,0.12545,0.01574,0.00,0.03875,0.43752,0.06526,0.35655,0.05362,0.04830
2,7001,combined_fixture_stress_2_7001_slot,combined_fixture_stress,latent_fixture_v5_no_calibration,slot,clamp,clamp,release_clamp_pull,0.48077,0,0.71000,0,0,1,1,1,0.12900,2.71186,0.01709,0.00029,0.00,0.00676,0.48077,0.03753,0.43327,0.02359,0.01809
2,7001,combined_fixture_stress_2_7001_slot,combined_fixture_stress,latent_fixture_v5_no_adaptive_probe,slot,clamp,clamp,release_clamp_pull,0.43181,0,0.66000,0,0,1,1,0,0.13400,2.71011,0.01682,0.00028,0.00,0.02830,0.43181,0.05655,0.40086,0.04381,0.03868
2,7002,combined_fixture_stress_2_7002_suction,combined_fixture_stress,latent_fixture_v5_full,suction,unknown,suction,peel_then_translate,0.64475,1,0.16487,1,1,0,0,0,0.68351,1.86142,0.69560,0.09266,0.00,0.03173,0.12502,0.04340,0.06514,0.64475,0.08997
2,7002,combined_fixture_stress_2_7002_suction,combined_fixture_stress,latent_fixture_v5_no_torque_features,suction,unknown,suction,peel_then_translate,0.48543,1,0.24602,1,1,0,0,0,0.67540,1.86426,0.62747,0.13878,0.00,0.05060,0.16239,0.06434,0.09992,0.48543,0.13732
2,7002,combined_fixture_stress_2_7002_suction,combined_fixture_stress,latent_fixture_v5_no_compliance_anisotropy,suction,unknown,suction,peel_then_translate,0.62658,1,0.23614,1,0,0,0,0,0.67639,1.86392,0.65910,0.11621,0.00,0.03108,0.14684,0.04745,0.04812,0.62658,0.09993
2,7002,combined_fixture_stress_2_7002_suction,combined_fixture_stress,latent_fixture_v5_no_release_cues,suction,unknown,clamp,cautious_probe_pull,0.36648,0,0.73000,0,0,1,1,1,0.00700,2.79820,0.07231,0.00523,0.00,0.04200,0.36648,0.07828,0.15796,0.11565,0.23965
2,7002,combined_fixture_stress_2_7002_suction,combined_fixture_stress,latent_fixture_v5_no_hysteresis_memory,suction,unknown,suction,peel_then_translate,0.58958,1,0.23873,1,1,0,0,0,0.67613,1.86401,0.65078,0.12195,0.00,0.04338,0.10703,0.07386,0.12352,0.58958,0.06264
2,7002,combined_fixture_stress_2_7002_suction,combined_fixture_stress,latent_fixture_v5_no_particle_refinement,suction,unknown,suction,peel_then_translate,0.62815,1,0.16603,1,1,0,0,0,0.68340,1.86146,0.67826,0.10351,0.00,0.03954,0.14157,0.04998,0.05580,0.62815,0.08497
2,7002,combined_fixture_stress_2_7002_suction,combined_fixture_stress,latent_fixture_v5_no_safety_margin,suction,unknown,suction,peel_then_translate,0.64475,1,0.16487,1,1,0,0,0,0.68351,1.86142,0.68210,0.10106,0.00,0.03173,0.12502,0.04340,0.06514,0.64475,0.08997
2,7002,combined_fixture_stress_2_7002_suction,combined_fixture_stress,latent_fixture_v5_no_calibration,suction,unknown,suction,peel_then_translate,0.73960,1,0.20823,1,1,0,0,0,0.67918,1.86294,0.69015,0.09600,0.00,0.00450,0.11484,0.01830,0.04762,0.73960,0.07514
2,7002,combined_fixture_stress_2_7002_suction,combined_fixture_stress,latent_fixture_v5_no_adaptive_probe,suction,unknown,suction,peel_then_translate,0.67479,1,0.16276,0,0,1,0,0,0.06372,2.07835,0.68904,0.47478,0.00,0.02278,0.12025,0.03522,0.06089,0.67479,0.08606
2,7003,combined_fixture_stress_2_7003_tether,combined_fixture_stress,latent_fixture_v5_full,tether,unknown,tether,unwind_tether,0.46863,1,0.17720,1,1,0,0,0,0.68228,1.84427,0.63734,0.13152,0.00,0.03554,0.26982,0.06556,0.07737,0.08307,0.46863
2,7003,combined_fixture_stress_2_7003_tether,combined_fixture_stress,latent_fixture_v5_no_torque_features,tether,unknown,clamp,cautious_probe_pull,0.31330,0,0.73000,0,0,1,0,0,0.00700,2.08062,0.10331,0.01067,0.00,0.05574,0.31330,0.07990,0.12363,0.11690,0.31053
2,7003,combined_fixture_stress_2_7003_tether,combined_fixture_stress,latent_fixture_v5_no_compliance_anisotropy,tether,unknown,tether,unwind_tether,0.45773,1,0.24796,1,1,0,0,0,0.67520,1.84675,0.60433,0.15656,0.00,0.03587,0.29729,0.07183,0.04494,0.09233,0.45773
2,7003,combined_fixture_stress_2_7003_tether,combined_fixture_stress,latent_fixture_v5_no_release_cues,tether,unknown,tether,unwind_tether,0.48200,1,0.24626,1,1,0,0,0,0.67537,1.84669,0.60961,0.15241,0.00,0.03602,0.27954,0.06728,0.07989,0.05526,0.48200
2,7003,combined_fixture_stress_2_7003_tether,combined_fixture_stress,latent_fixture_v5_no_hysteresis_memory,tether,unknown,clamp,cautious_probe_pull,0.28959,0,0.73000,0,0,1,1,0,0.00700,2.78062,0.10246,0.01050,0.00,0.05424,0.28959,0.17319,0.17885,0.13321,0.17092
2,7003,combined_fixture_stress_2_7003_tether,combined_fixture_stress,latent_fixture_v5_no_particle_refinement,tether,unknown,clamp,cautious_probe_pull,0.35079,0,0.66000,0,0,1,1,0,0.01400,2.77817,0.12183,0.01484,0.00,0.04638,0.35079,0.07723,0.09458,0.09295,0.33807
2,7003,combined_fixture_stress_2_7003_tether,combined_fixture_stress,latent_fixture_v5_no_safety_margin,tether,unknown,tether,direct_translate,0.46863,1,0.17720,0,0,1,1,1,0.18228,2.71927,0.13087,0.01713,0.00,0.03554,0.26982,0.06556,0.07737,0.08307,0.46863
2,7003,combined_fixture_stress_2_7003_tether,combined_fixture_stress,latent_fixture_v5_no_calibration,tether,unknown,tether,unwind_tether,0.54166,1,0.22208,1,1,0,0,0,0.67779,1.84584,0.62784,0.13851,0.00,0.00704,0.28987,0.04222,0.05628,0.06292,0.54166
2,7003,combined_fixture_stress_2_7003_tether,combined_fixture_stress,latent_fixture_v5_no_adaptive_probe,tether,unknown,tether,unwind_tether,0.50407,1,0.17472,1,1,0,0,0,0.68253,1.84419,0.63249,0.13506,0.00,0.02590,0.26735,0.05738,0.06928,0.07603,0.50407
2,7004,combined_fixture_stress_2_7004_free,combined_fixture_stress,latent_fixture_v5_full,free,free,free,direct_translate,0.48509,1,0.17604,1,1,0,0,0,0.80240,1.98418,0.76946,0.05315,0.00,0.48509,0.10115,0.10026,0.11508,0.08769,0.11072
2,7004,combined_fixture_stress_2_7004_free,combined_fixture_stress,latent_fixture_v5_no_torque_features,free,free,free,cautious_probe_pull,0.28926,1,0.25975,1,0,0,0,0,0.67402,2.02911,0.43972,0.31391,0.00,0.28926,0.13421,0.08359,0.18116,0.12626,0.18552
2,7004,combined_fixture_stress_2_7004_free,combined_fixture_stress,latent_fixture_v5_no_compliance_anisotropy,free,free,free,cautious_probe_pull,0.40723,1,0.25149,0,0,1,1,0,0.05485,2.94582,0.45992,0.21153,0.00,0.40723,0.11746,0.15166,0.06738,0.10408,0.15219
2,7004,combined_fixture_stress_2_7004_free,combined_fixture_stress,latent_fixture_v5_no_release_cues,free,free,free,direct_translate,0.49639,1,0.24525,1,1,0,0,0,0.79547,1.98660,0.74159,0.06678,0.00,0.49639,0.10857,0.10713,0.12368,0.04539,0.11883
2,7004,combined_fixture_stress_2_7004_free,combined_fixture_stress,latent_fixture_v5_no_hysteresis_memory,free,free,free,direct_translate,0.51227,1,0.24414,0,0,1,0,0,0.17559,2.20356,0.74571,0.55609,0.00,0.51227,0.08832,0.11481,0.13475,0.10097,0.04889
2,7004,combined_fixture_stress_2_7004_free,combined_fixture_stress,latent_fixture_v5_no_particle_refinement,free,free,free,cautious_probe_pull,0.29126,1,0.18961,0,0,1,1,0,0.06104,2.94365,0.45690,0.20876,0.00,0.29126,0.14110,0.13659,0.15775,0.12110,0.15220
2,7004,combined_fixture_stress_2_7004_free,combined_fixture_stress,latent_fixture_v5_no_safety_margin,free,free,free,direct_translate,0.48509,1,0.17604,1,1,0,0,0,0.80240,1.98418,0.75662,0.05923,0.00,0.48509,0.10115,0.10026,0.11508,0.08769,0.11072
2,7004,combined_fixture_stress_2_7004_free,combined_fixture_stress,latent_fixture_v5_no_calibration,free,free,free,direct_translate,0.54677,1,0.22173,1,1,0,0,0,0.79783,1.98578,0.75993,0.05764,0.00,0.54677,0.09066,0.08593,0.10482,0.07202,0.09980
2,7004,combined_fixture_stress_2_7004_free,combined_fixture_stress,latent_fixture_v5_no_adaptive_probe,free,free,free,direct_translate,0.52375,1,0.17334,1,1,0,0,0,0.80267,1.98408,0.76690,0.05434,0.00,0.52375,0.09385,0.09219,0.10756,0.07952,0.10313
2,7005,combined_fixture_stress_2_7005_clamp,combined_fixture_stress,latent_fixture_v5_full,clamp,unknown,suction,peel_then_translate,0.48103,0,0.66000,0,0,1,0,0,0.01400,2.07968,0.01709,0.00029,0.00,0.03080,0.25710,0.04388,0.05935,0.48103,0.12783
2,7005,combined_fixture_stress_2_7005_clamp,combined_fixture_stress,latent_fixture_v5_no_torque_features,clamp,unknown,suction,peel_then_translate,0.46684,0,0.73000,0,0,1,0,0,0.00700,2.08213,0.01701,0.00029,0.00,0.04116,0.16850,0.06045,0.10002,0.46684,0.16303
2,7005,combined_fixture_stress_2_7005_clamp,combined_fixture_stress,latent_fixture_v5_no_compliance_anisotropy,clamp,unknown,suction,peel_then_translate,0.51113,0,0.73000,0,0,1,1,0,0.00700,2.78213,0.01726,0.00030,0.00,0.03069,0.24453,0.04404,0.03497,0.51113,0.13465
2,7005,combined_fixture_stress_2_7005_clamp,combined_fixture_stress,latent_fixture_v5_no_release_cues,clamp,unknown,tether,cautious_probe_pull,0.36121,0,0.73000,0,0,1,1,0,0.00700,2.78213,0.03112,0.00097,0.00,0.03131,0.34748,0.06929,0.12317,0.06753,0.36121
2,7005,combined_fixture_stress_2_7005_clamp,combined_fixture_stress,latent_fixture_v5_no_hysteresis_memory,clamp,unknown,suction,peel_then_translate,0.54630,0,0.73000,0,0,1,1,0,0.00700,2.78213,0.01746,0.00030,0.00,0.03436,0.13124,0.09851,0.12750,0.54630,0.06210
2,7005,combined_fixture_stress_2_7005_clamp,combined_fixture_stress,latent_fixture_v5_no_particle_refinement,clamp,unknown,suction,peel_then_translate,0.57378,0,0.66000,0,0,1,0,1,0.01400,2.07968,0.01761,0.00031,0.00,0.04056,0.14767,0.04922,0.06818,0.57378,0.12058
2,7005,combined_fixture_stress_2_7005_clamp,combined_fixture_stress,latent_fixture_v5_no_safety_margin,clamp,unknown,suction,direct_translate,0.48103,0,0.66000,0,0,1,1,1,0.13400,2.73768,0.01709,0.00029,0.00,0.03080,0.25710,0.04388,0.05935,0.48103,0.12783
2,7005,combined_fixture_stress_2_7005_clamp,combined_fixture_stress,latent_fixture_v5_no_calibration,clamp,unknown,suction,peel_then_translate,0.53590,0,0.71000,0,0,1,1,0,0.00900,2.78143,0.01740,0.00030,0.00,0.00115,0.29387,0.01713,0.03467,0.53590,0.11728
2,7005,combined_fixture_stress_2_7005_clamp,combined_fixture_stress,latent_fixture_v5_no_adaptive_probe,clamp,unknown,suction,peel_then_translate,0.48772,0,0.66000,0,0,1,1,0,0.01400,2.77968,0.01713,0.00029,0.00,0.02093,0.27951,0.03534,0.05106,0.48772,0.12544
2,7006,combined_fixture_stress_2_7006_hinge,combined_fixture_stress,latent_fixture_v5_full,hinge,unknown,hinge,pivot_rotate,0.49670,1,0.17523,0,0,1,0,0,0.18248,2.00503,0.67810,0.45981,0.00,0.04194,0.23162,0.49670,0.07654,0.07736,0.07584
2,7006,combined_fixture_stress_2_7006_hinge,combined_fixture_stress,latent_fixture_v5_no_torque_features,hinge,unknown,clamp,cautious_probe_pull,0.36726,0,0.73000,0,0,1,0,1,0.00700,2.06645,0.01646,0.00027,0.00,0.07177,0.36726,0.10392,0.15631,0.14064,0.16010
2,7006,combined_fixture_stress_2_7006_hinge,combined_fixture_stress,latent_fixture_v5_no_compliance_anisotropy,hinge,unknown,hinge,pivot_rotate,0.49873,1,0.24509,1,0,0,0,0,0.79549,1.79048,0.64763,0.12416,0.00,0.04275,0.25000,0.49873,0.04364,0.08210,0.08278
2,7006,combined_fixture_stress_2_7006_hinge,combined_fixture_stress,latent_fixture_v5_no_release_cues,hinge,unknown,hinge,pivot_rotate,0.50912,1,0.24436,1,1,0,0,0,0.79556,1.79045,0.65001,0.12249,0.00,0.04241,0.24633,0.50912,0.07963,0.04475,0.07776
2,7006,combined_fixture_stress_2_7006_hinge,combined_fixture_stress,latent_fixture_v5_no_hysteresis_memory,hinge,unknown,hinge,pivot_rotate,0.53478,1,0.24257,1,1,0,0,0,0.79574,1.79039,0.65590,0.11841,0.00,0.04335,0.19549,0.53478,0.08535,0.08673,0.05430
2,7006,combined_fixture_stress_2_7006_hinge,combined_fixture_stress,latent_fixture_v5_no_particle_refinement,hinge,unknown,hinge,cautious_probe_pull,0.33213,1,0.18675,0,0,1,0,0,0.06132,2.04743,0.10640,0.01132,0.00,0.05453,0.32284,0.33213,0.10083,0.10409,0.08559
2,7006,combined_fixture_stress_2_7006_hinge,combined_fixture_stress,latent_fixture_v5_no_safety_margin,hinge,unknown,hinge,direct_translate,0.49670,1,0.17523,0,0,1,1,1,0.18248,2.70503,0.06386,0.00408,0.00,0.04194,0.23162,0.49670,0.07654,0.07736,0.07584
2,7006,combined_fixture_stress_2_7006_hinge,combined_fixture_stress,latent_fixture_v5_no_calibration,hinge,unknown,hinge,pivot_rotate,0.57455,1,0.21978,1,0,0,0,0,0.79802,1.78959,0.67032,0.10869,0.00,0.01222,0.25187,0.57455,0.05393,0.05591,0.05151
2,7006,combined_fixture_stress_2_7006_hinge,combined_fixture_stress,latent_fixture_v5_no_adaptive_probe,hinge,unknown,hinge,pivot_rotate,0.53714,1,0.17240,1,1,0,0,0,0.80276,1.78793,0.67472,0.10581,0.00,0.03175,0.22813,0.53714,0.06725,0.06816,0.06756
2,7007,combined_fixture_stress_2_7007_slot,combined_fixture_stress,latent_fixture_v5_full,slot,unknown,slot,cautious_probe_pull,0.40134,1,0.18191,1,0,0,0,1,0.68181,1.92219,0.32240,0.45914,0.00,0.04168,0.37322,0.06499,0.40134,0.05996,0.05881
2,7007,combined_fixture_stress_2_7007_slot,combined_fixture_stress,latent_fixture_v5_no_torque_features,slot,unknown,clamp,release_clamp_pull,0.43270,0,0.73000,0,0,1,0,0,0.12700,2.11637,0.01682,0.00028,0.00,0.05928,0.43270,0.07713,0.22992,0.09367,0.10730
2,7007,combined_fixture_stress_2_7007_slot,combined_fixture_stress,latent_fixture_v5_no_compliance_anisotropy,slot,unknown,clamp,release_clamp_pull,0.44557,0,0.73000,0,0,1,1,0,0.12700,2.81637,0.01690,0.00029,0.00,0.05556,0.44557,0.10134,0.20605,0.09017,0.10131
2,7007,combined_fixture_stress_2_7007_slot,combined_fixture_stress,latent_fixture_v5_no_release_cues,slot,unknown,slot,cautious_probe_pull,0.40455,1,0.25168,0,0,1,0,0,0.05483,2.14163,0.29281,0.08574,0.00,0.04193,0.38189,0.06566,0.40455,0.04668,0.05929
2,7007,combined_fixture_stress_2_7007_slot,combined_fixture_stress,latent_fixture_v5_no_hysteresis_memory,slot,unknown,slot,follow_slot_axis,0.43759,1,0.24937,1,1,0,0,0,0.79506,1.88255,0.65893,0.11633,0.00,0.04114,0.34074,0.06882,0.43759,0.06411,0.04761
2,7007,combined_fixture_stress_2_7007_slot,combined_fixture_stress,latent_fixture_v5_no_particle_refinement,slot,unknown,clamp,release_clamp_pull,0.52495,0,0.66000,0,0,1,0,0,0.13400,2.11392,0.01734,0.00030,0.00,0.05089,0.52495,0.07561,0.21187,0.07254,0.06413
2,7007,combined_fixture_stress_2_7007_slot,combined_fixture_stress,latent_fixture_v5_no_safety_margin,slot,unknown,slot,cautious_probe_pull,0.40134,1,0.18191,1,1,0,0,0,0.68181,1.92219,0.30992,0.47621,0.00,0.04168,0.37322,0.06499,0.40134,0.05996,0.05881
2,7007,combined_fixture_stress_2_7007_slot,combined_fixture_stress,latent_fixture_v5_no_calibration,slot,unknown,slot,follow_slot_axis,0.46911,1,0.22716,1,1,0,0,0,0.79728,1.88177,0.67150,0.10791,0.00,0.00855,0.42991,0.03484,0.46911,0.02903,0.02855
2,7007,combined_fixture_stress_2_7007_slot,combined_fixture_stress,latent_fixture_v5_no_adaptive_probe,slot,unknown,slot,follow_slot_axis,0.44137,1,0.17910,0,0,1,0,0,0.18209,2.09709,0.67754,0.45906,0.00,0.03083,0.37429,0.05488,0.44137,0.04941,0.04923
2,7008,combined_fixture_stress_2_7008_suction,combined_fixture_stress,latent_fixture_v5_full,suction,suction,suction,peel_then_translate,0.74840,1,0.15761,1,0,0,0,0,0.68424,1.90392,0.72005,0.07837,0.00,0.02810,0.08693,0.03535,0.04281,0.74840,0.05842
2,7008,combined_fixture_stress_2_7008_suction,combined_fixture_stress,latent_fixture_v5_no_torque_features,suction,suction,suction,peel_then_translate,0.58458,1,0.23908,0,0,1,0,0,0.05609,2.12377,0.64966,0.42206,0.00,0.04557,0.11642,0.06051,0.08344,0.58458,0.10948
2,7008,combined_fixture_stress_2_7008_suction,combined_fixture_stress,latent_fixture_v5_no_compliance_anisotropy,suction,suction,suction,peel_then_translate,0.73017,1,0.22889,0,0,1,0,0,0.05711,2.12341,0.68246,0.46575,0.00,0.02847,0.10120,0.03812,0.03799,0.73017,0.06405
2,7008,combined_fixture_stress_2_7008_suction,combined_fixture_stress,latent_fixture_v5_no_release_cues,suction,suction,clamp,cautious_probe_pull,0.35638,0,0.73000,0,0,1,1,0,0.00700,2.84095,0.07206,0.00519,0.00,0.03726,0.35638,0.08247,0.13039,0.13554,0.25796
2,7008,combined_fixture_stress_2_7008_suction,combined_fixture_stress,latent_fixture_v5_no_hysteresis_memory,suction,suction,suction,peel_then_translate,0.68773,1,0.23186,1,1,0,0,0,0.67681,1.90652,0.67287,0.10701,0.00,0.03516,0.08470,0.06134,0.07829,0.68773,0.05279
2,7008,combined_fixture_stress_2_7008_suction,combined_fixture_stress,latent_fixture_v5_no_particle_refinement,suction,suction,suction,peel_then_translate,0.76019,1,0.15679,1,1,0,0,0,0.68432,1.90389,0.70884,0.08477,0.00,0.03581,0.07153,0.03968,0.04110,0.76019,0.05168
2,7008,combined_fixture_stress_2_7008_suction,combined_fixture_stress,latent_fixture_v5_no_safety_margin,suction,suction,suction,peel_then_translate,0.74840,1,0.15761,1,1,0,0,1,0.68424,1.90392,0.70610,0.08638,0.00,0.02810,0.08693,0.03535,0.04281,0.74840,0.05842
2,7008,combined_fixture_stress_2_7008_suction,combined_fixture_stress,latent_fixture_v5_no_calibration,suction,suction,suction,peel_then_translate,0.84554,1,0.20081,1,1,0,0,0,0.67992,1.90543,0.71436,0.08159,0.00,0.00238,0.07680,0.01165,0.02221,0.84554,0.04143
2,7008,combined_fixture_stress_2_7008_suction,combined_fixture_stress,latent_fixture_v5_no_adaptive_probe,suction,suction,suction,peel_then_translate,0.77616,1,0.15567,0,0,1,0,0,0.06443,2.12085,0.71255,0.50773,0.00,0.01962,0.08551,0.02782,0.03684,0.77616,0.05405
2,7009,combined_fixture_stress_2_7009_tether,combined_fixture_stress,latent_fixture_v5_full,tether,unknown,tether,cautious_probe_pull,0.40686,1,0.18152,0,0,1,1,1,0.06185,2.82789,0.25638,0.06573,0.00,0.03826,0.28086,0.09247,0.08273,0.09881,0.40686
2,7009,combined_fixture_stress_2_7009_tether,combined_fixture_stress,latent_fixture_v5_no_torque_features,tether,unknown,tether,cautious_probe_pull,0.31819,1,0.25773,0,0,1,0,0,0.05423,2.13056,0.21812,0.04757,0.00,0.05642,0.31725,0.07469,0.11667,0.11678,0.31819
2,7009,combined_fixture_stress_2_7009_tether,combined_fixture_stress,latent_fixture_v5_no_compliance_anisotropy,tether,unknown,tether,cautious_probe_pull,0.40620,1,0.25157,0,0,1,0,0,0.05484,2.13035,0.22630,0.05121,0.00,0.03927,0.29589,0.09747,0.05572,0.10546,0.40620
2,7009,combined_fixture_stress_2_7009_tether,combined_fixture_stress,latent_fixture_v5_no_release_cues,tether,unknown,tether,unwind_tether,0.42206,1,0.25046,1,1,0,0,0,0.67495,1.91331,0.59658,0.16275,0.00,0.03900,0.28901,0.09512,0.08542,0.06940,0.42206
2,7009,combined_fixture_stress_2_7009_tether,combined_fixture_stress,latent_fixture_v5_no_hysteresis_memory,tether,unknown,clamp,cautious_probe_pull,0.29161,0,0.73000,0,0,1,0,0,0.00700,2.14709,0.10253,0.01051,0.00,0.05947,0.29161,0.23652,0.17809,0.13307,0.10125
2,7009,combined_fixture_stress_2_7009_tether,combined_fixture_stress,latent_fixture_v5_no_particle_refinement,tether,unknown,clamp,cautious_probe_pull,0.36210,0,0.66000,0,0,1,0,0,0.01400,2.14464,0.12230,0.01496,0.00,0.04584,0.36210,0.07846,0.08344,0.09190,0.33827
2,7009,combined_fixture_stress_2_7009_tether,combined_fixture_stress,latent_fixture_v5_no_safety_margin,tether,unknown,tether,cautious_probe_pull,0.40686,1,0.18152,1,0,0,1,0,0.68185,2.61089,0.24388,0.57172,0.00,0.03826,0.28086,0.09247,0.08273,0.09881,0.40686
2,7009,combined_fixture_stress_2_7009_tether,combined_fixture_stress,latent_fixture_v5_no_calibration,tether,unknown,tether,unwind_tether,0.45839,1,0.22791,0,0,1,0,0,0.05721,2.12952,0.60956,0.37157,0.00,0.01090,0.30354,0.07869,0.06412,0.08435,0.45839
2,7009,combined_fixture_stress_2_7009_tether,combined_fixture_stress,latent_fixture_v5_no_adaptive_probe,tether,unknown,tether,unwind_tether,0.42941,1,0.17994,1,1,0,0,0,0.68201,1.91084,0.61582,0.14759,0.00,0.02930,0.27915,0.08982,0.07710,0.09522,0.42941
3,7000,combined_fixture_stress_3_7000_suction,combined_fixture_stress,latent_fixture_v5_full,suction,unknown,suction,peel_then_translate,0.72980,1,0.15891,1,1,0,0,0,0.68411,1.82533,0.71565,0.08085,0.00,0.03030,0.07322,0.04067,0.06947,0.72980,0.05654
3,7000,combined_fixture_stress_3_7000_suction,combined_fixture_stress,latent_fixture_v5_no_torque_features,suction,unknown,suction,peel_then_translate,0.59835,1,0.23812,1,1,0,0,0,0.67619,1.82810,0.65275,0.12058,0.00,0.04205,0.12404,0.05222,0.09407,0.59835,0.08927
3,7000,combined_fixture_stress_3_7000_suction,combined_fixture_stress,latent_fixture_v5_no_compliance_anisotropy,suction,unknown,suction,peel_then_translate,0.73963,1,0.22823,0,0,1,0,0,0.05718,2.04476,0.68460,0.46867,0.00,0.03023,0.08117,0.04307,0.04363,0.73963,0.06228
3,7000,combined_fixture_stress_3_7000_suction,combined_fixture_stress,latent_fixture_v5_no_release_cues,suction,unknown,clamp,cautious_probe_pull,0.31745,0,0.73000,0,0,1,1,0,0.00700,2.76232,0.07110,0.00506,0.00,0.04051,0.31745,0.09113,0.24420,0.12917,0.17754
3,7000,combined_fixture_stress_3_7000_suction,combined_fixture_stress,latent_fixture_v5_no_hysteresis_memory,suction,unknown,suction,peel_then_translate,0.65173,1,0.23438,0,0,1,0,0,0.05656,2.04497,0.66476,0.44190,0.00,0.03759,0.07077,0.06649,0.12613,0.65173,0.04729
3,7000,combined_fixture_stress_3_7000_suction,combined_fixture_stress,latent_fixture_v5_no_particle_refinement,suction,unknown,suction,peel_then_translate,0.71423,1,0.16000,1,1,0,0,0,0.68400,1.82537,0.69817,0.09110,0.00,0.03866,0.08343,0.04652,0.05647,0.71423,0.06069
3,7000,combined_fixture_stress_3_7000_suction,combined_fixture_stress,latent_fixture_v5_no_safety_margin,suction,unknown,suction,peel_then_translate,0.72980,1,0.15891,1,1,0,0,0,0.68411,1.82533,0.70179,0.08893,0.00,0.03030,0.07322,0.04067,0.06947,0.72980,0.05654
3,7000,combined_fixture_stress_3_7000_suction,combined_fixture_stress,latent_fixture_v5_no_calibration,suction,unknown,suction,peel_then_translate,0.84092,1,0.20114,1,1,0,0,0,0.67989,1.82681,0.71331,0.08219,0.00,0.00271,0.05329,0.01523,0.05372,0.84092,0.03412
3,7000,combined_fixture_stress_3_7000_suction,combined_fixture_stress,latent_fixture_v5_no_adaptive_probe,suction,unknown,suction,peel_then_translate,0.76460,1,0.15648,1,1,0,0,0,0.68435,1.82525,0.70987,0.08418,0.00,0.02119,0.06621,0.03246,0.06612,0.76460,0.04942
3,7001,combined_fixture_stress_3_7001_tether,combined_fixture_stress,latent_fixture_v5_full,tether,unknown,tether,cautious_probe_pull,0.33288,1,0.18670,0,0,1,1,1,0.06133,2.83901,0.24875,0.06188,0.00,0.03870,0.26234,0.10166,0.16250,0.10192,0.33288
3,7001,combined_fixture_stress_3_7001_tether,combined_fixture_stress,latent_fixture_v5_no_torque_features,tether,unknown,clamp,cautious_probe_pull,0.30831,0,0.73000,0,0,1,0,0,0.00700,2.15802,0.10313,0.01064,0.00,0.05362,0.30831,0.07309,0.17830,0.13258,0.25409
3,7001,combined_fixture_stress_3_7001_tether,combined_fixture_stress,latent_fixture_v5_no_compliance_anisotropy,tether,unknown,tether,cautious_probe_pull,0.38540,1,0.25302,0,0,1,0,1,0.05470,2.14133,0.22436,0.05034,0.00,0.04020,0.30181,0.10631,0.05390,0.11237,0.38540
3,7001,combined_fixture_stress_3_7001_tether,combined_fixture_stress,latent_fixture_v5_no_release_cues,tether,unknown,tether,cautious_probe_pull,0.34350,1,0.25595,0,0,1,0,1,0.05440,2.14143,0.22046,0.04860,0.00,0.03940,0.27095,0.10426,0.16835,0.07354,0.34350
3,7001,combined_fixture_stress_3_7001_tether,combined_fixture_stress,latent_fixture_v5_no_hysteresis_memory,tether,unknown,slot,cautious_probe_pull,0.29534,0,0.73000,0,0,1,1,0,0.00700,2.85802,0.10266,0.01054,0.00,0.05426,0.23134,0.20488,0.29534,0.11493,0.09925
3,7001,combined_fixture_stress_3_7001_tether,combined_fixture_stress,latent_fixture_v5_no_particle_refinement,tether,unknown,clamp,cautious_probe_pull,0.32980,0,0.66000,0,0,1,0,0,0.01400,2.15557,0.12096,0.01463,0.00,0.04645,0.32980,0.08678,0.16975,0.09391,0.27332
3,7001,combined_fixture_stress_3_7001_tether,combined_fixture_stress,latent_fixture_v5_no_safety_margin,tether,unknown,tether,cautious_probe_pull,0.33288,1,0.18670,0,0,1,1,1,0.06133,2.83901,0.23655,0.05596,0.00,0.03870,0.26234,0.10166,0.16250,0.10192,0.33288
3,7001,combined_fixture_stress_3_7001_tether,combined_fixture_stress,latent_fixture_v5_no_calibration,tether,unknown,tether,cautious_probe_pull,0.37064,1,0.23405,0,0,1,0,1,0.05659,2.14066,0.22793,0.05195,0.00,0.01176,0.28015,0.09000,0.15870,0.08875,0.37064
3,7001,combined_fixture_stress_3_7001_tether,combined_fixture_stress,latent_fixture_v5_no_adaptive_probe,tether,unknown,tether,unwind_tether,0.35037,1,0.18547,1,1,0,0,0,0.68145,1.92196,0.59825,0.16141,0.00,0.02985,0.26061,0.09974,0.16061,0.09882,0.35037
3,7002,combined_fixture_stress_3_7002_free,combined_fixture_stress,latent_fixture_v5_full,free,unknown,free,direct_translate,0.42613,1,0.18017,1,1,0,0,0,0.80198,1.76251,0.75358,0.06072,0.00,0.42613,0.11635,0.10383,0.15097,0.10227,0.10046
3,7002,combined_fixture_stress_3_7002_free,combined_fixture_stress,latent_fixture_v5_no_torque_features,free,unknown,free,cautious_probe_pull,0.23174,1,0.26378,1,1,0,1,1,0.67362,2.50744,0.42993,0.32497,0.00,0.23174,0.15285,0.08506,0.21731,0.15483,0.15821
3,7002,combined_fixture_stress_3_7002_free,combined_fixture_stress,latent_fixture_v5_no_compliance_anisotropy,free,unknown,free,cautious_probe_pull,0.33583,1,0.25649,0,0,1,1,0,0.05435,2.72419,0.44768,0.20042,0.00,0.33583,0.14086,0.15779,0.08527,0.13001,0.15025
3,7002,combined_fixture_stress_3_7002_free,combined_fixture_stress,latent_fixture_v5_no_release_cues,free,unknown,free,direct_translate,0.43538,1,0.24952,1,1,0,0,0,0.79505,1.76494,0.72576,0.07521,0.00,0.43538,0.12652,0.11190,0.16530,0.05286,0.10804
3,7002,combined_fixture_stress_3_7002_free,combined_fixture_stress,latent_fixture_v5_no_hysteresis_memory,free,unknown,free,direct_translate,0.44062,1,0.24916,1,1,0,0,0,0.79508,1.76493,0.72712,0.07447,0.00,0.44062,0.09958,0.11609,0.17242,0.11468,0.05661
3,7002,combined_fixture_stress_3_7002_free,combined_fixture_stress,latent_fixture_v5_no_particle_refinement,free,unknown,free,cautious_probe_pull,0.20977,1,0.19532,1,1,0,1,0,0.68047,2.50504,0.44256,0.31074,0.00,0.20977,0.16243,0.14206,0.20758,0.14126,0.13690
3,7002,combined_fixture_stress_3_7002_free,combined_fixture_stress,latent_fixture_v5_no_safety_margin,free,unknown,free,direct_translate,0.42613,1,0.18017,1,1,0,0,0,0.80198,1.76251,0.74099,0.06709,0.00,0.42613,0.11635,0.10383,0.15097,0.10227,0.10046
3,7002,combined_fixture_stress_3_7002_free,combined_fixture_stress,latent_fixture_v5_no_calibration,free,unknown,free,direct_translate,0.50418,1,0.22471,1,1,0,0,0,0.79753,1.76407,0.74878,0.06311,0.00,0.50418,0.10436,0.08452,0.14286,0.08415,0.07993
3,7002,combined_fixture_stress_3_7002_free,combined_fixture_stress,latent_fixture_v5_no_adaptive_probe,free,unknown,free,direct_translate,0.47203,1,0.17696,1,1,0,0,0,0.80230,1.76240,0.75316,0.06093,0.00,0.47203,0.10796,0.09407,0.14263,0.09278,0.09052
3,7003,combined_fixture_stress_3_7003_clamp,combined_fixture_stress,latent_fixture_v5_full,clamp,clamp,suction,peel_then_translate,0.47140,0,0.66000,0,0,1,0,1,0.01400,2.06606,0.01704,0.00029,0.00,0.02785,0.30076,0.03742,0.04661,0.47140,0.11597
3,7003,combined_fixture_stress_3_7003_clamp,combined_fixture_stress,latent_fixture_v5_no_torque_features,clamp,clamp,suction,peel_then_translate,0.46577,0,0.73000,0,0,1,1,0,0.00700,2.76851,0.01701,0.00029,0.00,0.03583,0.24307,0.05060,0.07104,0.46577,0.13369
3,7003,combined_fixture_stress_3_7003_clamp,combined_fixture_stress,latent_fixture_v5_no_compliance_anisotropy,clamp,clamp,suction,peel_then_translate,0.48325,0,0.73000,0,0,1,0,0,0.00700,2.06851,0.01711,0.00029,0.00,0.02794,0.29402,0.03793,0.03265,0.48325,0.12422
3,7003,combined_fixture_stress_3_7003_clamp,combined_fixture_stress,latent_fixture_v5_no_release_cues,clamp,clamp,clamp,release_clamp_pull,0.45005,1,0.24850,1,1,0,0,0,0.79515,1.79266,0.61112,0.15123,0.00,0.02961,0.45005,0.05632,0.08494,0.07370,0.30539
3,7003,combined_fixture_stress_3_7003_clamp,combined_fixture_stress,latent_fixture_v5_no_hysteresis_memory,clamp,clamp,suction,peel_then_translate,0.59584,0,0.73000,0,0,1,1,1,0.00700,2.76851,0.01774,0.00031,0.00,0.03021,0.15071,0.06371,0.10862,0.59584,0.05090
3,7003,combined_fixture_stress_3_7003_clamp,combined_fixture_stress,latent_fixture_v5_no_particle_refinement,clamp,clamp,suction,peel_then_translate,0.54280,0,0.66000,0,0,1,1,0,0.01400,2.76606,0.01744,0.00030,0.00,0.03646,0.21500,0.04289,0.05113,0.54280,0.11172
3,7003,combined_fixture_stress_3_7003_clamp,combined_fixture_stress,latent_fixture_v5_no_safety_margin,clamp,clamp,suction,direct_translate,0.47140,0,0.66000,0,0,1,1,0,0.13400,2.72406,0.01704,0.00029,0.00,0.02785,0.30076,0.03742,0.04661,0.47140,0.11597
3,7003,combined_fixture_stress_3_7003_clamp,combined_fixture_stress,latent_fixture_v5_no_calibration,clamp,clamp,suction,peel_then_translate,0.53406,0,0.71000,0,0,1,0,1,0.00900,2.06781,0.01739,0.00030,0.00,0.00126,0.31935,0.01313,0.02410,0.53406,0.10810
3,7003,combined_fixture_stress_3_7003_clamp,combined_fixture_stress,latent_fixture_v5_no_adaptive_probe,clamp,clamp,suction,peel_then_translate,0.48264,0,0.66000,0,0,1,0,0,0.01400,2.06606,0.01710,0.00029,0.00,0.01901,0.31527,0.02960,0.03942,0.48264,0.11406
3,7004,combined_fixture_stress_3_7004_hinge,combined_fixture_stress,latent_fixture_v5_full,hinge,unknown,hinge,pivot_rotate,0.44488,1,0.17886,1,1,0,0,0,0.80211,1.65658,0.66572,0.11174,0.00,0.04539,0.25018,0.44488,0.08488,0.09052,0.08416
3,7004,combined_fixture_stress_3_7004_hinge,combined_fixture_stress,latent_fixture_v5_no_torque_features,hinge,unknown,clamp,cautious_probe_pull,0.37900,0,0.73000,0,0,1,0,1,0.00700,1.93487,0.01652,0.00027,0.00,0.06690,0.37900,0.09975,0.14672,0.16891,0.13873
3,7004,combined_fixture_stress_3_7004_hinge,combined_fixture_stress,latent_fixture_v5_no_compliance_anisotropy,hinge,unknown,hinge,pivot_rotate,0.44981,1,0.24851,1,1,0,0,0,0.79515,1.65902,0.63644,0.13217,0.00,0.04718,0.26693,0.44981,0.05038,0.09597,0.08973
3,7004,combined_fixture_stress_3_7004_hinge,combined_fixture_stress,latent_fixture_v5_no_release_cues,hinge,unknown,hinge,pivot_rotate,0.45768,1,0.24796,1,1,0,0,0,0.79520,1.65900,0.63824,0.13087,0.00,0.04625,0.26837,0.45768,0.08870,0.05223,0.08678
3,7004,combined_fixture_stress_3_7004_hinge,combined_fixture_stress,latent_fixture_v5_no_hysteresis_memory,hinge,unknown,hinge,pivot_rotate,0.48028,1,0.24638,1,1,0,0,0,0.79536,1.65895,0.64341,0.12716,0.00,0.04796,0.21555,0.48028,0.09311,0.10072,0.06237
3,7004,combined_fixture_stress_3_7004_hinge,combined_fixture_stress,latent_fixture_v5_no_particle_refinement,hinge,unknown,clamp,cautious_probe_pull,0.34481,0,0.66000,0,0,1,0,0,0.01400,1.93242,0.01633,0.00027,0.00,0.05720,0.34481,0.28824,0.10436,0.11580,0.08958
3,7004,combined_fixture_stress_3_7004_hinge,combined_fixture_stress,latent_fixture_v5_no_safety_margin,hinge,unknown,hinge,direct_translate,0.44488,1,0.17886,1,0,0,0,1,0.80211,1.65658,0.06186,0.88011,0.00,0.04539,0.25018,0.44488,0.08488,0.09052,0.08416
3,7004,combined_fixture_stress_3_7004_hinge,combined_fixture_stress,latent_fixture_v5_no_calibration,hinge,unknown,hinge,pivot_rotate,0.51560,1,0.22391,1,1,0,0,0,0.79761,1.65816,0.65668,0.11787,0.00,0.01661,0.27228,0.51560,0.06292,0.07036,0.06223
3,7004,combined_fixture_stress_3_7004_hinge,combined_fixture_stress,latent_fixture_v5_no_adaptive_probe,hinge,unknown,hinge,pivot_rotate,0.48235,1,0.17624,1,1,0,0,0,0.80238,1.65649,0.66184,0.11435,0.00,0.03556,0.24689,0.48235,0.07629,0.08186,0.07705
3,7005,combined_fixture_stress_3_7005_slot,combined_fixture_stress,latent_fixture_v5_full,slot,free,clamp,cautious_probe_pull,0.37671,0,0.66000,0,0,1,1,0,0.01400,3.00395,0.20133,0.04054,0.00,0.07248,0.37671,0.07483,0.35400,0.06408,0.05790
3,7005,combined_fixture_stress_3_7005_slot,combined_fixture_stress,latent_fixture_v5_no_torque_features,slot,free,clamp,release_clamp_pull,0.44434,0,0.73000,0,0,1,0,1,0.12700,2.26440,0.01689,0.00029,0.00,0.08501,0.44434,0.07111,0.19647,0.11270,0.09037
3,7005,combined_fixture_stress_3_7005_slot,combined_fixture_stress,latent_fixture_v5_no_compliance_anisotropy,slot,free,clamp,release_clamp_pull,0.42670,0,0.73000,0,0,1,0,0,0.12700,2.26440,0.01679,0.00028,0.00,0.08528,0.42670,0.10935,0.20168,0.08621,0.09077
3,7005,combined_fixture_stress_3_7005_slot,combined_fixture_stress,latent_fixture_v5_no_release_cues,slot,free,clamp,cautious_probe_pull,0.38733,0,0.73000,0,0,1,0,0,0.00700,2.30640,0.17224,0.02967,0.00,0.07309,0.38733,0.07587,0.35729,0.04794,0.05848
3,7005,combined_fixture_stress_3_7005_slot,combined_fixture_stress,latent_fixture_v5_no_hysteresis_memory,slot,free,slot,cautious_probe_pull,0.36051,1,0.25476,1,1,0,1,0,0.67452,2.77277,0.28772,0.50735,0.00,0.07537,0.35147,0.08787,0.36051,0.07060,0.05417
3,7005,combined_fixture_stress_3_7005_slot,combined_fixture_stress,latent_fixture_v5_no_particle_refinement,slot,free,clamp,release_clamp_pull,0.53020,0,0.66000,0,0,1,0,1,0.13400,2.26195,0.01737,0.00030,0.00,0.08851,0.53020,0.08093,0.16705,0.07390,0.05940
3,7005,combined_fixture_stress_3_7005_slot,combined_fixture_stress,latent_fixture_v5_no_safety_margin,slot,free,clamp,cautious_probe_pull,0.37671,0,0.66000,1,1,0,1,1,0.63400,2.78695,0.18895,0.65780,0.00,0.07248,0.37671,0.07483,0.35400,0.06408,0.05790
3,7005,combined_fixture_stress_3_7005_slot,combined_fixture_stress,latent_fixture_v5_no_calibration,slot,free,clamp,release_clamp_pull,0.43901,0,0.71000,0,0,1,0,0,0.12900,2.26370,0.01686,0.00028,0.00,0.01606,0.43901,0.05034,0.42532,0.03752,0.03175
3,7005,combined_fixture_stress_3_7005_slot,combined_fixture_stress,latent_fixture_v5_no_adaptive_probe,slot,free,slot,follow_slot_axis,0.39482,1,0.18236,1,1,0,0,0,0.80176,2.02824,0.66626,0.11138,0.00,0.05396,0.37927,0.06688,0.39482,0.05513,0.04994
3,7006,combined_fixture_stress_3_7006_suction,combined_fixture_stress,latent_fixture_v5_full,suction,clamp,suction,peel_then_translate,0.68232,1,0.16224,1,1,0,0,0,0.68378,1.76463,0.70445,0.08735,0.00,0.02775,0.12902,0.03771,0.06534,0.68232,0.05787
3,7006,combined_fixture_stress_3_7006_suction,combined_fixture_stress,latent_fixture_v5_no_torque_features,suction,clamp,suction,peel_then_translate,0.55497,1,0.24115,1,1,0,0,0,0.67588,1.76739,0.64302,0.12743,0.00,0.03913,0.17885,0.05120,0.08923,0.55497,0.08662
3,7006,combined_fixture_stress_3_7006_suction,combined_fixture_stress,latent_fixture_v5_no_compliance_anisotropy,suction,clamp,suction,peel_then_translate,0.69239,1,0.23153,1,1,0,0,0,0.67685,1.76706,0.67392,0.10633,0.00,0.02804,0.13611,0.03921,0.04043,0.69239,0.06383
3,7006,combined_fixture_stress_3_7006_suction,combined_fixture_stress,latent_fixture_v5_no_release_cues,suction,clamp,clamp,cautious_probe_pull,0.41209,0,0.73000,0,0,1,0,0,0.00700,2.00150,0.07343,0.00539,0.00,0.03559,0.41209,0.07377,0.20862,0.10764,0.16230
3,7006,combined_fixture_stress_3_7006_suction,combined_fixture_stress,latent_fixture_v5_no_hysteresis_memory,suction,clamp,suction,peel_then_translate,0.63282,1,0.23570,0,0,1,0,0,0.05643,1.98420,0.66050,0.43626,0.00,0.03207,0.11034,0.05875,0.12024,0.63282,0.04579
3,7006,combined_fixture_stress_3_7006_suction,combined_fixture_stress,latent_fixture_v5_no_particle_refinement,suction,clamp,suction,peel_then_translate,0.66514,1,0.16344,1,1,0,0,0,0.68366,1.76467,0.68681,0.09809,0.00,0.03577,0.14741,0.04156,0.05320,0.66514,0.05693
3,7006,combined_fixture_stress_3_7006_suction,combined_fixture_stress,latent_fixture_v5_no_safety_margin,suction,clamp,suction,peel_then_translate,0.68232,1,0.16224,1,1,0,0,0,0.68378,1.76463,0.69078,0.09561,0.00,0.02775,0.12902,0.03771,0.06534,0.68232,0.05787
3,7006,combined_fixture_stress_3_7006_suction,combined_fixture_stress,latent_fixture_v5_no_calibration,suction,clamp,suction,peel_then_translate,0.79582,1,0.20429,1,0,0,0,1,0.67957,1.76610,0.70299,0.08822,0.00,0.00211,0.09653,0.01474,0.05135,0.79582,0.03946
3,7006,combined_fixture_stress_3_7006_suction,combined_fixture_stress,latent_fixture_v5_no_adaptive_probe,suction,clamp,suction,peel_then_translate,0.71799,1,0.15974,1,0,0,0,0,0.68403,1.76454,0.69905,0.09057,0.00,0.01926,0.11740,0.03045,0.06243,0.71799,0.05247
3,7007,combined_fixture_stress_3_7007_tether,combined_fixture_stress,latent_fixture_v5_full,tether,unknown,tether,cautious_probe_pull,0.40836,1,0.18141,1,1,0,1,1,0.68186,2.53320,0.25654,0.55273,0.00,0.04153,0.25505,0.11480,0.09803,0.08224,0.40836
3,7007,combined_fixture_stress_3_7007_tether,combined_fixture_stress,latent_fixture_v5_no_torque_features,tether,unknown,tether,cautious_probe_pull,0.33186,1,0.25677,0,0,1,0,1,0.05432,2.05283,0.21938,0.04813,0.00,0.05468,0.30435,0.07090,0.11933,0.11888,0.33186
3,7007,combined_fixture_stress_3_7007_tether,combined_fixture_stress,latent_fixture_v5_no_compliance_anisotropy,tether,unknown,tether,unwind_tether,0.43280,1,0.24970,1,1,0,0,0,0.67503,1.83559,0.59891,0.16087,0.00,0.04469,0.26749,0.11462,0.05320,0.08720,0.43280
3,7007,combined_fixture_stress_3_7007_tether,combined_fixture_stress,latent_fixture_v5_no_release_cues,tether,unknown,tether,cautious_probe_pull,0.41814,1,0.25073,0,0,1,1,0,0.05493,2.75262,0.22742,0.05172,0.00,0.04200,0.26160,0.11643,0.10000,0.06183,0.41814
3,7007,combined_fixture_stress_3_7007_tether,combined_fixture_stress,latent_fixture_v5_no_hysteresis_memory,tether,unknown,clamp,cautious_probe_pull,0.26534,0,0.73000,0,0,1,0,1,0.00700,2.06940,0.10159,0.01032,0.00,0.06013,0.26534,0.24660,0.22170,0.11757,0.08867
3,7007,combined_fixture_stress_3_7007_tether,combined_fixture_stress,latent_fixture_v5_no_particle_refinement,tether,unknown,tether,cautious_probe_pull,0.37653,1,0.18364,0,0,1,1,0,0.06164,2.75027,0.24087,0.05802,0.00,0.04617,0.31609,0.08258,0.09792,0.08071,0.37653
3,7007,combined_fixture_stress_3_7007_tether,combined_fixture_stress,latent_fixture_v5_no_safety_margin,tether,unknown,tether,cautious_probe_pull,0.40836,1,0.18141,1,1,0,0,0,0.68186,1.83320,0.24402,0.57150,0.00,0.04153,0.25505,0.11480,0.09803,0.08224,0.40836
3,7007,combined_fixture_stress_3_7007_tether,combined_fixture_stress,latent_fixture_v5_no_calibration,tether,unknown,tether,unwind_tether,0.45606,1,0.22808,1,1,0,0,0,0.67719,1.83483,0.60905,0.15284,0.00,0.01578,0.27066,0.11017,0.08286,0.06448,0.45606
3,7007,combined_fixture_stress_3_7007_tether,combined_fixture_stress,latent_fixture_v5_no_adaptive_probe,tether,unknown,tether,unwind_tether,0.42592,1,0.18019,1,1,0,0,0,0.68198,1.83315,0.61505,0.14819,0.00,0.03336,0.25333,0.11678,0.09351,0.07710,0.42592
3,7008,combined_fixture_stress_3_7008_free,combined_fixture_stress,latent_fixture_v5_full,free,unknown,free,cautious_probe_pull,0.39466,1,0.18237,0,0,1,0,1,0.06176,2.08526,0.48766,0.23781,0.00,0.39466,0.10921,0.16321,0.13697,0.09799,0.09795
3,7008,combined_fixture_stress_3_7008_free,combined_fixture_stress,latent_fixture_v5_no_torque_features,free,unknown,slot,cautious_probe_pull,0.21464,0,0.73000,1,1,0,1,0,0.62700,2.58743,0.31820,0.46485,0.00,0.21302,0.15951,0.08777,0.21464,0.16536,0.15971
3,7008,combined_fixture_stress_3_7008_free,combined_fixture_stress,latent_fixture_v5_no_compliance_anisotropy,free,unknown,free,cautious_probe_pull,0.26914,1,0.26116,1,1,0,0,1,0.67388,1.87102,0.43630,0.31776,0.00,0.26914,0.12782,0.23592,0.09012,0.12474,0.15226
3,7008,combined_fixture_stress_3_7008_free,combined_fixture_stress,latent_fixture_v5_no_release_cues,free,unknown,free,cautious_probe_pull,0.40220,1,0.25185,0,0,1,1,0,0.05482,2.78769,0.45906,0.21074,0.00,0.40220,0.11733,0.17649,0.14728,0.05293,0.10377
3,7008,combined_fixture_stress_3_7008_free,combined_fixture_stress,latent_fixture_v5_no_hysteresis_memory,free,unknown,free,cautious_probe_pull,0.40851,1,0.25140,0,0,1,0,1,0.05486,2.08768,0.46014,0.21173,0.00,0.40851,0.09268,0.18254,0.14988,0.10675,0.05964
3,7008,combined_fixture_stress_3_7008_free,combined_fixture_stress,latent_fixture_v5_no_particle_refinement,free,unknown,hinge,cautious_probe_pull,0.22128,0,0.66000,1,1,0,0,0,0.63400,1.88498,0.33538,0.44172,0.00,0.18849,0.15168,0.22128,0.17985,0.13206,0.12664
3,7008,combined_fixture_stress_3_7008_free,combined_fixture_stress,latent_fixture_v5_no_safety_margin,free,unknown,free,cautious_probe_pull,0.39466,1,0.18237,1,1,0,1,0,0.68176,2.56826,0.47520,0.27541,0.00,0.39466,0.10921,0.16321,0.13697,0.09799,0.09795
3,7008,combined_fixture_stress_3_7008_free,combined_fixture_stress,latent_fixture_v5_no_calibration,free,unknown,free,direct_translate,0.47099,1,0.22703,0,0,1,0,1,0.17730,2.04483,0.74010,0.54775,0.00,0.47099,0.09560,0.15759,0.12266,0.07780,0.07537
3,7008,combined_fixture_stress_3_7008_free,combined_fixture_stress,latent_fixture_v5_no_adaptive_probe,free,unknown,free,direct_translate,0.43898,1,0.17927,1,1,0,0,0,0.80207,1.82615,0.74439,0.06533,0.00,0.43898,0.10071,0.15547,0.12822,0.08840,0.08821
3,7009,combined_fixture_stress_3_7009_clamp,combined_fixture_stress,latent_fixture_v5_full,clamp,clamp,clamp,cautious_probe_pull,0.37811,1,0.18353,0,0,1,0,0,0.06165,2.08721,0.17908,0.03207,0.00,0.02818,0.37811,0.04528,0.03553,0.33593,0.17698
3,7009,combined_fixture_stress_3_7009_clamp,combined_fixture_stress,latent_fixture_v5_no_torque_features,clamp,clamp,suction,cautious_probe_pull,0.38655,0,0.73000,0,0,1,0,1,0.00700,2.10633,0.03139,0.00099,0.00,0.03543,0.29316,0.05350,0.05585,0.38655,0.17552
3,7009,combined_fixture_stress_3_7009_clamp,combined_fixture_stress,latent_fixture_v5_no_compliance_anisotropy,clamp,clamp,clamp,cautious_probe_pull,0.39560,1,0.25231,0,0,1,1,0,0.05477,2.78961,0.15054,0.02266,0.00,0.02828,0.39560,0.04323,0.03101,0.33029,0.17159
3,7009,combined_fixture_stress_3_7009_clamp,combined_fixture_stress,latent_fixture_v5_no_release_cues,clamp,clamp,clamp,release_clamp_pull,0.47216,1,0.24695,0,0,1,0,0,0.17531,2.04743,0.61599,0.37944,0.00,0.02844,0.47216,0.06211,0.04279,0.05152,0.34299
3,7009,combined_fixture_stress_3_7009_clamp,combined_fixture_stress,latent_fixture_v5_no_hysteresis_memory,clamp,clamp,suction,peel_then_translate,0.50610,0,0.73000,0,0,1,0,0,0.00700,2.10633,0.01723,0.00030,0.00,0.03131,0.21156,0.11016,0.06292,0.50610,0.07796
3,7009,combined_fixture_stress_3_7009_clamp,combined_fixture_stress,latent_fixture_v5_no_particle_refinement,clamp,clamp,suction,peel_then_translate,0.42581,0,0.66000,1,1,0,0,0,0.63400,1.88688,0.01678,0.96671,0.00,0.03696,0.28125,0.04928,0.04337,0.42581,0.16334
3,7009,combined_fixture_stress_3_7009_clamp,combined_fixture_stress,latent_fixture_v5_no_safety_margin,clamp,clamp,clamp,cautious_probe_pull,0.37811,1,0.18353,0,0,1,1,0,0.06165,2.78721,0.16669,0.02779,0.00,0.02818,0.37811,0.04528,0.03553,0.33593,0.17698
3,7009,combined_fixture_stress_3_7009_clamp,combined_fixture_stress,latent_fixture_v5_no_calibration,clamp,clamp,clamp,cautious_probe_pull,0.41122,1,0.23121,1,0,0,0,0,0.67688,1.87188,0.15662,0.71129,0.00,0.00124,0.41122,0.02222,0.01003,0.37361,0.18168
3,7009,combined_fixture_stress_3_7009_clamp,combined_fixture_stress,latent_fixture_v5_no_adaptive_probe,clamp,clamp,clamp,release_clamp_pull,0.39811,1,0.18213,1,1,0,0,0,0.80179,1.82816,0.61717,0.14656,0.00,0.01922,0.39811,0.03798,0.02710,0.33779,0.17980
4,7000,combined_fixture_stress_4_7000_free,combined_fixture_stress,latent_fixture_v5_full,free,unknown,free,direct_translate,0.42928,1,0.17995,1,1,0,0,0,0.80200,1.83228,0.75443,0.06031,0.00,0.42928,0.10636,0.17208,0.10381,0.09416,0.09432
4,7000,combined_fixture_stress_4_7000_free,combined_fixture_stress,latent_fixture_v5_no_torque_features,free,unknown,free,cautious_probe_pull,0.26369,1,0.26154,1,1,0,0,1,0.67385,1.87714,0.43537,0.31881,0.00,0.26369,0.15827,0.07637,0.16453,0.17358,0.16355
4,7000,combined_fixture_stress_4_7000_free,combined_fixture_stress,latent_fixture_v5_no_compliance_anisotropy,free,unknown,free,cautious_probe_pull,0.30028,1,0.25898,0,0,1,1,1,0.05410,2.79405,0.44160,0.19501,0.00,0.30028,0.11648,0.24821,0.08348,0.11528,0.13628
4,7000,combined_fixture_stress_4_7000_free,combined_fixture_stress,latent_fixture_v5_no_release_cues,free,unknown,free,direct_translate,0.43706,1,0.24941,1,1,0,0,1,0.79506,1.83472,0.72619,0.07497,0.00,0.43706,0.11383,0.18645,0.11070,0.05184,0.10013
4,7000,combined_fixture_stress_4_7000_free,combined_fixture_stress,latent_fixture_v5_no_hysteresis_memory,free,unknown,free,direct_translate,0.44515,1,0.24884,1,1,0,0,0,0.79512,1.83470,0.72829,0.07383,0.00,0.44515,0.09043,0.19407,0.11318,0.10292,0.05424
4,7000,combined_fixture_stress_4_7000_free,combined_fixture_stress,latent_fixture_v5_no_particle_refinement,free,unknown,hinge,cautious_probe_pull,0.24001,0,0.66000,0,0,1,1,0,0.01400,2.80809,0.33763,0.11399,0.00,0.21062,0.14827,0.24001,0.14210,0.12987,0.12913
4,7000,combined_fixture_stress_4_7000_free,combined_fixture_stress,latent_fixture_v5_no_safety_margin,free,unknown,free,direct_translate,0.42928,1,0.17995,1,1,0,0,0,0.80200,1.83228,0.74182,0.06665,0.00,0.42928,0.10636,0.17208,0.10381,0.09416,0.09432
4,7000,combined_fixture_stress_4_7000_free,combined_fixture_stress,latent_fixture_v5_no_calibration,free,unknown,free,direct_translate,0.50715,1,0.22450,1,1,0,0,0,0.79755,1.83384,0.74955,0.06272,0.00,0.50715,0.09117,0.17200,0.08390,0.07337,0.07240
4,7000,combined_fixture_stress_4_7000_free,combined_fixture_stress,latent_fixture_v5_no_adaptive_probe,free,unknown,free,direct_translate,0.47537,1,0.17672,1,1,0,0,0,0.80233,1.83217,0.75404,0.06049,0.00,0.47537,0.09744,0.16496,0.09386,0.08422,0.08414
4,7001,combined_fixture_stress_4_7001_clamp,combined_fixture_stress,latent_fixture_v5_full,clamp,slot,tether,cautious_probe_pull,0.29905,0,0.66000,0,0,1,1,0,0.01400,2.92170,0.05940,0.00353,0.00,0.02796,0.29836,0.07401,0.10839,0.19223,0.29905
4,7001,combined_fixture_stress_4_7001_clamp,combined_fixture_stress,latent_fixture_v5_no_torque_features,clamp,slot,clamp,cautious_probe_pull,0.30726,1,0.25849,0,0,1,1,0,0.05415,2.90765,0.14456,0.02090,0.00,0.03544,0.30726,0.04700,0.11831,0.24235,0.24965
4,7001,combined_fixture_stress_4_7001_clamp,combined_fixture_stress,latent_fixture_v5_no_compliance_anisotropy,clamp,slot,tether,cautious_probe_pull,0.32084,0,0.73000,0,0,1,1,0,0.00700,2.92415,0.03069,0.00094,0.00,0.02815,0.30632,0.07854,0.06349,0.20266,0.32084
4,7001,combined_fixture_stress_4_7001_clamp,combined_fixture_stress,latent_fixture_v5_no_release_cues,clamp,slot,clamp,cautious_probe_pull,0.36237,1,0.25463,1,0,0,1,1,0.67454,2.69052,0.14828,0.72542,0.00,0.02901,0.36237,0.08236,0.11775,0.06739,0.34112
4,7001,combined_fixture_stress_4_7001_clamp,combined_fixture_stress,latent_fixture_v5_no_hysteresis_memory,clamp,slot,suction,cautious_probe_pull,0.27952,0,0.73000,0,0,1,1,1,0.00700,2.92415,0.03025,0.00092,0.00,0.03347,0.19284,0.19990,0.22196,0.27952,0.07232
4,7001,combined_fixture_stress_4_7001_clamp,combined_fixture_stress,latent_fixture_v5_no_particle_refinement,clamp,slot,clamp,cautious_probe_pull,0.28778,1,0.18986,1,0,0,1,1,0.68101,2.68825,0.16007,0.70548,0.00,0.03598,0.28778,0.07100,0.12580,0.20585,0.27359
4,7001,combined_fixture_stress_4_7001_clamp,combined_fixture_stress,latent_fixture_v5_no_safety_margin,clamp,slot,tether,cautious_probe_pull,0.29905,0,0.66000,0,0,1,1,1,0.01400,2.92170,0.04734,0.00224,0.00,0.02796,0.29836,0.07401,0.10839,0.19223,0.29905
4,7001,combined_fixture_stress_4_7001_clamp,combined_fixture_stress,latent_fixture_v5_no_calibration,clamp,slot,tether,cautious_probe_pull,0.33388,0,0.71000,0,0,1,0,1,0.00900,2.22345,0.03571,0.00128,0.00,0.00258,0.33121,0.05939,0.07241,0.20052,0.33388
4,7001,combined_fixture_stress_4_7001_clamp,combined_fixture_stress,latent_fixture_v5_no_adaptive_probe,clamp,slot,tether,unwind_tether,0.31211,0,0.66000,0,0,1,0,0,0.01400,2.22170,0.01615,0.00026,0.00,0.01955,0.30927,0.06996,0.09583,0.19328,0.31211
4,7002,combined_fixture_stress_4_7002_hinge,combined_fixture_stress,latent_fixture_v5_full,hinge,hinge,hinge,cautious_probe_pull,0.41859,1,0.18070,1,0,0,1,0,0.68193,2.39754,0.12365,0.76799,0.00,0.03939,0.19927,0.41859,0.16667,0.08684,0.08924
4,7002,combined_fixture_stress_4_7002_hinge,combined_fixture_stress,latent_fixture_v5_no_torque_features,hinge,hinge,clamp,cautious_probe_pull,0.34973,0,0.73000,0,0,1,0,1,0.00700,1.93376,0.01636,0.00027,0.00,0.06059,0.34973,0.10932,0.17678,0.18050,0.12308
4,7002,combined_fixture_stress_4_7002_hinge,combined_fixture_stress,latent_fixture_v5_no_compliance_anisotropy,hinge,hinge,hinge,pivot_rotate,0.44990,1,0.24851,1,1,0,0,0,0.79515,1.65791,0.63647,0.13216,0.00,0.04411,0.22343,0.44990,0.07866,0.10050,0.10341
4,7002,combined_fixture_stress_4_7002_hinge,combined_fixture_stress,latent_fixture_v5_no_release_cues,hinge,hinge,hinge,pivot_rotate,0.43212,1,0.24975,1,1,0,0,0,0.79502,1.65795,0.63241,0.13513,0.00,0.04002,0.20951,0.43212,0.17162,0.05563,0.09110
4,7002,combined_fixture_stress_4_7002_hinge,combined_fixture_stress,latent_fixture_v5_no_hysteresis_memory,hinge,hinge,hinge,pivot_rotate,0.45925,1,0.24785,1,0,0,0,0,0.79521,1.65789,0.63860,0.13061,0.00,0.04127,0.16497,0.45925,0.17134,0.09122,0.07195
4,7002,combined_fixture_stress_4_7002_hinge,combined_fixture_stress,latent_fixture_v5_no_particle_refinement,hinge,hinge,hinge,cautious_probe_pull,0.36736,1,0.18429,1,1,0,0,1,0.68157,1.69766,0.10830,0.79513,0.00,0.04743,0.27076,0.36736,0.14317,0.09633,0.07496
4,7002,combined_fixture_stress_4_7002_hinge,combined_fixture_stress,latent_fixture_v5_no_safety_margin,hinge,hinge,hinge,cautious_probe_pull,0.41859,1,0.18070,0,0,1,1,0,0.06193,2.61454,0.11109,0.01234,0.00,0.03939,0.19927,0.41859,0.16667,0.08684,0.08924
4,7002,combined_fixture_stress_4_7002_hinge,combined_fixture_stress,latent_fixture_v5_no_calibration,hinge,hinge,hinge,pivot_rotate,0.45072,1,0.22845,1,1,0,0,0,0.79716,1.65721,0.64173,0.12836,0.00,0.01474,0.21355,0.45072,0.17145,0.07137,0.07817
4,7002,combined_fixture_stress_4_7002_hinge,combined_fixture_stress,latent_fixture_v5_no_adaptive_probe,hinge,hinge,hinge,pivot_rotate,0.43353,1,0.17965,1,1,0,0,0,0.80203,1.65550,0.65040,0.12222,0.00,0.03119,0.19606,0.43353,0.17055,0.08123,0.08743
4,7003,combined_fixture_stress_4_7003_slot,combined_fixture_stress,latent_fixture_v5_full,slot,unknown,clamp,cautious_probe_pull,0.39368,0,0.66000,0,0,1,0,0,0.01400,2.15163,0.20249,0.04100,0.00,0.05144,0.39368,0.08215,0.34337,0.06800,0.06136
4,7003,combined_fixture_stress_4_7003_slot,combined_fixture_stress,latent_fixture_v5_no_torque_features,slot,unknown,clamp,release_clamp_pull,0.48321,0,0.73000,0,0,1,1,0,0.12700,2.81208,0.01711,0.00029,0.00,0.06582,0.48321,0.06420,0.15115,0.13734,0.09829
4,7003,combined_fixture_stress_4_7003_slot,combined_fixture_stress,latent_fixture_v5_no_compliance_anisotropy,slot,unknown,clamp,release_clamp_pull,0.42936,0,0.73000,0,0,1,1,1,0.12700,2.81208,0.01680,0.00028,0.00,0.05459,0.42936,0.11812,0.21520,0.09291,0.08982
4,7003,combined_fixture_stress_4_7003_slot,combined_fixture_stress,latent_fixture_v5_no_release_cues,slot,unknown,clamp,cautious_probe_pull,0.40360,0,0.73000,0,0,1,1,1,0.00700,2.85408,0.17318,0.02999,0.00,0.05186,0.40360,0.08335,0.34586,0.05335,0.06198
4,7003,combined_fixture_stress_4_7003_slot,combined_fixture_stress,latent_fixture_v5_no_hysteresis_memory,slot,unknown,clamp,cautious_probe_pull,0.37199,0,0.73000,0,0,1,1,1,0.00700,2.85408,0.17134,0.02936,0.00,0.05726,0.37199,0.09822,0.33963,0.07467,0.05824
4,7003,combined_fixture_stress_4_7003_slot,combined_fixture_stress,latent_fixture_v5_no_particle_refinement,slot,unknown,clamp,release_clamp_pull,0.55502,0,0.66000,0,0,1,1,0,0.13400,2.80963,0.01751,0.00031,0.00,0.05576,0.55502,0.09663,0.14779,0.07869,0.06611
4,7003,combined_fixture_stress_4_7003_slot,combined_fixture_stress,latent_fixture_v5_no_safety_margin,slot,unknown,clamp,cautious_probe_pull,0.39368,0,0.66000,1,1,0,1,0,0.63400,2.63463,0.19004,0.65604,0.00,0.05144,0.39368,0.08215,0.34337,0.06800,0.06136
4,7003,combined_fixture_stress_4_7003_slot,combined_fixture_stress,latent_fixture_v5_no_calibration,slot,unknown,clamp,release_clamp_pull,0.45505,0,0.71000,0,0,1,1,1,0.12900,2.81138,0.01695,0.00029,0.00,0.01874,0.45505,0.05168,0.40962,0.03571,0.02921
4,7003,combined_fixture_stress_4_7003_slot,combined_fixture_stress,latent_fixture_v5_no_adaptive_probe,slot,unknown,clamp,release_clamp_pull,0.39514,0,0.66000,0,0,1,0,0,0.13400,2.10963,0.01661,0.00028,0.00,0.04123,0.39514,0.07154,0.38358,0.05725,0.05127
4,7004,combined_fixture_stress_4_7004_suction,combined_fixture_stress,latent_fixture_v5_full,suction,clamp,suction,peel_then_translate,0.61565,1,0.16690,1,0,0,0,0,0.68331,1.93070,0.68877,0.09687,0.00,0.02881,0.17820,0.05747,0.04495,0.61565,0.07492
4,7004,combined_fixture_stress_4_7004_suction,combined_fixture_stress,latent_fixture_v5_no_torque_features,suction,clamp,suction,peel_then_translate,0.53691,1,0.24242,1,1,0,0,0,0.67576,1.93334,0.63898,0.13034,0.00,0.03993,0.22379,0.04535,0.06018,0.53691,0.09383
4,7004,combined_fixture_stress_4_7004_suction,combined_fixture_stress,latent_fixture_v5_no_compliance_anisotropy,suction,clamp,suction,peel_then_translate,0.60471,1,0.23767,1,1,0,0,0,0.67623,1.93317,0.65418,0.11959,0.00,0.02855,0.18922,0.06165,0.03739,0.60471,0.07849
4,7004,combined_fixture_stress_4_7004_suction,combined_fixture_stress,latent_fixture_v5_no_release_cues,suction,clamp,clamp,release_clamp_pull,0.43770,0,0.73000,0,0,1,1,1,0.12700,2.82540,0.01685,0.00028,0.00,0.03694,0.43770,0.13821,0.09198,0.08565,0.20952
4,7004,combined_fixture_stress_4_7004_suction,combined_fixture_stress,latent_fixture_v5_no_hysteresis_memory,suction,clamp,suction,peel_then_translate,0.56968,1,0.24012,1,0,0,0,0,0.67599,1.93326,0.64632,0.12509,0.00,0.03633,0.14962,0.12155,0.06584,0.56968,0.05697
4,7004,combined_fixture_stress_4_7004_suction,combined_fixture_stress,latent_fixture_v5_no_particle_refinement,suction,clamp,suction,peel_then_translate,0.61337,1,0.16706,1,1,0,0,0,0.68329,1.93070,0.67485,0.10572,0.00,0.03618,0.18943,0.05171,0.04460,0.61337,0.06471
4,7004,combined_fixture_stress_4_7004_suction,combined_fixture_stress,latent_fixture_v5_no_safety_margin,suction,clamp,suction,peel_then_translate,0.61565,1,0.16690,1,1,0,0,1,0.68331,1.93070,0.67538,0.10538,0.00,0.02881,0.17820,0.05747,0.04495,0.61565,0.07492
4,7004,combined_fixture_stress_4_7004_suction,combined_fixture_stress,latent_fixture_v5_no_calibration,suction,clamp,suction,peel_then_translate,0.71398,1,0.21002,0,0,1,0,0,0.05900,2.14920,0.68432,0.46829,0.00,0.00346,0.15631,0.04027,0.02426,0.71398,0.06171
4,7004,combined_fixture_stress_4_7004_suction,combined_fixture_stress,latent_fixture_v5_no_adaptive_probe,suction,clamp,suction,peel_then_translate,0.64524,1,0.16483,1,1,0,0,0,0.68352,1.93062,0.68221,0.10099,0.00,0.02048,0.17049,0.05294,0.03881,0.64524,0.07204
4,7005,combined_fixture_stress_4_7005_tether,combined_fixture_stress,latent_fixture_v5_full,tether,clamp,tether,cautious_probe_pull,0.41462,1,0.18098,1,1,0,0,1,0.68190,1.94619,0.25719,0.55177,0.00,0.03621,0.34396,0.08548,0.05568,0.06405,0.41462
4,7005,combined_fixture_stress_4_7005_tether,combined_fixture_stress,latent_fixture_v5_no_torque_features,tether,clamp,clamp,release_clamp_pull,0.42495,0,0.73000,0,0,1,1,0,0.12700,2.84040,0.01678,0.00028,0.00,0.05121,0.42495,0.05618,0.07455,0.12053,0.27258
4,7005,combined_fixture_stress_4_7005_tether,combined_fixture_stress,latent_fixture_v5_no_compliance_anisotropy,tether,clamp,tether,unwind_tether,0.42072,1,0.25055,1,1,0,0,0,0.67495,1.94862,0.59629,0.16298,0.00,0.03410,0.35478,0.09024,0.03743,0.06273,0.42072
4,7005,combined_fixture_stress_4_7005_tether,combined_fixture_stress,latent_fixture_v5_no_release_cues,tether,clamp,tether,unwind_tether,0.42255,1,0.25042,0,0,1,0,0,0.05496,2.16562,0.59669,0.35604,0.00,0.03657,0.34888,0.08696,0.05662,0.04843,0.42255
4,7005,combined_fixture_stress_4_7005_tether,combined_fixture_stress,latent_fixture_v5_no_hysteresis_memory,tether,clamp,clamp,cautious_probe_pull,0.35554,0,0.73000,0,0,1,1,0,0.00700,2.88240,0.10482,0.01099,0.00,0.05679,0.35554,0.23227,0.12895,0.09933,0.12713
4,7005,combined_fixture_stress_4_7005_tether,combined_fixture_stress,latent_fixture_v5_no_particle_refinement,tether,clamp,clamp,release_clamp_pull,0.44330,0,0.66000,0,0,1,1,0,0.13400,2.83795,0.01688,0.00029,0.00,0.04135,0.44330,0.08635,0.06354,0.06641,0.29905
4,7005,combined_fixture_stress_4_7005_tether,combined_fixture_stress,latent_fixture_v5_no_safety_margin,tether,clamp,tether,cautious_probe_pull,0.41462,1,0.18098,1,0,0,1,1,0.68190,2.64619,0.24465,0.57056,0.00,0.03621,0.34396,0.08548,0.05568,0.06405,0.41462
4,7005,combined_fixture_stress_4_7005_tether,combined_fixture_stress,latent_fixture_v5_no_calibration,tether,clamp,tether,unwind_tether,0.48401,1,0.22612,0,0,1,0,0,0.05739,2.16477,0.61518,0.37844,0.00,0.01136,0.35590,0.07026,0.03390,0.04457,0.48401
4,7005,combined_fixture_stress_4_7005_tether,combined_fixture_stress,latent_fixture_v5_no_adaptive_probe,tether,clamp,tether,unwind_tether,0.44741,1,0.17868,1,0,0,0,0,0.68213,1.94611,0.61984,0.14452,0.00,0.02825,0.33715,0.08084,0.04836,0.05799,0.44741
4,7006,combined_fixture_stress_4_7006_free,combined_fixture_stress,latent_fixture_v5_full,free,free,free,direct_translate,0.48089,1,0.17634,1,1,0,0,0,0.80237,2.01153,0.76833,0.05367,0.00,0.48089,0.09234,0.16677,0.10468,0.07857,0.07675
4,7006,combined_fixture_stress_4_7006_free,combined_fixture_stress,latent_fixture_v5_no_torque_features,free,free,free,cautious_probe_pull,0.32128,1,0.25751,0,0,1,1,1,0.05425,2.97337,0.44519,0.19819,0.00,0.32128,0.14122,0.06787,0.17444,0.15357,0.14163
4,7006,combined_fixture_stress_4_7006_free,combined_fixture_stress,latent_fixture_v5_no_compliance_anisotropy,free,free,free,cautious_probe_pull,0.39070,1,0.25265,0,0,1,1,1,0.05473,2.97320,0.45708,0.20893,0.00,0.39070,0.10262,0.22122,0.07909,0.09582,0.11055
4,7006,combined_fixture_stress_4_7006_free,combined_fixture_stress,latent_fixture_v5_no_release_cues,free,free,free,direct_translate,0.48919,1,0.24576,1,1,0,0,0,0.79542,2.01396,0.73972,0.06775,0.00,0.48919,0.09752,0.17846,0.11082,0.04365,0.08036
4,7006,combined_fixture_stress_4_7006_free,combined_fixture_stress,latent_fixture_v5_no_hysteresis_memory,free,free,free,direct_translate,0.49759,1,0.24517,1,1,0,0,0,0.79548,2.01394,0.74190,0.06662,0.00,0.49759,0.07708,0.18403,0.11209,0.08403,0.04518
4,7006,combined_fixture_stress_4_7006_free,combined_fixture_stress,latent_fixture_v5_no_particle_refinement,free,free,free,cautious_probe_pull,0.27969,1,0.19042,1,1,0,1,1,0.68096,2.75402,0.45486,0.29718,0.00,0.27969,0.12876,0.23400,0.14382,0.10852,0.10522
4,7006,combined_fixture_stress_4_7006_free,combined_fixture_stress,latent_fixture_v5_no_safety_margin,free,free,free,direct_translate,0.48089,1,0.17634,1,1,0,0,0,0.80237,2.01153,0.75551,0.05978,0.00,0.48089,0.09234,0.16677,0.10468,0.07857,0.07675
4,7006,combined_fixture_stress_4_7006_free,combined_fixture_stress,latent_fixture_v5_no_calibration,free,free,free,direct_translate,0.54095,1,0.22213,1,1,0,0,0,0.79779,2.01313,0.75840,0.05837,0.00,0.54095,0.07880,0.17310,0.09101,0.05968,0.05647
4,7006,combined_fixture_stress_4_7006_free,combined_fixture_stress,latent_fixture_v5_no_adaptive_probe,free,free,free,direct_translate,0.51984,1,0.17361,1,1,0,0,0,0.80264,2.01143,0.76586,0.05482,0.00,0.51984,0.08450,0.16163,0.09651,0.06980,0.06772
4,7007,combined_fixture_stress_4_7007_clamp,combined_fixture_stress,latent_fixture_v5_full,clamp,clamp,suction,peel_then_translate,0.52264,0,0.66000,0,0,1,1,1,0.01400,2.81156,0.01733,0.00030,0.00,0.02761,0.26232,0.04223,0.04711,0.52264,0.09809
4,7007,combined_fixture_stress_4_7007_clamp,combined_fixture_stress,latent_fixture_v5_no_torque_features,clamp,clamp,suction,peel_then_translate,0.52471,0,0.73000,0,0,1,1,1,0.00700,2.81401,0.01734,0.00030,0.00,0.03257,0.23781,0.04064,0.05593,0.52471,0.10835
4,7007,combined_fixture_stress_4_7007_clamp,combined_fixture_stress,latent_fixture_v5_no_compliance_anisotropy,clamp,clamp,suction,peel_then_translate,0.55006,0,0.73000,0,0,1,1,0,0.00700,2.81401,0.01748,0.00031,0.00,0.02767,0.24156,0.04292,0.03449,0.55006,0.10330
4,7007,combined_fixture_stress_4_7007_clamp,combined_fixture_stress,latent_fixture_v5_no_release_cues,clamp,clamp,clamp,release_clamp_pull,0.44607,1,0.24877,1,1,0,0,0,0.79512,1.83817,0.61024,0.15191,0.00,0.02962,0.44607,0.07539,0.09414,0.07523,0.27955
4,7007,combined_fixture_stress_4_7007_clamp,combined_fixture_stress,latent_fixture_v5_no_hysteresis_memory,clamp,clamp,suction,peel_then_translate,0.56859,0,0.73000,0,0,1,0,1,0.00700,2.11401,0.01758,0.00031,0.00,0.03091,0.16027,0.09475,0.09275,0.56859,0.05272
4,7007,combined_fixture_stress_4_7007_clamp,combined_fixture_stress,latent_fixture_v5_no_particle_refinement,clamp,clamp,suction,peel_then_translate,0.58916,0,0.66000,0,0,1,0,1,0.01400,2.11156,0.01770,0.00031,0.00,0.03625,0.19134,0.04279,0.04916,0.58916,0.09130
4,7007,combined_fixture_stress_4_7007_clamp,combined_fixture_stress,latent_fixture_v5_no_safety_margin,clamp,clamp,suction,peel_then_translate,0.52264,0,0.66000,0,0,1,1,1,0.01400,2.81156,0.01733,0.00030,0.00,0.02761,0.26232,0.04223,0.04711,0.52264,0.09809
4,7007,combined_fixture_stress_4_7007_clamp,combined_fixture_stress,latent_fixture_v5_no_calibration,clamp,clamp,suction,peel_then_translate,0.59573,0,0.71000,0,0,1,0,0,0.00900,2.11331,0.01774,0.00031,0.00,0.00099,0.27063,0.02014,0.02525,0.59573,0.08726
4,7007,combined_fixture_stress_4_7007_clamp,combined_fixture_stress,latent_fixture_v5_no_adaptive_probe,clamp,clamp,suction,peel_then_translate,0.53751,0,0.66000,0,0,1,0,0,0.01400,2.11156,0.01741,0.00030,0.00,0.01876,0.27222,0.03558,0.04037,0.53751,0.09557
4,7008,combined_fixture_stress_4_7008_hinge,combined_fixture_stress,latent_fixture_v5_full,hinge,tether,hinge,cautious_probe_pull,0.31015,1,0.18829,0,0,1,1,0,0.06117,2.68265,0.11733,0.01377,0.00,0.04597,0.23706,0.31015,0.13457,0.07993,0.19231
4,7008,combined_fixture_stress_4_7008_hinge,combined_fixture_stress,latent_fixture_v5_no_torque_features,hinge,tether,clamp,cautious_probe_pull,0.34501,0,0.73000,0,0,1,1,0,0.00700,2.70161,0.01633,0.00027,0.00,0.06502,0.34501,0.07840,0.15282,0.14921,0.20953
4,7008,combined_fixture_stress_4_7008_hinge,combined_fixture_stress,latent_fixture_v5_no_compliance_anisotropy,hinge,tether,hinge,cautious_probe_pull,0.31479,1,0.25796,0,0,1,0,1,0.05420,1.98509,0.08850,0.00783,0.00,0.05254,0.26689,0.31479,0.06098,0.08991,0.21489
4,7008,combined_fixture_stress_4_7008_hinge,combined_fixture_stress,latent_fixture_v5_no_release_cues,hinge,tether,hinge,cautious_probe_pull,0.31749,1,0.25778,1,0,0,1,1,0.67422,2.46809,0.08863,0.83060,0.00,0.04665,0.24995,0.31749,0.13979,0.04832,0.19780
4,7008,combined_fixture_stress_4_7008_hinge,combined_fixture_stress,latent_fixture_v5_no_hysteresis_memory,hinge,tether,hinge,cautious_probe_pull,0.35388,1,0.25523,1,0,0,1,1,0.67448,2.46800,0.09037,0.82743,0.00,0.04537,0.21041,0.35388,0.17247,0.09593,0.12195
4,7008,combined_fixture_stress_4_7008_hinge,combined_fixture_stress,latent_fixture_v5_no_particle_refinement,hinge,tether,clamp,cautious_probe_pull,0.31580,0,0.66000,0,0,1,1,0,0.01400,2.69916,0.01617,0.00026,0.00,0.05156,0.31580,0.20169,0.14438,0.09884,0.18772
4,7008,combined_fixture_stress_4_7008_hinge,combined_fixture_stress,latent_fixture_v5_no_safety_margin,hinge,tether,hinge,cautious_probe_pull,0.31015,1,0.18829,0,0,1,1,1,0.06117,2.68265,0.10522,0.01107,0.00,0.04597,0.23706,0.31015,0.13457,0.07993,0.19231
4,7008,combined_fixture_stress_4_7008_hinge,combined_fixture_stress,latent_fixture_v5_no_calibration,hinge,tether,hinge,cautious_probe_pull,0.35949,1,0.23484,1,1,0,1,0,0.67652,2.46728,0.09556,0.81800,0.00,0.02232,0.25697,0.35949,0.12775,0.06252,0.17096
4,7008,combined_fixture_stress_4_7008_hinge,combined_fixture_stress,latent_fixture_v5_no_adaptive_probe,hinge,tether,hinge,pivot_rotate,0.33621,1,0.18647,1,1,0,0,0,0.80135,1.72359,0.62767,0.13863,0.00,0.03833,0.23478,0.33621,0.13151,0.07276,0.18641
4,7009,combined_fixture_stress_4_7009_slot,combined_fixture_stress,latent_fixture_v5_full,slot,hinge,slot,cautious_probe_pull,0.36924,1,0.18415,1,0,0,0,0,0.68158,1.95867,0.31837,0.46462,0.00,0.04145,0.32892,0.12922,0.36924,0.06784,0.06333
4,7009,combined_fixture_stress_4_7009_slot,combined_fixture_stress,latent_fixture_v5_no_torque_features,slot,hinge,clamp,cautious_probe_pull,0.41682,0,0.73000,1,1,0,0,1,0.62700,1.97778,0.17395,0.68236,0.00,0.05823,0.41682,0.09015,0.20668,0.13133,0.09679
4,7009,combined_fixture_stress_4_7009_slot,combined_fixture_stress,latent_fixture_v5_no_compliance_anisotropy,slot,hinge,clamp,cautious_probe_pull,0.40091,0,0.73000,1,1,0,0,0,0.62700,1.97778,0.17303,0.68389,0.00,0.05202,0.40091,0.19360,0.16202,0.09406,0.09739
4,7009,combined_fixture_stress_4_7009_slot,combined_fixture_stress,latent_fixture_v5_no_release_cues,slot,hinge,slot,cautious_probe_pull,0.37498,1,0.25375,0,0,1,1,1,0.05462,2.87811,0.28939,0.08374,0.00,0.04184,0.33896,0.13138,0.37498,0.04872,0.06412
4,7009,combined_fixture_stress_4_7009_slot,combined_fixture_stress,latent_fixture_v5_no_hysteresis_memory,slot,hinge,slot,cautious_probe_pull,0.40708,1,0.25150,1,1,0,0,0,0.67485,1.96103,0.29310,0.49971,0.00,0.04074,0.29021,0.13762,0.40708,0.07318,0.05117
4,7009,combined_fixture_stress_4_7009_slot,combined_fixture_stress,latent_fixture_v5_no_particle_refinement,slot,hinge,clamp,release_clamp_pull,0.45841,0,0.66000,0,0,1,1,1,0.13400,2.85033,0.01697,0.00029,0.00,0.04573,0.45841,0.14220,0.21754,0.07562,0.06052
4,7009,combined_fixture_stress_4_7009_slot,combined_fixture_stress,latent_fixture_v5_no_safety_margin,slot,hinge,slot,cautious_probe_pull,0.36924,1,0.18415,1,1,0,1,0,0.68158,2.65867,0.30602,0.48161,0.00,0.04145,0.32892,0.12922,0.36924,0.06784,0.06333
4,7009,combined_fixture_stress_4_7009_slot,combined_fixture_stress,latent_fixture_v5_no_calibration,slot,hinge,slot,follow_slot_axis,0.43387,1,0.22963,1,0,0,0,0,0.79704,1.91826,0.66310,0.11350,0.00,0.01496,0.37677,0.08767,0.43387,0.04502,0.04171
4,7009,combined_fixture_stress_4_7009_slot,combined_fixture_stress,latent_fixture_v5_no_adaptive_probe,slot,hinge,slot,follow_slot_axis,0.40438,1,0.18169,1,1,0,0,0,0.80183,1.91659,0.66858,0.10984,0.00,0.03309,0.32967,0.11546,0.40438,0.06022,0.05717
5,7000,combined_fixture_stress_5_7000_hinge,combined_fixture_stress,latent_fixture_v5_full,hinge,unknown,hinge,cautious_probe_pull,0.31147,1,0.18820,0,0,1,1,1,0.06118,3.01914,0.11740,0.01378,0.00,0.04546,0.24121,0.31147,0.23661,0.08120,0.08405
5,7000,combined_fixture_stress_5_7000_hinge,combined_fixture_stress,latent_fixture_v5_no_torque_features,hinge,unknown,clamp,cautious_probe_pull,0.32281,0,0.73000,0,0,1,1,0,0.00700,3.03810,0.01621,0.00026,0.00,0.06092,0.32281,0.10407,0.26849,0.11389,0.12981
5,7000,combined_fixture_stress_5_7000_hinge,combined_fixture_stress,latent_fixture_v5_no_compliance_anisotropy,hinge,unknown,hinge,cautious_probe_pull,0.34523,1,0.25583,0,0,1,0,0,0.05442,2.32151,0.08996,0.00809,0.00,0.05515,0.31639,0.34523,0.07149,0.10037,0.11136
5,7000,combined_fixture_stress_5_7000_hinge,combined_fixture_stress,latent_fixture_v5_no_release_cues,hinge,unknown,hinge,cautious_probe_pull,0.31699,1,0.25781,0,0,1,1,0,0.05422,3.02158,0.08860,0.00785,0.00,0.04599,0.25365,0.31699,0.24570,0.05173,0.08594
5,7000,combined_fixture_stress_5_7000_hinge,combined_fixture_stress,latent_fixture_v5_no_hysteresis_memory,hinge,unknown,hinge,cautious_probe_pull,0.31782,1,0.25775,0,0,1,1,0,0.05422,3.02157,0.08864,0.00786,0.00,0.04520,0.20234,0.31782,0.28436,0.09049,0.05979
5,7000,combined_fixture_stress_5_7000_hinge,combined_fixture_stress,latent_fixture_v5_no_particle_refinement,hinge,unknown,clamp,cautious_probe_pull,0.32990,0,0.66000,0,0,1,1,0,0.01400,3.03565,0.01625,0.00026,0.00,0.05279,0.32990,0.18194,0.25035,0.09916,0.08587
5,7000,combined_fixture_stress_5_7000_hinge,combined_fixture_stress,latent_fixture_v5_no_safety_margin,hinge,unknown,hinge,cautious_probe_pull,0.31147,1,0.18820,1,0,0,1,0,0.68118,2.80214,0.10529,0.80050,0.00,0.04546,0.24121,0.31147,0.23661,0.08120,0.08405
5,7000,combined_fixture_stress_5_7000_hinge,combined_fixture_stress,latent_fixture_v5_no_calibration,hinge,unknown,hinge,cautious_probe_pull,0.35889,1,0.23488,1,1,0,0,0,0.67651,2.10377,0.09553,0.81806,0.00,0.01739,0.25999,0.35889,0.24164,0.05900,0.06309
5,7000,combined_fixture_stress_5_7000_hinge,combined_fixture_stress,latent_fixture_v5_no_adaptive_probe,hinge,unknown,hinge,pivot_rotate,0.33916,1,0.18626,1,1,0,0,0,0.80137,2.06007,0.62836,0.13812,0.00,0.03631,0.23755,0.33916,0.23668,0.07269,0.07761
5,7001,combined_fixture_stress_5_7001_slot,combined_fixture_stress,latent_fixture_v5_full,slot,unknown,clamp,cautious_probe_pull,0.38635,0,0.66000,0,0,1,1,0,0.01400,2.76068,0.20199,0.04080,0.00,0.04751,0.38635,0.21163,0.17301,0.07387,0.10763
5,7001,combined_fixture_stress_5_7001_slot,combined_fixture_stress,latent_fixture_v5_no_torque_features,slot,unknown,clamp,release_clamp_pull,0.46091,0,0.73000,0,0,1,0,1,0.12700,2.02113,0.01698,0.00029,0.00,0.06020,0.46091,0.09966,0.15777,0.09548,0.12598
5,7001,combined_fixture_stress_5_7001_slot,combined_fixture_stress,latent_fixture_v5_no_compliance_anisotropy,slot,unknown,clamp,cautious_probe_pull,0.41662,0,0.73000,1,1,0,1,0,0.62700,2.54613,0.17394,0.68237,0.00,0.05173,0.41662,0.22502,0.09575,0.07843,0.13245
5,7001,combined_fixture_stress_5_7001_slot,combined_fixture_stress,latent_fixture_v5_no_release_cues,slot,unknown,clamp,cautious_probe_pull,0.39936,0,0.73000,0,0,1,1,0,0.00700,2.76313,0.17294,0.02991,0.00,0.04792,0.39936,0.21397,0.17522,0.05467,0.10886
5,7001,combined_fixture_stress_5_7001_slot,combined_fixture_stress,latent_fixture_v5_no_hysteresis_memory,slot,unknown,clamp,cautious_probe_pull,0.35122,0,0.73000,0,0,1,1,0,0.00700,2.76313,0.17013,0.02895,0.00,0.04577,0.35122,0.20991,0.22815,0.08483,0.08011
5,7001,combined_fixture_stress_5_7001_slot,combined_fixture_stress,latent_fixture_v5_no_particle_refinement,slot,unknown,clamp,release_clamp_pull,0.52549,0,0.66000,0,0,1,0,0,0.13400,2.01868,0.01734,0.00030,0.00,0.05136,0.52549,0.13085,0.12387,0.08340,0.08504
5,7001,combined_fixture_stress_5_7001_slot,combined_fixture_stress,latent_fixture_v5_no_safety_margin,slot,unknown,clamp,cautious_probe_pull,0.38635,0,0.66000,1,1,0,1,0,0.63400,2.54368,0.18957,0.65680,0.00,0.04751,0.38635,0.21163,0.17301,0.07387,0.10763
5,7001,combined_fixture_stress_5_7001_slot,combined_fixture_stress,latent_fixture_v5_no_calibration,slot,unknown,clamp,release_clamp_pull,0.43464,0,0.71000,0,0,1,0,0,0.12900,2.02043,0.01683,0.00028,0.00,0.01902,0.43464,0.22874,0.17520,0.04836,0.09404
5,7001,combined_fixture_stress_5_7001_slot,combined_fixture_stress,latent_fixture_v5_no_adaptive_probe,slot,unknown,clamp,release_clamp_pull,0.38623,0,0.66000,0,0,1,0,0,0.13400,2.01868,0.01656,0.00027,0.00,0.03861,0.38623,0.22518,0.17880,0.06526,0.10593
5,7002,combined_fixture_stress_5_7002_suction,combined_fixture_stress,latent_fixture_v5_full,suction,tether,suction,peel_then_translate,0.55369,1,0.17124,1,1,0,0,0,0.68288,1.85762,0.67424,0.10612,0.00,0.02810,0.14982,0.06750,0.06067,0.55369,0.14022
5,7002,combined_fixture_stress_5_7002_suction,combined_fixture_stress,latent_fixture_v5_no_torque_features,suction,tether,suction,peel_then_translate,0.43376,1,0.24964,0,0,1,0,0,0.05504,2.07736,0.61595,0.37940,0.00,0.04096,0.18116,0.06810,0.09677,0.43376,0.17925
5,7002,combined_fixture_stress_5_7002_suction,combined_fixture_stress,latent_fixture_v5_no_compliance_anisotropy,suction,tether,suction,peel_then_translate,0.54690,1,0.24172,1,1,0,0,0,0.67583,1.86008,0.64121,0.12873,0.00,0.02811,0.16498,0.06778,0.03635,0.54690,0.15589
5,7002,combined_fixture_stress_5_7002_suction,combined_fixture_stress,latent_fixture_v5_no_release_cues,suction,tether,tether,cautious_probe_pull,0.31849,0,0.73000,0,0,1,1,1,0.00700,2.79417,0.07113,0.00506,0.00,0.03267,0.29202,0.14501,0.12826,0.08355,0.31849
5,7002,combined_fixture_stress_5_7002_suction,combined_fixture_stress,latent_fixture_v5_no_hysteresis_memory,suction,tether,suction,peel_then_translate,0.52582,1,0.24319,1,1,0,0,0,0.67568,1.86013,0.63650,0.13213,0.00,0.03343,0.11791,0.14653,0.09441,0.52582,0.08189
5,7002,combined_fixture_stress_5_7002_suction,combined_fixture_stress,latent_fixture_v5_no_particle_refinement,suction,tether,suction,peel_then_translate,0.54787,1,0.17165,1,1,0,0,0,0.68284,1.85763,0.65977,0.11575,0.00,0.03630,0.13897,0.06609,0.06062,0.54787,0.15015
5,7002,combined_fixture_stress_5_7002_suction,combined_fixture_stress,latent_fixture_v5_no_safety_margin,suction,tether,suction,peel_then_translate,0.55369,1,0.17124,1,1,0,0,0,0.68288,1.85762,0.66111,0.11485,0.00,0.02810,0.14982,0.06750,0.06067,0.55369,0.14022
5,7002,combined_fixture_stress_5_7002_suction,combined_fixture_stress,latent_fixture_v5_no_calibration,suction,tether,suction,peel_then_translate,0.64036,1,0.21518,1,1,0,0,0,0.67848,1.85915,0.66759,0.11049,0.00,0.00268,0.15148,0.05126,0.04289,0.64036,0.11133
5,7002,combined_fixture_stress_5_7002_suction,combined_fixture_stress,latent_fixture_v5_no_adaptive_probe,suction,tether,suction,peel_then_translate,0.58017,1,0.16939,0,0,1,0,0,0.06306,2.07455,0.66720,0.44516,0.00,0.01966,0.15145,0.06280,0.05537,0.58017,0.13056
5,7003,combined_fixture_stress_5_7003_tether,combined_fixture_stress,latent_fixture_v5_full,tether,unknown,tether,cautious_probe_pull,0.34490,1,0.18586,1,1,0,0,1,0.68141,1.86912,0.24999,0.56252,0.00,0.03644,0.25479,0.16813,0.11530,0.08044,0.34490
5,7003,combined_fixture_stress_5_7003_tether,combined_fixture_stress,latent_fixture_v5_no_torque_features,tether,unknown,clamp,cautious_probe_pull,0.31823,0,0.73000,0,0,1,0,1,0.00700,2.10516,0.10348,0.01071,0.00,0.05074,0.31823,0.08561,0.15199,0.10302,0.29042
5,7003,combined_fixture_stress_5_7003_tether,combined_fixture_stress,latent_fixture_v5_no_compliance_anisotropy,tether,unknown,tether,cautious_probe_pull,0.39638,1,0.25225,1,0,0,1,1,0.67477,2.57144,0.22538,0.60003,0.00,0.03941,0.27417,0.15343,0.04980,0.08681,0.39638
5,7003,combined_fixture_stress_5_7003_tether,combined_fixture_stress,latent_fixture_v5_no_release_cues,tether,unknown,tether,cautious_probe_pull,0.35305,1,0.25529,1,0,0,1,1,0.67447,2.57155,0.22135,0.60630,0.00,0.03686,0.26217,0.17118,0.11834,0.05841,0.35305
5,7003,combined_fixture_stress_5_7003_tether,combined_fixture_stress,latent_fixture_v5_no_hysteresis_memory,tether,unknown,hinge,cautious_probe_pull,0.36128,0,0.73000,0,0,1,0,0,0.00700,2.10516,0.10503,0.01103,0.00,0.04740,0.22013,0.36128,0.20340,0.09576,0.07203
5,7003,combined_fixture_stress_5_7003_tether,combined_fixture_stress,latent_fixture_v5_no_particle_refinement,tether,unknown,clamp,cautious_probe_pull,0.32289,0,0.66000,0,0,1,1,1,0.01400,2.80271,0.12067,0.01456,0.00,0.04573,0.32289,0.12601,0.12847,0.08358,0.29332
5,7003,combined_fixture_stress_5_7003_tether,combined_fixture_stress,latent_fixture_v5_no_safety_margin,tether,unknown,tether,cautious_probe_pull,0.34490,1,0.18586,0,0,1,1,1,0.06141,2.78612,0.23774,0.05652,0.00,0.03644,0.25479,0.16813,0.11530,0.08044,0.34490
5,7003,combined_fixture_stress_5_7003_tether,combined_fixture_stress,latent_fixture_v5_no_calibration,tether,unknown,tether,cautious_probe_pull,0.38296,1,0.23319,1,1,0,0,0,0.67668,1.87077,0.22909,0.59430,0.00,0.00877,0.27124,0.17363,0.10202,0.06139,0.38296
5,7003,combined_fixture_stress_5_7003_tether,combined_fixture_stress,latent_fixture_v5_no_adaptive_probe,tether,unknown,tether,unwind_tether,0.36165,1,0.18468,1,1,0,0,0,0.68153,1.86907,0.60075,0.15940,0.00,0.02721,0.25258,0.17417,0.10996,0.07442,0.36165
5,7004,combined_fixture_stress_5_7004_free,combined_fixture_stress,latent_fixture_v5_full,free,unknown,free,cautious_probe_pull,0.40830,1,0.18142,1,0,0,1,1,0.68186,2.62749,0.49014,0.25995,0.00,0.40830,0.10956,0.14837,0.12544,0.09907,0.10926
5,7004,combined_fixture_stress_5_7004_free,combined_fixture_stress,latent_fixture_v5_no_torque_features,free,unknown,free,cautious_probe_pull,0.21049,1,0.26527,1,0,0,1,1,0.67347,2.63043,0.42633,0.32910,0.00,0.21049,0.15689,0.09646,0.20227,0.14570,0.18819
5,7004,combined_fixture_stress_5_7004_free,combined_fixture_stress,latent_fixture_v5_no_compliance_anisotropy,free,unknown,free,cautious_probe_pull,0.30493,1,0.25866,1,1,0,0,0,0.67413,1.93019,0.44240,0.31092,0.00,0.30493,0.12604,0.20691,0.08382,0.12062,0.15769
5,7004,combined_fixture_stress_5_7004_free,combined_fixture_stress,latent_fixture_v5_no_release_cues,free,unknown,free,cautious_probe_pull,0.41624,1,0.25086,1,1,0,0,1,0.67491,1.92992,0.46147,0.29001,0.00,0.41624,0.11826,0.16120,0.13555,0.05162,0.11715
5,7004,combined_fixture_stress_5_7004_free,combined_fixture_stress,latent_fixture_v5_no_hysteresis_memory,free,unknown,free,direct_translate,0.42206,1,0.25046,1,1,0,0,0,0.79495,1.88791,0.72231,0.07711,0.00,0.42206,0.09405,0.17060,0.14398,0.11192,0.05740
5,7004,combined_fixture_stress_5_7004_free,combined_fixture_stress,latent_fixture_v5_no_particle_refinement,free,unknown,hinge,cautious_probe_pull,0.20370,0,0.66000,1,1,0,0,0,0.63400,1.94424,0.33327,0.44453,0.00,0.19291,0.15249,0.20370,0.16867,0.13574,0.14649
5,7004,combined_fixture_stress_5_7004_free,combined_fixture_stress,latent_fixture_v5_no_safety_margin,free,unknown,free,cautious_probe_pull,0.40830,1,0.18142,1,1,0,1,0,0.68186,2.62749,0.47763,0.27287,0.00,0.40830,0.10956,0.14837,0.12544,0.09907,0.10926
5,7004,combined_fixture_stress_5_7004_free,combined_fixture_stress,latent_fixture_v5_no_calibration,free,unknown,free,direct_translate,0.48660,1,0.22594,1,1,0,0,0,0.79741,1.88705,0.74418,0.06544,0.00,0.48660,0.09539,0.13993,0.10921,0.07941,0.08946
5,7004,combined_fixture_stress_5_7004_free,combined_fixture_stress,latent_fixture_v5_no_adaptive_probe,free,unknown,free,direct_translate,0.45417,1,0.17821,1,1,0,0,0,0.80218,1.88538,0.74842,0.06329,0.00,0.45417,0.10084,0.14007,0.11608,0.08937,0.09946
5,7005,combined_fixture_stress_5_7005_clamp,combined_fixture_stress,latent_fixture_v5_full,clamp,unknown,clamp,cautious_probe_pull,0.33082,1,0.18684,1,0,0,1,1,0.68132,2.61462,0.17540,0.67996,0.00,0.03039,0.33082,0.05243,0.05003,0.30305,0.23329
5,7005,combined_fixture_stress_5_7005_clamp,combined_fixture_stress,latent_fixture_v5_no_torque_features,clamp,unknown,suction,cautious_probe_pull,0.30794,0,0.73000,0,0,1,1,0,0.00700,2.85063,0.03056,0.00093,0.00,0.03945,0.26505,0.06746,0.07942,0.30794,0.24069
5,7005,combined_fixture_stress_5_7005_clamp,combined_fixture_stress,latent_fixture_v5_no_compliance_anisotropy,clamp,unknown,clamp,cautious_probe_pull,0.32083,1,0.25754,0,0,1,0,1,0.05425,2.13409,0.14548,0.02116,0.00,0.03072,0.32083,0.05300,0.03631,0.31309,0.24604
5,7005,combined_fixture_stress_5_7005_clamp,combined_fixture_stress,latent_fixture_v5_no_release_cues,clamp,unknown,clamp,cautious_probe_pull,0.38945,1,0.25274,1,0,0,1,0,0.67473,2.61692,0.15012,0.72229,0.00,0.03111,0.38945,0.06834,0.06418,0.06066,0.38626
5,7005,combined_fixture_stress_5_7005_clamp,combined_fixture_stress,latent_fixture_v5_no_hysteresis_memory,clamp,unknown,suction,peel_then_translate,0.45322,0,0.73000,0,0,1,1,0,0.00700,2.85063,0.01694,0.00029,0.00,0.03614,0.18183,0.13877,0.11005,0.45322,0.08000
5,7005,combined_fixture_stress_5_7005_clamp,combined_fixture_stress,latent_fixture_v5_no_particle_refinement,clamp,unknown,suction,cautious_probe_pull,0.36733,0,0.66000,0,0,1,1,0,0.01400,2.84818,0.04847,0.00235,0.00,0.03971,0.24828,0.05709,0.05884,0.36733,0.22875
5,7005,combined_fixture_stress_5_7005_clamp,combined_fixture_stress,latent_fixture_v5_no_safety_margin,clamp,unknown,clamp,cautious_probe_pull,0.33082,1,0.18684,0,0,1,1,0,0.06132,2.83162,0.16321,0.02664,0.00,0.03039,0.33082,0.05243,0.05003,0.30305,0.23329
5,7005,combined_fixture_stress_5_7005_clamp,combined_fixture_stress,latent_fixture_v5_no_calibration,clamp,unknown,clamp,cautious_probe_pull,0.37306,1,0.23389,1,0,0,1,0,0.67661,2.61626,0.15395,0.71579,0.00,0.00194,0.37306,0.02848,0.02510,0.32727,0.24414
5,7005,combined_fixture_stress_5_7005_clamp,combined_fixture_stress,latent_fixture_v5_no_adaptive_probe,clamp,unknown,clamp,release_clamp_pull,0.35205,1,0.18536,1,1,0,0,0,0.80146,1.87256,0.60680,0.15460,0.00,0.02093,0.35205,0.04480,0.04166,0.30356,0.23700
5,7006,combined_fixture_stress_5_7006_hinge,combined_fixture_stress,latent_fixture_v5_full,hinge,slot,slot,cautious_probe_pull,0.35242,0,0.66000,0,0,1,0,0,0.01400,2.16368,0.01637,0.00027,0.00,0.03735,0.17729,0.28752,0.35242,0.07648,0.06892
5,7006,combined_fixture_stress_5_7006_hinge,combined_fixture_stress,latent_fixture_v5_no_torque_features,hinge,slot,slot,cautious_probe_pull,0.39302,0,0.73000,0,0,1,1,0,0.00700,2.86613,0.01660,0.00028,0.00,0.05258,0.24027,0.09748,0.39302,0.10486,0.11179
5,7006,combined_fixture_stress_5_7006_hinge,combined_fixture_stress,latent_fixture_v5_no_compliance_anisotropy,hinge,slot,hinge,cautious_probe_pull,0.34317,1,0.25598,0,0,1,0,1,0.05440,2.14954,0.08986,0.00807,0.00,0.04617,0.29828,0.34317,0.10151,0.11051,0.10035
5,7006,combined_fixture_stress_5_7006_hinge,combined_fixture_stress,latent_fixture_v5_no_release_cues,hinge,slot,slot,cautious_probe_pull,0.36491,0,0.73000,0,0,1,1,1,0.00700,2.86613,0.01644,0.00027,0.00,0.03780,0.18373,0.29157,0.36491,0.05194,0.07006
5,7006,combined_fixture_stress_5_7006_hinge,combined_fixture_stress,latent_fixture_v5_no_hysteresis_memory,hinge,slot,slot,cautious_probe_pull,0.38107,0,0.73000,0,0,1,0,0,0.00700,2.16613,0.01653,0.00027,0.00,0.03838,0.14467,0.30084,0.38107,0.07965,0.05539
5,7006,combined_fixture_stress_5_7006_hinge,combined_fixture_stress,latent_fixture_v5_no_particle_refinement,hinge,slot,slot,cautious_probe_pull,0.41228,0,0.66000,0,0,1,0,0,0.01400,2.16368,0.01671,0.00028,0.00,0.04642,0.23941,0.14903,0.41228,0.08582,0.06704
5,7006,combined_fixture_stress_5_7006_hinge,combined_fixture_stress,latent_fixture_v5_no_safety_margin,hinge,slot,slot,cautious_probe_pull,0.35242,0,0.66000,0,0,1,1,0,0.01400,2.86368,0.01637,0.00027,0.00,0.03735,0.17729,0.28752,0.35242,0.07648,0.06892
5,7006,combined_fixture_stress_5_7006_hinge,combined_fixture_stress,latent_fixture_v5_no_calibration,hinge,slot,slot,cautious_probe_pull,0.35715,0,0.71000,0,0,1,1,0,0.00900,2.86543,0.01640,0.00027,0.00,0.01071,0.18350,0.34186,0.35715,0.05709,0.04969
5,7006,combined_fixture_stress_5_7006_hinge,combined_fixture_stress,latent_fixture_v5_no_adaptive_probe,hinge,slot,slot,follow_slot_axis,0.34758,0,0.66000,0,0,1,1,1,0.13400,2.82168,0.01635,0.00027,0.00,0.02845,0.17266,0.31821,0.34758,0.06972,0.06338
5,7007,combined_fixture_stress_5_7007_slot,combined_fixture_stress,latent_fixture_v5_full,slot,slot,slot,follow_slot_axis,0.52726,1,0.17309,1,1,0,0,0,0.80269,1.74968,0.71144,0.08327,0.00,0.03690,0.25198,0.05625,0.52726,0.07367,0.05393
5,7007,combined_fixture_stress_5_7007_slot,combined_fixture_stress,latent_fixture_v5_no_torque_features,slot,slot,slot,cautious_probe_pull,0.36318,1,0.25458,0,0,1,1,1,0.05454,2.71153,0.28802,0.08296,0.00,0.05635,0.30277,0.08005,0.36318,0.10046,0.09719
5,7007,combined_fixture_stress_5_7007_slot,combined_fixture_stress,latent_fixture_v5_no_compliance_anisotropy,slot,slot,clamp,cautious_probe_pull,0.38312,0,0.73000,0,0,1,0,0,0.00700,2.02817,0.17199,0.02958,0.00,0.04962,0.38312,0.08535,0.25725,0.12673,0.09793
5,7007,combined_fixture_stress_5_7007_slot,combined_fixture_stress,latent_fixture_v5_no_release_cues,slot,slot,slot,follow_slot_axis,0.53664,1,0.24244,1,1,0,0,0,0.79576,1.75211,0.68243,0.10085,0.00,0.03728,0.26097,0.05721,0.53664,0.05318,0.05472
5,7007,combined_fixture_stress_5_7007_slot,combined_fixture_stress,latent_fixture_v5_no_hysteresis_memory,slot,slot,slot,follow_slot_axis,0.54652,1,0.24174,0,0,1,0,0,0.17583,1.96908,0.68478,0.46892,0.00,0.04105,0.21613,0.06710,0.54652,0.07986,0.04935
5,7007,combined_fixture_stress_5_7007_slot,combined_fixture_stress,latent_fixture_v5_no_particle_refinement,slot,slot,slot,cautious_probe_pull,0.39485,1,0.18236,0,0,1,1,0,0.06176,2.70900,0.30913,0.09556,0.00,0.04533,0.35364,0.06678,0.39485,0.07917,0.06023
5,7007,combined_fixture_stress_5_7007_slot,combined_fixture_stress,latent_fixture_v5_no_safety_margin,slot,slot,slot,follow_slot_axis,0.52726,1,0.17309,1,1,0,0,0,0.80269,1.74968,0.69842,0.09095,0.00,0.03690,0.25198,0.05625,0.52726,0.07367,0.05393
5,7007,combined_fixture_stress_5_7007_slot,combined_fixture_stress,latent_fixture_v5_no_calibration,slot,slot,slot,follow_slot_axis,0.58814,1,0.21883,1,1,0,0,0,0.79812,1.75128,0.70000,0.09000,0.00,0.01010,0.28472,0.03281,0.58814,0.05382,0.03041
5,7007,combined_fixture_stress_5_7007_slot,combined_fixture_stress,latent_fixture_v5_no_adaptive_probe,slot,slot,slot,follow_slot_axis,0.55927,1,0.17085,1,1,0,0,0,0.80291,1.74960,0.70622,0.08630,0.00,0.02802,0.25113,0.04815,0.55927,0.06717,0.04626
5,7008,combined_fixture_stress_5_7008_suction,combined_fixture_stress,latent_fixture_v5_full,suction,tether,suction,peel_then_translate,0.63299,1,0.16569,0,0,1,0,0,0.06343,2.10955,0.69284,0.48003,0.00,0.02791,0.13338,0.04478,0.04958,0.63299,0.11136
5,7008,combined_fixture_stress_5_7008_suction,combined_fixture_stress,latent_fixture_v5_no_torque_features,suction,tether,suction,peel_then_translate,0.50119,1,0.24492,1,0,0,0,0,0.67551,1.89532,0.63099,0.13617,0.00,0.03998,0.16038,0.06609,0.08172,0.50119,0.15065
5,7008,combined_fixture_stress_5_7008_suction,combined_fixture_stress,latent_fixture_v5_no_compliance_anisotropy,suction,tether,suction,peel_then_translate,0.63070,1,0.23585,1,1,0,0,0,0.67641,1.89500,0.66002,0.11558,0.00,0.02833,0.13896,0.04588,0.03884,0.63070,0.11730
5,7008,combined_fixture_stress_5_7008_suction,combined_fixture_stress,latent_fixture_v5_no_release_cues,suction,tether,clamp,cautious_probe_pull,0.33746,0,0.73000,0,0,1,1,0,0.00700,2.82930,0.07159,0.00513,0.00,0.03319,0.33746,0.09428,0.11689,0.10491,0.31327
5,7008,combined_fixture_stress_5_7008_suction,combined_fixture_stress,latent_fixture_v5_no_hysteresis_memory,suction,tether,suction,peel_then_translate,0.65377,1,0.23424,1,1,0,0,0,0.67658,1.89494,0.66522,0.11208,0.00,0.03060,0.09260,0.06869,0.07902,0.65377,0.07532
5,7008,combined_fixture_stress_5_7008_suction,combined_fixture_stress,latent_fixture_v5_no_particle_refinement,suction,tether,suction,peel_then_translate,0.65337,1,0.16426,1,0,0,0,0,0.68357,1.89250,0.68409,0.09980,0.00,0.03608,0.10449,0.04400,0.04703,0.65337,0.11503
5,7008,combined_fixture_stress_5_7008_suction,combined_fixture_stress,latent_fixture_v5_no_safety_margin,suction,tether,suction,peel_then_translate,0.63299,1,0.16569,0,0,1,0,0,0.06343,2.10955,0.67938,0.46156,0.00,0.02791,0.13338,0.04478,0.04958,0.63299,0.11136
5,7008,combined_fixture_stress_5_7008_suction,combined_fixture_stress,latent_fixture_v5_no_calibration,suction,tether,suction,peel_then_translate,0.73271,1,0.20871,1,1,0,0,0,0.67913,1.89405,0.68858,0.09698,0.00,0.00203,0.13470,0.02405,0.03006,0.73271,0.07644
5,7008,combined_fixture_stress_5_7008_suction,combined_fixture_stress,latent_fixture_v5_no_adaptive_probe,suction,tether,suction,peel_then_translate,0.66063,1,0.16376,1,1,0,0,0,0.68362,1.89248,0.68577,0.09874,0.00,0.01933,0.13679,0.03868,0.04402,0.66063,0.10056
5,7009,combined_fixture_stress_5_7009_tether,combined_fixture_stress,latent_fixture_v5_full,tether,unknown,tether,cautious_probe_pull,0.34911,1,0.18556,0,0,1,0,1,0.06144,2.18792,0.25042,0.06271,0.00,0.03532,0.30733,0.08130,0.13348,0.09345,0.34911
5,7009,combined_fixture_stress_5_7009_tether,combined_fixture_stress,latent_fixture_v5_no_torque_features,tether,unknown,clamp,cautious_probe_pull,0.34987,0,0.73000,1,1,0,0,0,0.62700,1.98998,0.10462,0.80171,0.00,0.04805,0.34987,0.07914,0.14387,0.09771,0.28135
5,7009,combined_fixture_stress_5_7009_tether,combined_fixture_stress,latent_fixture_v5_no_compliance_anisotropy,tether,unknown,tether,cautious_probe_pull,0.41959,1,0.25063,1,0,0,1,0,0.67494,2.67320,0.22755,0.59667,0.00,0.03583,0.32669,0.07536,0.05235,0.09020,0.41959
5,7009,combined_fixture_stress_5_7009_tether,combined_fixture_stress,latent_fixture_v5_no_release_cues,tether,unknown,tether,cautious_probe_pull,0.35788,1,0.25495,0,0,1,1,0,0.05451,2.89035,0.22180,0.04919,0.00,0.03585,0.31392,0.08289,0.13678,0.07269,0.35788
5,7009,combined_fixture_stress_5_7009_tether,combined_fixture_stress,latent_fixture_v5_no_hysteresis_memory,tether,unknown,slot,cautious_probe_pull,0.31750,0,0.73000,0,0,1,0,0,0.00700,2.20698,0.10346,0.01070,0.00,0.04682,0.28360,0.16717,0.31750,0.10669,0.07821
5,7009,combined_fixture_stress_5_7009_tether,combined_fixture_stress,latent_fixture_v5_no_particle_refinement,tether,unknown,clamp,cautious_probe_pull,0.38590,0,0.66000,0,0,1,1,1,0.01400,2.90453,0.12330,0.01520,0.00,0.04337,0.38590,0.07007,0.12474,0.08014,0.29579
5,7009,combined_fixture_stress_5_7009_tether,combined_fixture_stress,latent_fixture_v5_no_safety_margin,tether,unknown,tether,cautious_probe_pull,0.34911,1,0.18556,0,0,1,1,1,0.06144,2.88792,0.23815,0.05672,0.00,0.03532,0.30733,0.08130,0.13348,0.09345,0.34911
5,7009,combined_fixture_stress_5_7009_tether,combined_fixture_stress,latent_fixture_v5_no_calibration,tether,unknown,tether,cautious_probe_pull,0.38798,1,0.23284,1,0,0,0,0,0.67672,1.97258,0.22957,0.59356,0.00,0.00753,0.33373,0.06532,0.12564,0.07980,0.38798
5,7009,combined_fixture_stress_5_7009_tether,combined_fixture_stress,latent_fixture_v5_no_adaptive_probe,tether,unknown,tether,unwind_tether,0.36628,1,0.18436,1,1,0,0,0,0.68156,1.97088,0.60178,0.15858,0.00,0.02619,0.30701,0.07770,0.13206,0.09077,0.36628
6,7000,combined_fixture_stress_6_7000_suction,combined_fixture_stress,latent_fixture_v5_full,suction,unknown,suction,peel_then_translate,0.73066,1,0.15885,1,1,0,0,0,0.68411,1.91954,0.71585,0.08074,0.00,0.03229,0.08213,0.04587,0.04952,0.73066,0.05954
6,7000,combined_fixture_stress_6_7000_suction,combined_fixture_stress,latent_fixture_v5_no_torque_features,suction,unknown,suction,peel_then_translate,0.60374,1,0.23774,1,1,0,0,0,0.67623,1.92230,0.65396,0.11974,0.00,0.04690,0.11657,0.05658,0.07470,0.60374,0.10151
6,7000,combined_fixture_stress_6_7000_suction,combined_fixture_stress,latent_fixture_v5_no_compliance_anisotropy,suction,unknown,suction,peel_then_translate,0.72578,1,0.22920,1,1,0,0,0,0.67708,1.92200,0.68147,0.10146,0.00,0.03062,0.09224,0.04816,0.04216,0.72578,0.06102
6,7000,combined_fixture_stress_6_7000_suction,combined_fixture_stress,latent_fixture_v5_no_release_cues,suction,unknown,clamp,cautious_probe_pull,0.36571,0,0.73000,0,0,1,1,0,0.00700,2.85653,0.07229,0.00523,0.00,0.04768,0.36571,0.12116,0.13921,0.11511,0.21114
6,7000,combined_fixture_stress_6_7000_suction,combined_fixture_stress,latent_fixture_v5_no_hysteresis_memory,suction,unknown,suction,peel_then_translate,0.67538,1,0.23272,1,1,0,0,0,0.67673,1.92212,0.67009,0.10884,0.00,0.04234,0.07674,0.07832,0.07408,0.67538,0.05315
6,7000,combined_fixture_stress_6_7000_suction,combined_fixture_stress,latent_fixture_v5_no_particle_refinement,suction,unknown,suction,peel_then_translate,0.73068,1,0.15885,0,0,1,0,0,0.06411,2.13654,0.70199,0.49279,0.00,0.03910,0.08231,0.04626,0.04464,0.73068,0.05701
6,7000,combined_fixture_stress_6_7000_suction,combined_fixture_stress,latent_fixture_v5_no_safety_margin,suction,unknown,suction,peel_then_translate,0.73066,1,0.15885,1,1,0,0,0,0.68411,1.91954,0.70199,0.08881,0.00,0.03229,0.08213,0.04587,0.04952,0.73066,0.05954
6,7000,combined_fixture_stress_6_7000_suction,combined_fixture_stress,latent_fixture_v5_no_calibration,suction,unknown,suction,peel_then_translate,0.83998,1,0.20120,1,1,0,0,0,0.67988,1.92102,0.71309,0.08232,0.00,0.00530,0.06463,0.02253,0.02870,0.83998,0.03886
6,7000,combined_fixture_stress_6_7000_suction,combined_fixture_stress,latent_fixture_v5_no_adaptive_probe,suction,unknown,suction,peel_then_translate,0.76329,1,0.15657,1,1,0,0,0,0.68434,1.91946,0.70956,0.08435,0.00,0.02352,0.07689,0.03886,0.04381,0.76329,0.05363
6,7001,combined_fixture_stress_6_7001_tether,combined_fixture_stress,latent_fixture_v5_full,tether,unknown,tether,unwind_tether,0.42185,1,0.18047,1,1,0,0,0,0.68195,1.86629,0.62671,0.13935,0.00,0.03476,0.26977,0.10892,0.08767,0.07704,0.42185
6,7001,combined_fixture_stress_6_7001_tether,combined_fixture_stress,latent_fixture_v5_no_torque_features,tether,unknown,tether,cautious_probe_pull,0.32492,1,0.25726,1,0,0,0,1,0.67427,1.86897,0.21874,0.61037,0.00,0.05081,0.31027,0.07538,0.12011,0.11852,0.32492
6,7001,combined_fixture_stress_6_7001_tether,combined_fixture_stress,latent_fixture_v5_no_compliance_anisotropy,tether,unknown,tether,unwind_tether,0.43378,1,0.24964,1,1,0,0,0,0.67504,1.86871,0.59913,0.16070,0.00,0.03528,0.29265,0.11382,0.04312,0.08135,0.43378
6,7001,combined_fixture_stress_6_7001_tether,combined_fixture_stress,latent_fixture_v5_no_release_cues,tether,unknown,tether,unwind_tether,0.43335,1,0.24967,1,0,0,0,0,0.67503,1.86871,0.59903,0.16077,0.00,0.03516,0.27553,0.11149,0.09011,0.05435,0.43335
6,7001,combined_fixture_stress_6_7001_tether,combined_fixture_stress,latent_fixture_v5_no_hysteresis_memory,tether,unknown,hinge,cautious_probe_pull,0.30026,0,0.73000,0,0,1,1,1,0.00700,2.80252,0.10284,0.01058,0.00,0.04822,0.25161,0.30026,0.19551,0.10950,0.09490
6,7001,combined_fixture_stress_6_7001_tether,combined_fixture_stress,latent_fixture_v5_no_particle_refinement,tether,unknown,tether,cautious_probe_pull,0.33548,1,0.18652,1,0,0,1,0,0.68135,2.56650,0.23681,0.58246,0.00,0.04399,0.33522,0.10235,0.10113,0.08183,0.33548
6,7001,combined_fixture_stress_6_7001_tether,combined_fixture_stress,latent_fixture_v5_no_safety_margin,tether,unknown,tether,direct_translate,0.42185,1,0.18047,0,0,1,0,1,0.18195,2.04129,0.12803,0.01639,0.00,0.03476,0.26977,0.10892,0.08767,0.07704,0.42185
6,7001,combined_fixture_stress_6_7001_tether,combined_fixture_stress,latent_fixture_v5_no_calibration,tether,unknown,tether,unwind_tether,0.48075,1,0.22635,1,1,0,0,0,0.67737,1.86789,0.61446,0.14864,0.00,0.00705,0.28846,0.09678,0.06952,0.05744,0.48075
6,7001,combined_fixture_stress_6_7001_tether,combined_fixture_stress,latent_fixture_v5_no_adaptive_probe,tether,unknown,tether,unwind_tether,0.44846,1,0.17861,0,0,1,0,0,0.06214,2.08322,0.62007,0.38449,0.00,0.02552,0.26851,0.10599,0.08084,0.07068,0.44846
6,7002,combined_fixture_stress_6_7002_free,combined_fixture_stress,latent_fixture_v5_full,free,free,free,direct_translate,0.47766,1,0.17656,1,1,0,0,1,0.80234,1.93862,0.76746,0.05408,0.00,0.47766,0.10132,0.13184,0.10632,0.08388,0.09897
6,7002,combined_fixture_stress_6_7002_free,combined_fixture_stress,latent_fixture_v5_no_torque_features,free,free,free,cautious_probe_pull,0.30912,1,0.25836,0,0,1,1,0,0.05416,2.90048,0.44311,0.19635,0.00,0.30912,0.13543,0.07665,0.16880,0.13482,0.17517
6,7002,combined_fixture_stress_6_7002_free,combined_fixture_stress,latent_fixture_v5_no_compliance_anisotropy,free,free,free,cautious_probe_pull,0.37976,1,0.25342,1,1,0,0,1,0.67466,1.98331,0.45521,0.29680,0.00,0.37976,0.11454,0.18658,0.07606,0.10211,0.14096
6,7002,combined_fixture_stress_6_7002_free,combined_fixture_stress,latent_fixture_v5_no_release_cues,free,free,free,direct_translate,0.48731,1,0.24589,1,1,0,0,0,0.79541,1.94104,0.73923,0.06800,0.00,0.48731,0.10800,0.14116,0.11311,0.04543,0.10498
6,7002,combined_fixture_stress_6_7002_free,combined_fixture_stress,latent_fixture_v5_no_hysteresis_memory,free,free,free,direct_translate,0.49837,1,0.24511,1,1,0,0,0,0.79549,1.94102,0.74210,0.06651,0.00,0.49837,0.08654,0.15095,0.12104,0.09408,0.04903
6,7002,combined_fixture_stress_6_7002_free,combined_fixture_stress,latent_fixture_v5_no_particle_refinement,free,free,free,cautious_probe_pull,0.28196,1,0.19026,1,1,0,1,0,0.68097,2.68110,0.45526,0.29674,0.00,0.28196,0.14144,0.18228,0.14448,0.11522,0.13462
6,7002,combined_fixture_stress_6_7002_free,combined_fixture_stress,latent_fixture_v5_no_safety_margin,free,free,free,direct_translate,0.47766,1,0.17656,1,1,0,0,0,0.80234,1.93862,0.75465,0.06020,0.00,0.47766,0.10132,0.13184,0.10632,0.08388,0.09897
6,7002,combined_fixture_stress_6_7002_free,combined_fixture_stress,latent_fixture_v5_no_calibration,free,free,free,direct_translate,0.53885,1,0.22228,1,1,0,0,0,0.79777,1.94022,0.75785,0.05864,0.00,0.53885,0.09098,0.12665,0.09296,0.06650,0.08406
6,7002,combined_fixture_stress_6_7002_free,combined_fixture_stress,latent_fixture_v5_no_adaptive_probe,free,free,free,direct_translate,0.51638,1,0.17385,0,0,1,0,0,0.18261,2.15552,0.76494,0.58513,0.00,0.51638,0.09404,0.12502,0.09834,0.07542,0.09079
6,7003,combined_fixture_stress_6_7003_clamp,combined_fixture_stress,latent_fixture_v5_full,clamp,unknown,suction,cautious_probe_pull,0.41982,0,0.66000,0,0,1,1,1,0.01400,2.84332,0.06189,0.00383,0.00,0.03229,0.32776,0.05115,0.04385,0.41982,0.12513
6,7003,combined_fixture_stress_6_7003_clamp,combined_fixture_stress,latent_fixture_v5_no_torque_features,clamp,unknown,suction,peel_then_translate,0.47242,0,0.73000,0,0,1,0,0,0.00700,2.14577,0.01705,0.00029,0.00,0.03781,0.19577,0.05981,0.06644,0.47242,0.16775
6,7003,combined_fixture_stress_6_7003_clamp,combined_fixture_stress,latent_fixture_v5_no_compliance_anisotropy,clamp,unknown,suction,peel_then_translate,0.43111,0,0.73000,0,0,1,1,0,0.00700,2.84577,0.01681,0.00028,0.00,0.03210,0.31410,0.05055,0.03491,0.43111,0.13722
6,7003,combined_fixture_stress_6_7003_clamp,combined_fixture_stress,latent_fixture_v5_no_release_cues,clamp,unknown,clamp,release_clamp_pull,0.43824,1,0.24932,1,1,0,0,0,0.79507,1.86995,0.60852,0.15325,0.00,0.03027,0.43824,0.08549,0.06595,0.05294,0.32711
6,7003,combined_fixture_stress_6_7003_clamp,combined_fixture_stress,latent_fixture_v5_no_hysteresis_memory,clamp,unknown,suction,peel_then_translate,0.51235,0,0.73000,0,0,1,1,1,0.00700,2.84577,0.01727,0.00030,0.00,0.03539,0.16747,0.15311,0.06867,0.51235,0.06302
6,7003,combined_fixture_stress_6_7003_clamp,combined_fixture_stress,latent_fixture_v5_no_particle_refinement,clamp,unknown,suction,peel_then_translate,0.54939,0,0.66000,0,0,1,0,1,0.01400,2.14332,0.01748,0.00031,0.00,0.04273,0.17446,0.05208,0.05447,0.54939,0.12688
6,7003,combined_fixture_stress_6_7003_clamp,combined_fixture_stress,latent_fixture_v5_no_safety_margin,clamp,unknown,suction,cautious_probe_pull,0.41982,0,0.66000,0,0,1,1,1,0.01400,2.84332,0.04933,0.00243,0.00,0.03229,0.32776,0.05115,0.04385,0.41982,0.12513
6,7003,combined_fixture_stress_6_7003_clamp,combined_fixture_stress,latent_fixture_v5_no_calibration,clamp,unknown,suction,peel_then_translate,0.46717,0,0.71000,0,0,1,1,0,0.00900,2.84507,0.01702,0.00029,0.00,0.00082,0.38354,0.02464,0.01416,0.46717,0.10967
6,7003,combined_fixture_stress_6_7003_clamp,combined_fixture_stress,latent_fixture_v5_no_adaptive_probe,clamp,unknown,suction,peel_then_translate,0.42042,0,0.66000,0,0,1,1,1,0.01400,2.84332,0.01675,0.00028,0.00,0.02181,0.36042,0.04314,0.03388,0.42042,0.12034
6,7004,combined_fixture_stress_6_7004_hinge,combined_fixture_stress,latent_fixture_v5_full,hinge,clamp,clamp,cautious_probe_pull,0.35836,0,0.66000,0,0,1,0,1,0.01400,2.11300,0.01641,0.00027,0.00,0.04261,0.35836,0.35499,0.07073,0.07645,0.09685
6,7004,combined_fixture_stress_6_7004_hinge,combined_fixture_stress,latent_fixture_v5_no_torque_features,hinge,clamp,clamp,release_clamp_pull,0.44901,0,0.73000,0,0,1,0,1,0.12700,2.07345,0.01691,0.00029,0.00,0.06368,0.44901,0.09662,0.11242,0.12853,0.14975
6,7004,combined_fixture_stress_6_7004_hinge,combined_fixture_stress,latent_fixture_v5_no_compliance_anisotropy,hinge,clamp,clamp,cautious_probe_pull,0.37500,0,0.73000,0,0,1,0,0,0.00700,2.11545,0.01650,0.00027,0.00,0.04274,0.37500,0.35426,0.04753,0.07928,0.10119
6,7004,combined_fixture_stress_6_7004_hinge,combined_fixture_stress,latent_fixture_v5_no_release_cues,hinge,clamp,clamp,cautious_probe_pull,0.37608,0,0.73000,0,0,1,1,0,0.00700,2.81545,0.01651,0.00027,0.00,0.04318,0.37608,0.36104,0.07268,0.04813,0.09889
6,7004,combined_fixture_stress_6_7004_hinge,combined_fixture_stress,latent_fixture_v5_no_hysteresis_memory,hinge,clamp,hinge,cautious_probe_pull,0.38750,1,0.25288,0,0,1,1,0,0.05471,2.79875,0.09199,0.00846,0.00,0.04358,0.32699,0.38750,0.08221,0.09074,0.06898
6,7004,combined_fixture_stress_6_7004_hinge,combined_fixture_stress,latent_fixture_v5_no_particle_refinement,hinge,clamp,clamp,release_clamp_pull,0.49362,0,0.66000,0,0,1,1,0,0.13400,2.77100,0.01716,0.00029,0.00,0.05114,0.49362,0.19011,0.08221,0.09460,0.08832
6,7004,combined_fixture_stress_6_7004_hinge,combined_fixture_stress,latent_fixture_v5_no_safety_margin,hinge,clamp,clamp,cautious_probe_pull,0.35836,0,0.66000,0,0,1,0,0,0.01400,2.11300,0.01641,0.00027,0.00,0.04261,0.35836,0.35499,0.07073,0.07645,0.09685
6,7004,combined_fixture_stress_6_7004_hinge,combined_fixture_stress,latent_fixture_v5_no_calibration,hinge,clamp,hinge,pivot_rotate,0.42234,1,0.23044,1,1,0,0,0,0.79696,1.83897,0.63520,0.13308,0.00,0.01518,0.37795,0.42234,0.04806,0.05503,0.08145
6,7004,combined_fixture_stress_6_7004_hinge,combined_fixture_stress,latent_fixture_v5_no_adaptive_probe,hinge,clamp,hinge,pivot_rotate,0.39232,1,0.18254,1,1,0,0,0,0.80175,1.83729,0.64076,0.12905,0.00,0.03353,0.35008,0.39232,0.06277,0.06816,0.09314
6,7005,combined_fixture_stress_6_7005_slot,combined_fixture_stress,latent_fixture_v5_full,slot,hinge,slot,follow_slot_axis,0.43111,1,0.17982,1,1,0,0,0,0.80202,1.66232,0.68766,0.09756,0.00,0.03832,0.30432,0.11248,0.43111,0.06141,0.05236
6,7005,combined_fixture_stress_6_7005_slot,combined_fixture_stress,latent_fixture_v5_no_torque_features,slot,hinge,clamp,cautious_probe_pull,0.37227,0,0.73000,0,0,1,0,0,0.00700,1.94058,0.17136,0.02936,0.00,0.06022,0.37227,0.10732,0.23993,0.11285,0.10740
6,7005,combined_fixture_stress_6_7005_slot,combined_fixture_stress,latent_fixture_v5_no_compliance_anisotropy,slot,hinge,clamp,cautious_probe_pull,0.37960,0,0.73000,0,0,1,0,1,0.00700,1.94058,0.17179,0.02951,0.00,0.05252,0.37960,0.16326,0.20629,0.09840,0.09993
6,7005,combined_fixture_stress_6_7005_slot,combined_fixture_stress,latent_fixture_v5_no_release_cues,slot,hinge,slot,follow_slot_axis,0.43607,1,0.24948,1,1,0,0,0,0.79505,1.66476,0.65857,0.11657,0.00,0.03858,0.31485,0.11443,0.43607,0.04312,0.05295
6,7005,combined_fixture_stress_6_7005_slot,combined_fixture_stress,latent_fixture_v5_no_hysteresis_memory,slot,hinge,slot,follow_slot_axis,0.43062,1,0.24986,1,1,0,0,0,0.79501,1.66477,0.65728,0.11746,0.00,0.04276,0.27112,0.13505,0.43062,0.06850,0.05195
6,7005,combined_fixture_stress_6_7005_slot,combined_fixture_stress,latent_fixture_v5_no_particle_refinement,slot,hinge,clamp,release_clamp_pull,0.42936,0,0.66000,0,0,1,1,0,0.13400,2.59613,0.01680,0.00028,0.00,0.04810,0.42936,0.14493,0.23960,0.07658,0.06143
6,7005,combined_fixture_stress_6_7005_slot,combined_fixture_stress,latent_fixture_v5_no_safety_margin,slot,hinge,slot,direct_translate,0.43111,1,0.17982,1,0,0,0,0,0.80202,1.66232,0.24629,0.56808,0.00,0.03832,0.30432,0.11248,0.43111,0.06141,0.05236
6,7005,combined_fixture_stress_6_7005_slot,combined_fixture_stress,latent_fixture_v5_no_calibration,slot,hinge,slot,follow_slot_axis,0.51287,1,0.22410,1,1,0,0,0,0.79759,1.66387,0.68196,0.10115,0.00,0.00902,0.35090,0.06579,0.51287,0.03602,0.02540
6,7005,combined_fixture_stress_6_7005_slot,combined_fixture_stress,latent_fixture_v5_no_adaptive_probe,slot,hinge,slot,follow_slot_axis,0.47552,1,0.17671,1,1,0,0,0,0.80233,1.66221,0.68583,0.09870,0.00,0.02855,0.30516,0.09515,0.47552,0.05224,0.04336
6,7006,combined_fixture_stress_6_7006_suction,combined_fixture_stress,latent_fixture_v5_full,suction,suction,suction,peel_then_translate,0.67198,1,0.16296,1,1,0,0,0,0.68370,2.01832,0.70201,0.08880,0.00,0.02936,0.11244,0.06153,0.05573,0.67198,0.06897
6,7006,combined_fixture_stress_6_7006_suction,combined_fixture_stress,latent_fixture_v5_no_torque_features,suction,suction,suction,peel_then_translate,0.60165,1,0.23788,1,1,0,0,0,0.67621,2.02094,0.65349,0.12007,0.00,0.04216,0.11620,0.05792,0.08026,0.60165,0.10181
6,7006,combined_fixture_stress_6_7006_suction,combined_fixture_stress,latent_fixture_v5_no_compliance_anisotropy,suction,suction,suction,peel_then_translate,0.66967,1,0.23312,1,1,0,0,1,0.67669,2.02078,0.66880,0.10969,0.00,0.02963,0.12377,0.06367,0.03723,0.66967,0.07603
6,7006,combined_fixture_stress_6_7006_suction,combined_fixture_stress,latent_fixture_v5_no_release_cues,suction,suction,clamp,cautious_probe_pull,0.32243,0,0.73000,0,0,1,0,0,0.00700,2.25517,0.07122,0.00507,0.00,0.03438,0.32243,0.16570,0.16025,0.09644,0.22081
6,7006,combined_fixture_stress_6_7006_suction,combined_fixture_stress,latent_fixture_v5_no_hysteresis_memory,suction,suction,suction,peel_then_translate,0.62345,1,0.23636,1,1,0,0,0,0.67636,2.02089,0.65839,0.11670,0.00,0.03426,0.08240,0.12122,0.08549,0.62345,0.05317
6,7006,combined_fixture_stress_6_7006_suction,combined_fixture_stress,latent_fixture_v5_no_particle_refinement,suction,suction,suction,peel_then_translate,0.74010,1,0.15819,1,1,0,0,0,0.68418,2.01816,0.70417,0.08751,0.00,0.03714,0.07442,0.04638,0.04861,0.74010,0.05335
6,7006,combined_fixture_stress_6_7006_suction,combined_fixture_stress,latent_fixture_v5_no_safety_margin,suction,suction,suction,peel_then_translate,0.67198,1,0.16296,1,1,0,0,0,0.68370,2.01832,0.68839,0.09710,0.00,0.02936,0.11244,0.06153,0.05573,0.67198,0.06897
6,7006,combined_fixture_stress_6_7006_suction,combined_fixture_stress,latent_fixture_v5_no_calibration,suction,suction,suction,peel_then_translate,0.74540,1,0.20782,1,1,0,0,0,0.67922,2.01989,0.69148,0.09519,0.00,0.00276,0.11188,0.04722,0.03743,0.74540,0.05530
6,7006,combined_fixture_stress_6_7006_suction,combined_fixture_stress,latent_fixture_v5_no_adaptive_probe,suction,suction,suction,peel_then_translate,0.68678,1,0.16193,1,1,0,0,0,0.68381,2.01829,0.69182,0.09498,0.00,0.02061,0.11625,0.05884,0.05101,0.68678,0.06652
6,7007,combined_fixture_stress_6_7007_tether,combined_fixture_stress,latent_fixture_v5_full,tether,unknown,tether,cautious_probe_pull,0.40161,1,0.18189,0,0,1,1,1,0.06181,2.77142,0.25584,0.06545,0.00,0.03655,0.24150,0.13080,0.11563,0.07391,0.40161
6,7007,combined_fixture_stress_6_7007_tether,combined_fixture_stress,latent_fixture_v5_no_torque_features,tether,unknown,tether,cautious_probe_pull,0.30535,1,0.25863,0,0,1,1,0,0.05414,2.77411,0.21693,0.04706,0.00,0.05292,0.29286,0.07898,0.15421,0.11566,0.30535
6,7007,combined_fixture_stress_6_7007_tether,combined_fixture_stress,latent_fixture_v5_no_compliance_anisotropy,tether,unknown,tether,unwind_tether,0.46771,1,0.24726,1,1,0,0,0,0.67527,1.85671,0.60650,0.15485,0.00,0.03709,0.25562,0.12404,0.04104,0.07450,0.46771
6,7007,combined_fixture_stress_6_7007_tether,combined_fixture_stress,latent_fixture_v5_no_release_cues,tether,unknown,tether,cautious_probe_pull,0.41094,1,0.25123,0,0,1,1,0,0.05488,2.77385,0.22674,0.05141,0.00,0.03693,0.24722,0.13385,0.11911,0.05196,0.41094
6,7007,combined_fixture_stress_6_7007_tether,combined_fixture_stress,latent_fixture_v5_no_hysteresis_memory,tether,unknown,hinge,cautious_probe_pull,0.31994,0,0.73000,0,0,1,1,0,0.00700,2.79061,0.10355,0.01072,0.00,0.05101,0.20587,0.31994,0.22243,0.09639,0.10436
6,7007,combined_fixture_stress_6_7007_tether,combined_fixture_stress,latent_fixture_v5_no_particle_refinement,tether,unknown,tether,cautious_probe_pull,0.30552,1,0.18861,0,0,1,0,0,0.06114,2.07166,0.23386,0.05469,0.00,0.04542,0.30087,0.12751,0.13917,0.08150,0.30552
6,7007,combined_fixture_stress_6_7007_tether,combined_fixture_stress,latent_fixture_v5_no_safety_margin,tether,unknown,tether,cautious_probe_pull,0.40161,1,0.18189,0,0,1,1,0,0.06181,2.77142,0.24335,0.05922,0.00,0.03655,0.24150,0.13080,0.11563,0.07391,0.40161
6,7007,combined_fixture_stress_6_7007_tether,combined_fixture_stress,latent_fixture_v5_no_calibration,tether,unknown,tether,unwind_tether,0.45859,1,0.22790,1,1,0,0,0,0.67721,1.85604,0.60961,0.15241,0.00,0.00907,0.25437,0.12192,0.10275,0.05330,0.45859
6,7007,combined_fixture_stress_6_7007_tether,combined_fixture_stress,latent_fixture_v5_no_adaptive_probe,tether,unknown,tether,unwind_tether,0.42866,1,0.17999,1,1,0,0,0,0.68200,1.85436,0.61566,0.14772,0.00,0.02742,0.23914,0.12849,0.10932,0.06697,0.42866
6,7008,combined_fixture_stress_6_7008_free,combined_fixture_stress,latent_fixture_v5_full,free,suction,free,cautious_probe_pull,0.41268,1,0.18111,1,1,0,1,1,0.68189,2.47262,0.49094,0.25914,0.00,0.41268,0.08610,0.16808,0.10223,0.15345,0.07747
6,7008,combined_fixture_stress_6_7008_free,combined_fixture_stress,latent_fixture_v5_no_torque_features,free,suction,free,cautious_probe_pull,0.29488,1,0.25936,0,0,1,1,1,0.05406,2.69235,0.44068,0.19420,0.00,0.29488,0.11651,0.06907,0.16479,0.21702,0.13772
6,7008,combined_fixture_stress_6_7008_free,combined_fixture_stress,latent_fixture_v5_no_compliance_anisotropy,free,suction,free,cautious_probe_pull,0.35252,1,0.25532,1,0,0,1,0,0.67447,2.47521,0.45054,0.30191,0.00,0.35252,0.09348,0.21946,0.06552,0.16996,0.09906
6,7008,combined_fixture_stress_6_7008_free,combined_fixture_stress,latent_fixture_v5_no_release_cues,free,suction,free,direct_translate,0.42429,1,0.25030,1,1,0,0,0,0.79497,1.73304,0.72289,0.07679,0.00,0.42429,0.09594,0.19366,0.11501,0.08581,0.08529
6,7008,combined_fixture_stress_6_7008_free,combined_fixture_stress,latent_fixture_v5_no_hysteresis_memory,free,suction,free,direct_translate,0.42130,1,0.25051,1,1,0,0,0,0.79495,1.73305,0.72211,0.07722,0.00,0.42130,0.07275,0.18460,0.11005,0.16422,0.04707
6,7008,combined_fixture_stress_6_7008_free,combined_fixture_stress,latent_fixture_v5_no_particle_refinement,free,suction,hinge,cautious_probe_pull,0.23567,0,0.66000,0,0,1,1,1,0.01400,2.70638,0.33711,0.11364,0.00,0.18457,0.11968,0.23567,0.14118,0.21256,0.10633
6,7008,combined_fixture_stress_6_7008_free,combined_fixture_stress,latent_fixture_v5_no_safety_margin,free,suction,free,cautious_probe_pull,0.41268,1,0.18111,1,1,0,0,1,0.68189,1.77262,0.47841,0.27206,0.00,0.41268,0.08610,0.16808,0.10223,0.15345,0.07747
6,7008,combined_fixture_stress_6_7008_free,combined_fixture_stress,latent_fixture_v5_no_calibration,free,suction,free,direct_translate,0.50061,1,0.22496,1,1,0,0,0,0.79750,1.73215,0.74784,0.06358,0.00,0.50061,0.06833,0.17223,0.08644,0.11712,0.05526
6,7008,combined_fixture_stress_6_7008_free,combined_fixture_stress,latent_fixture_v5_no_adaptive_probe,free,suction,free,direct_translate,0.46276,1,0.17761,1,1,0,0,0,0.80224,1.73049,0.75070,0.06215,0.00,0.46276,0.07729,0.16225,0.09345,0.13643,0.06782
6,7009,combined_fixture_stress_6_7009_clamp,combined_fixture_stress,latent_fixture_v5_full,clamp,clamp,clamp,cautious_probe_pull,0.36601,1,0.18438,1,0,0,1,0,0.68156,2.57771,0.17814,0.67546,0.00,0.02772,0.36601,0.04499,0.05988,0.32304,0.17836
6,7009,combined_fixture_stress_6_7009_clamp,combined_fixture_stress,latent_fixture_v5_no_torque_features,clamp,clamp,suction,cautious_probe_pull,0.33738,0,0.73000,0,0,1,0,0,0.00700,2.11381,0.03087,0.00095,0.00,0.03673,0.29665,0.05743,0.08174,0.33738,0.19007
6,7009,combined_fixture_stress_6_7009_clamp,combined_fixture_stress,latent_fixture_v5_no_compliance_anisotropy,clamp,clamp,clamp,cautious_probe_pull,0.36316,1,0.25458,0,0,1,1,0,0.05454,2.79717,0.14834,0.02200,0.00,0.02807,0.36316,0.04578,0.03605,0.33356,0.19339
6,7009,combined_fixture_stress_6_7009_clamp,combined_fixture_stress,latent_fixture_v5_no_release_cues,clamp,clamp,clamp,release_clamp_pull,0.47329,1,0.24687,1,1,0,0,0,0.79531,1.83790,0.61623,0.14728,0.00,0.02948,0.47329,0.05830,0.08349,0.06190,0.29355
6,7009,combined_fixture_stress_6_7009_clamp,combined_fixture_stress,latent_fixture_v5_no_hysteresis_memory,clamp,clamp,suction,peel_then_translate,0.42891,0,0.73000,0,0,1,0,0,0.00700,2.11381,0.01680,0.00028,0.00,0.03296,0.21852,0.10286,0.14653,0.42891,0.07022
6,7009,combined_fixture_stress_6_7009_clamp,combined_fixture_stress,latent_fixture_v5_no_particle_refinement,clamp,clamp,suction,cautious_probe_pull,0.37297,0,0.66000,1,1,0,0,0,0.63400,1.89436,0.04856,0.90524,0.00,0.03600,0.32554,0.04725,0.06208,0.37297,0.15615
6,7009,combined_fixture_stress_6_7009_clamp,combined_fixture_stress,latent_fixture_v5_no_safety_margin,clamp,clamp,clamp,cautious_probe_pull,0.36601,1,0.18438,1,1,0,1,0,0.68156,2.57771,0.16580,0.69589,0.00,0.02772,0.36601,0.04499,0.05988,0.32304,0.17836
6,7009,combined_fixture_stress_6_7009_clamp,combined_fixture_stress,latent_fixture_v5_no_calibration,clamp,clamp,clamp,cautious_probe_pull,0.38950,1,0.23273,1,0,0,0,1,0.67673,1.87940,0.15510,0.71386,0.00,0.00183,0.38950,0.02344,0.04105,0.35724,0.18693
6,7009,combined_fixture_stress_6_7009_clamp,combined_fixture_stress,latent_fixture_v5_no_adaptive_probe,clamp,clamp,clamp,release_clamp_pull,0.37725,1,0.18359,1,1,0,0,0,0.80164,1.83568,0.61247,0.15018,0.00,0.01913,0.37725,0.03832,0.05403,0.32803,0.18324
7,7000,combined_fixture_stress_7_7000_free,combined_fixture_stress,latent_fixture_v5_full,free,unknown,free,direct_translate,0.44101,1,0.17913,0,0,1,0,0,0.18209,2.02021,0.75758,0.57393,0.00,0.44101,0.12146,0.11613,0.11281,0.10813,0.10047
7,7000,combined_fixture_stress_7_7000_free,combined_fixture_stress,latent_fixture_v5_no_torque_features,free,unknown,free,cautious_probe_pull,0.28897,1,0.25977,1,1,0,0,0,0.67402,1.84803,0.43968,0.31396,0.00,0.28897,0.15131,0.07554,0.17695,0.15199,0.15523
7,7000,combined_fixture_stress_7_7000_free,combined_fixture_stress,latent_fixture_v5_no_compliance_anisotropy,free,unknown,free,cautious_probe_pull,0.35685,1,0.25502,1,1,0,1,1,0.67450,2.54787,0.45128,0.30110,0.00,0.35685,0.13506,0.14945,0.09190,0.13218,0.13456
7,7000,combined_fixture_stress_7_7000_free,combined_fixture_stress,latent_fixture_v5_no_release_cues,free,unknown,free,direct_translate,0.45229,1,0.24834,1,1,0,0,0,0.79517,1.80563,0.73014,0.07282,0.00,0.45229,0.13370,0.12740,0.12359,0.05374,0.10929
7,7000,combined_fixture_stress_7_7000_free,combined_fixture_stress,latent_fixture_v5_no_hysteresis_memory,free,unknown,free,direct_translate,0.45872,1,0.24789,1,1,0,0,1,0.79521,1.80562,0.73181,0.07193,0.00,0.45872,0.10363,0.13213,0.12742,0.12228,0.05582
7,7000,combined_fixture_stress_7_7000_free,combined_fixture_stress,latent_fixture_v5_no_particle_refinement,free,unknown,free,cautious_probe_pull,0.22398,1,0.19432,1,1,0,1,0,0.68057,2.54574,0.44505,0.30796,0.00,0.22398,0.16993,0.16170,0.15539,0.15018,0.13883
7,7000,combined_fixture_stress_7_7000_free,combined_fixture_stress,latent_fixture_v5_no_safety_margin,free,unknown,free,direct_translate,0.44101,1,0.17913,1,0,0,0,0,0.80209,1.80321,0.74493,0.06506,0.00,0.44101,0.12146,0.11613,0.11281,0.10813,0.10047
7,7000,combined_fixture_stress_7_7000_free,combined_fixture_stress,latent_fixture_v5_no_calibration,free,unknown,free,direct_translate,0.51790,1,0.22375,1,1,0,0,0,0.79763,1.80477,0.75237,0.06132,0.00,0.51790,0.11108,0.10234,0.09566,0.09180,0.08123
7,7000,combined_fixture_stress_7_7000_free,combined_fixture_stress,latent_fixture_v5_no_adaptive_probe,free,unknown,free,direct_translate,0.48663,1,0.17594,1,1,0,0,0,0.80241,1.80310,0.75703,0.05903,0.00,0.48663,0.11329,0.10726,0.10324,0.09886,0.09072
7,7001,combined_fixture_stress_7_7001_clamp,combined_fixture_stress,latent_fixture_v5_full,clamp,hinge,suction,peel_then_translate,0.45800,0,0.66000,0,0,1,1,1,0.01400,2.93945,0.01696,0.00029,0.00,0.02832,0.27548,0.06879,0.03540,0.45800,0.13401
7,7001,combined_fixture_stress_7_7001_clamp,combined_fixture_stress,latent_fixture_v5_no_torque_features,clamp,hinge,suction,peel_then_translate,0.45488,0,0.73000,0,0,1,1,0,0.00700,2.94190,0.01695,0.00029,0.00,0.03621,0.20886,0.07530,0.06198,0.45488,0.16277
7,7001,combined_fixture_stress_7_7001_clamp,combined_fixture_stress,latent_fixture_v5_no_compliance_anisotropy,clamp,hinge,suction,peel_then_translate,0.46341,0,0.73000,0,0,1,1,0,0.00700,2.94190,0.01700,0.00029,0.00,0.02839,0.27045,0.06935,0.03230,0.46341,0.13610
7,7001,combined_fixture_stress_7_7001_clamp,combined_fixture_stress,latent_fixture_v5_no_release_cues,clamp,hinge,clamp,cautious_probe_pull,0.38783,1,0.25285,1,1,0,0,0,0.67471,2.00820,0.15001,0.72248,0.00,0.02869,0.38783,0.10034,0.04930,0.06751,0.36632
7,7001,combined_fixture_stress_7_7001_clamp,combined_fixture_stress,latent_fixture_v5_no_hysteresis_memory,clamp,hinge,suction,peel_then_translate,0.58828,0,0.73000,0,0,1,0,1,0.00700,2.24190,0.01769,0.00031,0.00,0.03101,0.13428,0.12655,0.06210,0.58828,0.05778
7,7001,combined_fixture_stress_7_7001_clamp,combined_fixture_stress,latent_fixture_v5_no_particle_refinement,clamp,hinge,suction,peel_then_translate,0.54684,0,0.66000,0,0,1,0,0,0.01400,2.23945,0.01746,0.00030,0.00,0.03713,0.15749,0.08213,0.04218,0.54684,0.13422
7,7001,combined_fixture_stress_7_7001_clamp,combined_fixture_stress,latent_fixture_v5_no_safety_margin,clamp,hinge,suction,direct_translate,0.45800,0,0.66000,0,0,1,1,1,0.13400,2.89745,0.01696,0.00029,0.00,0.02832,0.27548,0.06879,0.03540,0.45800,0.13401
7,7001,combined_fixture_stress_7_7001_clamp,combined_fixture_stress,latent_fixture_v5_no_calibration,clamp,hinge,suction,peel_then_translate,0.51675,0,0.71000,0,0,1,1,0,0.00900,2.94120,0.01729,0.00030,0.00,0.00111,0.32290,0.02150,0.00977,0.51675,0.12797
7,7001,combined_fixture_stress_7_7001_clamp,combined_fixture_stress,latent_fixture_v5_no_adaptive_probe,clamp,hinge,suction,peel_then_translate,0.46625,0,0.66000,0,0,1,1,1,0.01400,2.93945,0.01701,0.00029,0.00,0.01928,0.30196,0.05328,0.02705,0.46625,0.13218
7,7002,combined_fixture_stress_7_7002_hinge,combined_fixture_stress,latent_fixture_v5_full,hinge,unknown,hinge,cautious_probe_pull,0.33775,1,0.18636,0,0,1,0,1,0.06136,1.96720,0.11892,0.01414,0.00,0.05084,0.22534,0.33775,0.19162,0.10304,0.09141
7,7002,combined_fixture_stress_7_7002_hinge,combined_fixture_stress,latent_fixture_v5_no_torque_features,hinge,unknown,clamp,cautious_probe_pull,0.33024,0,0.73000,0,0,1,0,0,0.00700,1.98623,0.01625,0.00026,0.00,0.07167,0.33024,0.08512,0.23063,0.15084,0.13150
7,7002,combined_fixture_stress_7_7002_hinge,combined_fixture_stress,latent_fixture_v5_no_compliance_anisotropy,hinge,unknown,hinge,cautious_probe_pull,0.39111,1,0.25262,0,0,1,0,0,0.05474,1.96952,0.09217,0.00850,0.00,0.05136,0.26396,0.39111,0.07255,0.11593,0.10508
7,7002,combined_fixture_stress_7_7002_hinge,combined_fixture_stress,latent_fixture_v5_no_release_cues,hinge,unknown,hinge,cautious_probe_pull,0.34908,1,0.25556,0,0,1,1,0,0.05444,2.66962,0.09014,0.00813,0.00,0.05191,0.24007,0.34908,0.19923,0.06570,0.09400
7,7002,combined_fixture_stress_7_7002_hinge,combined_fixture_stress,latent_fixture_v5_no_hysteresis_memory,hinge,unknown,hinge,cautious_probe_pull,0.38961,1,0.25273,1,0,0,1,1,0.67473,2.45252,0.09210,0.82429,0.00,0.05495,0.19083,0.38961,0.18852,0.10491,0.07118
7,7002,combined_fixture_stress_7_7002_hinge,combined_fixture_stress,latent_fixture_v5_no_particle_refinement,hinge,unknown,clamp,cautious_probe_pull,0.31245,0,0.66000,0,0,1,1,0,0.01400,2.68378,0.01615,0.00026,0.00,0.05667,0.31245,0.25372,0.17771,0.11349,0.08595
7,7002,combined_fixture_stress_7_7002_hinge,combined_fixture_stress,latent_fixture_v5_no_safety_margin,hinge,unknown,hinge,cautious_probe_pull,0.33775,1,0.18636,0,0,1,1,1,0.06136,2.66720,0.10670,0.01139,0.00,0.05084,0.22534,0.33775,0.19162,0.10304,0.09141
7,7002,combined_fixture_stress_7_7002_hinge,combined_fixture_stress,latent_fixture_v5_no_calibration,hinge,unknown,hinge,cautious_probe_pull,0.37765,1,0.23356,1,0,0,0,1,0.67664,1.75185,0.09647,0.81636,0.00,0.02479,0.24479,0.37765,0.19292,0.08575,0.07410
7,7002,combined_fixture_stress_7_7002_hinge,combined_fixture_stress,latent_fixture_v5_no_adaptive_probe,hinge,unknown,hinge,pivot_rotate,0.35844,1,0.18491,1,1,0,0,0,0.80151,1.70815,0.63285,0.13480,0.00,0.04246,0.22204,0.35844,0.19346,0.09678,0.08681
7,7003,combined_fixture_stress_7_7003_slot,combined_fixture_stress,latent_fixture_v5_full,slot,unknown,clamp,cautious_probe_pull,0.39778,0,0.66000,0,0,1,1,0,0.01400,2.92031,0.20277,0.04112,0.00,0.04144,0.39778,0.05977,0.38091,0.06454,0.05555
7,7003,combined_fixture_stress_7_7003_slot,combined_fixture_stress,latent_fixture_v5_no_torque_features,slot,unknown,clamp,release_clamp_pull,0.46133,0,0.73000,0,0,1,1,1,0.12700,2.88076,0.01698,0.00029,0.00,0.05898,0.46133,0.07045,0.20515,0.10423,0.09985
7,7003,combined_fixture_stress_7_7003_slot,combined_fixture_stress,latent_fixture_v5_no_compliance_anisotropy,slot,unknown,clamp,release_clamp_pull,0.44736,0,0.73000,0,0,1,1,0,0.12700,2.88076,0.01691,0.00029,0.00,0.04788,0.44736,0.09915,0.21674,0.09659,0.09228
7,7003,combined_fixture_stress_7_7003_slot,combined_fixture_stress,latent_fixture_v5_no_release_cues,slot,unknown,clamp,cautious_probe_pull,0.40825,0,0.73000,1,1,0,0,1,0.62700,2.00576,0.17345,0.68318,0.00,0.04175,0.40825,0.06043,0.38404,0.04945,0.05608
7,7003,combined_fixture_stress_7_7003_slot,combined_fixture_stress,latent_fixture_v5_no_hysteresis_memory,slot,unknown,clamp,cautious_probe_pull,0.37899,0,0.73000,0,0,1,1,1,0.00700,2.92276,0.17175,0.02950,0.00,0.04321,0.37899,0.07204,0.37889,0.07205,0.05481
7,7003,combined_fixture_stress_7_7003_slot,combined_fixture_stress,latent_fixture_v5_no_particle_refinement,slot,unknown,clamp,release_clamp_pull,0.56210,0,0.66000,0,0,1,0,0,0.13400,2.17831,0.01755,0.00031,0.00,0.05281,0.56210,0.07033,0.17246,0.07831,0.06398
7,7003,combined_fixture_stress_7_7003_slot,combined_fixture_stress,latent_fixture_v5_no_safety_margin,slot,unknown,clamp,cautious_probe_pull,0.39778,0,0.66000,1,1,0,1,0,0.63400,2.70331,0.19030,0.65561,0.00,0.04144,0.39778,0.05977,0.38091,0.06454,0.05555
7,7003,combined_fixture_stress_7_7003_slot,combined_fixture_stress,latent_fixture_v5_no_calibration,slot,unknown,clamp,release_clamp_pull,0.46270,0,0.71000,0,0,1,1,0,0.12900,2.88006,0.01699,0.00029,0.00,0.00555,0.46270,0.02619,0.45234,0.03148,0.02175
7,7003,combined_fixture_stress_7_7003_slot,combined_fixture_stress,latent_fixture_v5_no_adaptive_probe,slot,unknown,slot,follow_slot_axis,0.42401,1,0.18032,1,1,0,0,0,0.80197,1.94452,0.67333,0.10671,0.00,0.02954,0.39999,0.04864,0.42401,0.05324,0.04458
7,7004,combined_fixture_stress_7_7004_suction,combined_fixture_stress,latent_fixture_v5_full,suction,unknown,suction,peel_then_translate,0.65295,1,0.16429,1,1,0,0,0,0.68357,1.85904,0.69753,0.09149,0.00,0.02961,0.11727,0.05265,0.07316,0.65295,0.07436
7,7004,combined_fixture_stress_7_7004_suction,combined_fixture_stress,latent_fixture_v5_no_torque_features,suction,unknown,suction,peel_then_translate,0.51296,1,0.24409,1,1,0,0,0,0.67559,1.86183,0.63362,0.13423,0.00,0.04304,0.16111,0.05641,0.11491,0.51296,0.11157
7,7004,combined_fixture_stress_7_7004_suction,combined_fixture_stress,latent_fixture_v5_no_compliance_anisotropy,suction,unknown,suction,peel_then_translate,0.66657,1,0.23334,1,1,0,0,0,0.67667,1.86146,0.66810,0.11016,0.00,0.03000,0.12844,0.05527,0.03832,0.66657,0.08140
7,7004,combined_fixture_stress_7_7004_suction,combined_fixture_stress,latent_fixture_v5_no_release_cues,suction,unknown,clamp,cautious_probe_pull,0.32142,0,0.73000,0,0,1,0,0,0.00700,2.09584,0.07120,0.00507,0.00,0.03548,0.32142,0.12128,0.21735,0.09029,0.21418
7,7004,combined_fixture_stress_7_7004_suction,combined_fixture_stress,latent_fixture_v5_no_hysteresis_memory,suction,unknown,suction,peel_then_translate,0.59659,1,0.23824,1,1,0,0,0,0.67618,1.86163,0.65236,0.12085,0.00,0.03383,0.09269,0.09968,0.12489,0.59659,0.05232
7,7004,combined_fixture_stress_7_7004_suction,combined_fixture_stress,latent_fixture_v5_no_particle_refinement,suction,unknown,suction,peel_then_translate,0.64786,1,0.16465,1,1,0,0,0,0.68354,1.85905,0.68282,0.10061,0.00,0.03862,0.11683,0.05381,0.07061,0.64786,0.07226
7,7004,combined_fixture_stress_7_7004_suction,combined_fixture_stress,latent_fixture_v5_no_safety_margin,suction,unknown,suction,peel_then_translate,0.65295,1,0.16429,1,1,0,0,0,0.68357,1.85904,0.68399,0.09986,0.00,0.02961,0.11727,0.05265,0.07316,0.65295,0.07436
7,7004,combined_fixture_stress_7_7004_suction,combined_fixture_stress,latent_fixture_v5_no_calibration,suction,unknown,suction,peel_then_translate,0.74924,1,0.20755,0,0,1,0,0,0.05924,2.07756,0.69235,0.47935,0.00,0.00189,0.10696,0.03038,0.05511,0.74924,0.05642
7,7004,combined_fixture_stress_7_7004_suction,combined_fixture_stress,latent_fixture_v5_no_adaptive_probe,suction,unknown,suction,peel_then_translate,0.68223,1,0.16224,1,0,0,0,0,0.68378,1.85897,0.69076,0.09563,0.00,0.02040,0.11424,0.04588,0.06804,0.68223,0.06922
7,7005,combined_fixture_stress_7_7005_tether,combined_fixture_stress,latent_fixture_v5_full,tether,tether,tether,unwind_tether,0.48033,1,0.17638,1,1,0,0,0,0.68236,1.92501,0.64000,0.12960,0.00,0.03698,0.19382,0.14648,0.06521,0.07718,0.48033
7,7005,combined_fixture_stress_7_7005_tether,combined_fixture_stress,latent_fixture_v5_no_torque_features,tether,tether,tether,cautious_probe_pull,0.40612,1,0.25157,1,0,0,0,1,0.67484,1.92764,0.22629,0.59862,0.00,0.05507,0.26170,0.06399,0.10607,0.10705,0.40612
7,7005,combined_fixture_stress_7_7005_tether,combined_fixture_stress,latent_fixture_v5_no_compliance_anisotropy,tether,tether,tether,unwind_tether,0.47748,1,0.24658,1,1,0,0,0,0.67534,1.92746,0.60862,0.15318,0.00,0.03474,0.20703,0.15841,0.04356,0.07879,0.47748
7,7005,combined_fixture_stress_7_7005_tether,combined_fixture_stress,latent_fixture_v5_no_release_cues,tether,tether,tether,unwind_tether,0.49117,1,0.24562,0,0,1,0,0,0.05544,2.14443,0.61160,0.37406,0.00,0.03740,0.19725,0.14942,0.06639,0.05837,0.49117
7,7005,combined_fixture_stress_7_7005_tether,combined_fixture_stress,latent_fixture_v5_no_hysteresis_memory,tether,tether,hinge,cautious_probe_pull,0.37964,0,0.73000,0,0,1,1,0,0.00700,2.86138,0.10568,0.01117,0.00,0.05331,0.21751,0.37964,0.13215,0.10254,0.11484
7,7005,combined_fixture_stress_7_7005_tether,combined_fixture_stress,latent_fixture_v5_no_particle_refinement,tether,tether,tether,unwind_tether,0.44545,1,0.17882,0,0,1,0,1,0.06212,2.14209,0.61940,0.38366,0.00,0.04060,0.24938,0.12789,0.06625,0.07044,0.44545
7,7005,combined_fixture_stress_7_7005_tether,combined_fixture_stress,latent_fixture_v5_no_safety_margin,tether,tether,tether,direct_translate,0.48033,1,0.17638,0,0,1,1,0,0.18236,2.80001,0.13158,0.01731,0.00,0.03698,0.19382,0.14648,0.06521,0.07718,0.48033
7,7005,combined_fixture_stress_7_7005_tether,combined_fixture_stress,latent_fixture_v5_no_calibration,tether,tether,tether,unwind_tether,0.52527,1,0.22323,1,1,0,0,0,0.67768,1.92665,0.62423,0.14120,0.00,0.01353,0.20335,0.14762,0.04724,0.06300,0.52527
7,7005,combined_fixture_stress_7_7005_tether,combined_fixture_stress,latent_fixture_v5_no_adaptive_probe,tether,tether,tether,unwind_tether,0.49739,1,0.17518,1,0,0,0,0,0.68248,1.92496,0.63100,0.13616,0.00,0.02960,0.19086,0.14876,0.05973,0.07365,0.49739
7,7006,combined_fixture_stress_7_7006_free,combined_fixture_stress,latent_fixture_v5_full,free,unknown,free,direct_translate,0.42594,1,0.18018,1,1,0,0,0,0.80198,1.94799,0.75353,0.06075,0.00,0.42594,0.10925,0.15526,0.11009,0.09562,0.10384
7,7006,combined_fixture_stress_7_7006_free,combined_fixture_stress,latent_fixture_v5_no_torque_features,free,unknown,free,cautious_probe_pull,0.25376,1,0.26224,1,1,0,0,0,0.67378,1.99286,0.43368,0.32072,0.00,0.25376,0.15457,0.08472,0.18390,0.14449,0.17855
7,7006,combined_fixture_stress_7_7006_free,combined_fixture_stress,latent_fixture_v5_no_compliance_anisotropy,free,unknown,free,cautious_probe_pull,0.34071,1,0.25615,1,0,0,1,0,0.67438,2.69265,0.44851,0.30414,0.00,0.34071,0.12089,0.21234,0.07373,0.11005,0.14227
7,7006,combined_fixture_stress_7_7006_free,combined_fixture_stress,latent_fixture_v5_no_release_cues,free,unknown,free,direct_translate,0.43378,1,0.24964,1,1,0,0,0,0.79504,1.95042,0.72534,0.07544,0.00,0.43378,0.11738,0.16829,0.11807,0.05153,0.11095
7,7006,combined_fixture_stress_7_7006_free,combined_fixture_stress,latent_fixture_v5_no_hysteresis_memory,free,unknown,free,direct_translate,0.44019,1,0.24919,1,1,0,0,0,0.79508,1.95041,0.72701,0.07453,0.00,0.44019,0.09429,0.17844,0.12453,0.10726,0.05530
7,7006,combined_fixture_stress_7_7006_free,combined_fixture_stress,latent_fixture_v5_no_particle_refinement,free,unknown,hinge,cautious_probe_pull,0.21566,0,0.66000,1,1,0,1,1,0.63400,2.70679,0.33471,0.44261,0.00,0.20646,0.15235,0.21566,0.15107,0.13217,0.14230
7,7006,combined_fixture_stress_7_7006_free,combined_fixture_stress,latent_fixture_v5_no_safety_margin,free,unknown,free,direct_translate,0.42594,1,0.18018,1,1,0,0,0,0.80198,1.94799,0.74094,0.06711,0.00,0.42594,0.10925,0.15526,0.11009,0.09562,0.10384
7,7006,combined_fixture_stress_7_7006_free,combined_fixture_stress,latent_fixture_v5_no_calibration,free,unknown,free,direct_translate,0.50405,1,0.22472,1,1,0,0,0,0.79753,1.94955,0.74874,0.06313,0.00,0.50405,0.09472,0.14982,0.09185,0.07552,0.08403
7,7006,combined_fixture_stress_7_7006_free,combined_fixture_stress,latent_fixture_v5_no_adaptive_probe,free,unknown,free,direct_translate,0.47219,1,0.17695,1,1,0,0,0,0.80231,1.94788,0.75320,0.06091,0.00,0.47219,0.10041,0.14733,0.10036,0.08580,0.09391
7,7007,combined_fixture_stress_7_7007_clamp,combined_fixture_stress,latent_fixture_v5_full,clamp,unknown,suction,peel_then_translate,0.46570,0,0.66000,0,0,1,1,1,0.01400,2.77323,0.01701,0.00029,0.00,0.03268,0.31913,0.04016,0.03853,0.46570,0.10381
7,7007,combined_fixture_stress_7_7007_clamp,combined_fixture_stress,latent_fixture_v5_no_torque_features,clamp,unknown,suction,peel_then_translate,0.49514,0,0.73000,0,0,1,0,1,0.00700,2.07568,0.01717,0.00029,0.00,0.03962,0.19921,0.05528,0.06420,0.49514,0.14654
7,7007,combined_fixture_stress_7_7007_clamp,combined_fixture_stress,latent_fixture_v5_no_compliance_anisotropy,clamp,unknown,suction,peel_then_translate,0.47174,0,0.73000,0,0,1,1,0,0.00700,2.77568,0.01704,0.00029,0.00,0.03256,0.31337,0.03948,0.03449,0.47174,0.10835
7,7007,combined_fixture_stress_7_7007_clamp,combined_fixture_stress,latent_fixture_v5_no_release_cues,clamp,unknown,clamp,cautious_probe_pull,0.41658,1,0.25084,0,0,1,0,0,0.05492,2.05891,0.15197,0.02310,0.00,0.03052,0.41658,0.06223,0.05631,0.05953,0.37483
7,7007,combined_fixture_stress_7_7007_clamp,combined_fixture_stress,latent_fixture_v5_no_hysteresis_memory,clamp,unknown,suction,peel_then_translate,0.62761,0,0.73000,0,0,1,1,0,0.00700,2.77568,0.01791,0.00032,0.00,0.03242,0.16352,0.06487,0.05664,0.62761,0.05494
7,7007,combined_fixture_stress_7_7007_clamp,combined_fixture_stress,latent_fixture_v5_no_particle_refinement,clamp,unknown,suction,peel_then_translate,0.59710,0,0.66000,0,0,1,1,0,0.01400,2.77323,0.01774,0.00031,0.00,0.04329,0.14655,0.04896,0.04881,0.59710,0.11530
7,7007,combined_fixture_stress_7_7007_clamp,combined_fixture_stress,latent_fixture_v5_no_safety_margin,clamp,unknown,suction,direct_translate,0.46570,0,0.66000,0,0,1,1,0,0.13400,2.73123,0.01701,0.00029,0.00,0.03268,0.31913,0.04016,0.03853,0.46570,0.10381
7,7007,combined_fixture_stress_7_7007_clamp,combined_fixture_stress,latent_fixture_v5_no_calibration,clamp,unknown,suction,peel_then_translate,0.51719,0,0.71000,0,0,1,0,0,0.00900,2.07498,0.01730,0.00030,0.00,0.00073,0.38185,0.00956,0.00747,0.51719,0.08319
7,7007,combined_fixture_stress_7_7007_clamp,combined_fixture_stress,latent_fixture_v5_no_adaptive_probe,clamp,unknown,suction,peel_then_translate,0.46734,0,0.66000,0,0,1,1,0,0.01400,2.77323,0.01702,0.00029,0.00,0.02203,0.35588,0.03011,0.02819,0.46734,0.09645
7,7008,combined_fixture_stress_7_7008_hinge,combined_fixture_stress,latent_fixture_v5_full,hinge,unknown,hinge,cautious_probe_pull,0.39713,1,0.18220,0,0,1,1,0,0.06178,2.80114,0.12239,0.01498,0.00,0.04573,0.27282,0.39713,0.09040,0.09638,0.09755
7,7008,combined_fixture_stress_7_7008_hinge,combined_fixture_stress,latent_fixture_v5_no_torque_features,hinge,unknown,clamp,cautious_probe_pull,0.38384,0,0.73000,0,0,1,1,0,0.00700,2.82031,0.01655,0.00027,0.00,0.06981,0.38384,0.09476,0.15547,0.15070,0.14542
7,7008,combined_fixture_stress_7_7008_hinge,combined_fixture_stress,latent_fixture_v5_no_compliance_anisotropy,hinge,unknown,hinge,cautious_probe_pull,0.40219,1,0.25185,0,0,1,0,0,0.05482,2.10358,0.09271,0.00859,0.00,0.04732,0.29188,0.40219,0.05490,0.10191,0.10179
7,7008,combined_fixture_stress_7_7008_hinge,combined_fixture_stress,latent_fixture_v5_no_release_cues,hinge,unknown,hinge,cautious_probe_pull,0.40804,1,0.25144,0,0,1,0,0,0.05486,2.10356,0.09299,0.00865,0.00,0.04672,0.29347,0.40804,0.09441,0.05685,0.10051
7,7008,combined_fixture_stress_7_7008_hinge,combined_fixture_stress,latent_fixture_v5_no_hysteresis_memory,hinge,unknown,hinge,pivot_rotate,0.43087,1,0.24984,1,1,0,0,0,0.79502,1.84451,0.63212,0.13534,0.00,0.04859,0.23881,0.43087,0.09958,0.10786,0.07430
7,7008,combined_fixture_stress_7_7008_hinge,combined_fixture_stress,latent_fixture_v5_no_particle_refinement,hinge,unknown,clamp,cautious_probe_pull,0.37717,0,0.66000,0,0,1,1,0,0.01400,2.81786,0.01651,0.00027,0.00,0.05787,0.37717,0.24410,0.10714,0.11969,0.09404
7,7008,combined_fixture_stress_7_7008_hinge,combined_fixture_stress,latent_fixture_v5_no_safety_margin,hinge,unknown,hinge,cautious_probe_pull,0.39713,1,0.18220,0,0,1,0,0,0.06178,2.10114,0.10992,0.01208,0.00,0.04573,0.27282,0.39713,0.09040,0.09638,0.09755
7,7008,combined_fixture_stress_7_7008_hinge,combined_fixture_stress,latent_fixture_v5_no_calibration,hinge,unknown,hinge,pivot_rotate,0.45976,1,0.22782,1,1,0,0,0,0.79722,1.84374,0.64381,0.12687,0.00,0.01651,0.30060,0.45976,0.06852,0.07606,0.07855
7,7008,combined_fixture_stress_7_7008_hinge,combined_fixture_stress,latent_fixture_v5_no_adaptive_probe,hinge,unknown,hinge,pivot_rotate,0.43181,1,0.17977,0,0,1,0,0,0.18202,2.05906,0.65000,0.42249,0.00,0.03574,0.27021,0.43181,0.08212,0.08788,0.09225
7,7009,combined_fixture_stress_7_7009_slot,combined_fixture_stress,latent_fixture_v5_full,slot,free,slot,cautious_probe_pull,0.38959,1,0.18273,1,0,0,0,0,0.68173,1.79183,0.32092,0.46114,0.00,0.08368,0.28588,0.09504,0.38959,0.07790,0.06790
7,7009,combined_fixture_stress_7_7009_slot,combined_fixture_stress,latent_fixture_v5_no_torque_features,slot,free,clamp,cautious_probe_pull,0.35242,0,0.73000,0,0,1,0,1,0.00700,2.02799,0.17020,0.02897,0.00,0.10125,0.35242,0.06979,0.25089,0.11679,0.10886
7,7009,combined_fixture_stress_7_7009_slot,combined_fixture_stress,latent_fixture_v5_no_compliance_anisotropy,slot,free,clamp,cautious_probe_pull,0.35403,0,0.73000,0,0,1,0,1,0.00700,2.02799,0.17030,0.02900,0.00,0.09647,0.35403,0.15434,0.17306,0.11333,0.10875
7,7009,combined_fixture_stress_7_7009_slot,combined_fixture_stress,latent_fixture_v5_no_release_cues,slot,free,slot,cautious_probe_pull,0.39648,1,0.25225,1,1,0,1,0,0.67478,2.49427,0.29187,0.50144,0.00,0.08469,0.29959,0.09764,0.39648,0.05244,0.06916
7,7009,combined_fixture_stress_7_7009_slot,combined_fixture_stress,latent_fixture_v5_no_hysteresis_memory,slot,free,slot,cautious_probe_pull,0.39966,1,0.25202,1,0,0,0,0,0.67480,1.79426,0.29224,0.50092,0.00,0.09287,0.24982,0.11436,0.39966,0.08622,0.05706
7,7009,combined_fixture_stress_7_7009_slot,combined_fixture_stress,latent_fixture_v5_no_particle_refinement,slot,free,clamp,cautious_probe_pull,0.40241,0,0.66000,0,0,1,1,0,0.01400,2.72554,0.19060,0.03633,0.00,0.09443,0.40241,0.10828,0.23335,0.09025,0.07127
7,7009,combined_fixture_stress_7_7009_slot,combined_fixture_stress,latent_fixture_v5_no_safety_margin,slot,free,slot,cautious_probe_pull,0.38959,1,0.18273,0,0,1,1,1,0.06173,2.70883,0.30849,0.09516,0.00,0.08368,0.28588,0.09504,0.38959,0.07790,0.06790
7,7009,combined_fixture_stress_7_7009_slot,combined_fixture_stress,latent_fixture_v5_no_calibration,slot,free,slot,follow_slot_axis,0.45835,1,0.22792,1,1,0,0,0,0.79721,1.75141,0.66894,0.10960,0.00,0.03474,0.32749,0.07695,0.45835,0.05674,0.04573
7,7009,combined_fixture_stress_7_7009_slot,combined_fixture_stress,latent_fixture_v5_no_adaptive_probe,slot,free,slot,follow_slot_axis,0.42644,1,0.18015,0,0,1,0,0,0.18199,1.96674,0.67392,0.45417,0.00,0.06795,0.28613,0.08826,0.42644,0.07029,0.06093
