seed,scenario,layout_id,split,method,fixture_type,visible_hint,estimated_fixture,action,confidence,fixture_correct,parameter_error,success,first_attempt_success,repeated_failure,force_violation,damage,path_efficiency,energy,predicted_success,calibration_brier,stress_level,prob_free,prob_clamp,prob_hinge,prob_slot,prob_suction,prob_tether,risk_budget,fixed_risk_score
0,12008,combined_fixture_stress_0_12008_clamp,combined_fixture_stress,prototype_system_id,clamp,unknown,clamp,release_clamp_pull,0.41279,1,0.25000,0,1,0,0,1,0.35775,1.90406,0.52884,0.22199,0.55,0.00648,0.41279,0.06900,0.03888,0.28190,0.19095,0.08,0.45000
0,12008,combined_fixture_stress_0_12008_clamp,combined_fixture_stress,calibrated_prototype_system_id,clamp,unknown,clamp,release_clamp_pull,0.42827,1,0.25500,0,1,0,1,0,0.35752,2.60424,0.55552,0.19756,0.55,0.02819,0.42827,0.06311,0.04355,0.26744,0.16944,0.08,0.55000
0,12008,combined_fixture_stress_0_12008_clamp,combined_fixture_stress,random_forest_probe_classifier,clamp,unknown,clamp,release_clamp_pull,0.51778,1,0.26858,0,0,1,0,1,0.07791,2.12171,0.57722,0.33319,0.55,0.00029,0.51778,0.00307,0.00289,0.39281,0.08318,0.08,0.45000
0,12008,combined_fixture_stress_0_12008_clamp,combined_fixture_stress,bayesian_fixture_belief,clamp,unknown,suction,peel_then_translate,0.27296,0,0.79000,0,0,1,1,0,0.00045,2.88196,0.01593,0.00025,0.55,0.10500,0.22128,0.11578,0.11179,0.27296,0.17320,0.08,0.55000
0,12008,combined_fixture_stress_0_12008_clamp,combined_fixture_stress,robust_impedance_planner,clamp,unknown,clamp,cautious_probe_pull,0.36700,1,0.34566,0,0,1,0,1,0.02044,2.16641,0.11042,0.01219,0.55,0.04166,0.36700,0.07578,0.05824,0.28123,0.17608,0.08,0.45000
0,12008,combined_fixture_stress_0_12008_clamp,combined_fixture_stress,adaptive_probe_then_act,clamp,unknown,clamp,release_clamp_pull,0.43804,1,0.22496,1,1,0,0,0,0.79750,1.90318,0.58178,0.17491,0.55,0.03641,0.43804,0.05587,0.04566,0.28407,0.13996,0.08,0.00000
0,12008,combined_fixture_stress_0_12008_clamp,combined_fixture_stress,particle_filter_fixture,clamp,unknown,suction,peel_then_translate,0.43311,0,0.78000,0,0,1,1,0,0.00090,2.88161,0.01683,0.00028,0.55,0.00260,0.33248,0.03912,0.02202,0.43311,0.17068,0.08,0.55000
0,12008,combined_fixture_stress_0_12008_clamp,combined_fixture_stress,latent_fixture_inference_v5,clamp,unknown,suction,peel_then_translate,0.44511,0,0.66000,0,0,1,1,0,0.00630,2.87741,0.01689,0.00029,0.55,0.03261,0.25873,0.05343,0.04488,0.44511,0.16525,0.08,0.55000
0,12009,combined_fixture_stress_0_12009_hinge,combined_fixture_stress,prototype_system_id,hinge,unknown,hinge,pivot_rotate,0.72790,1,0.25000,1,1,0,0,0,0.79500,2.04901,0.61240,0.15024,0.55,0.01100,0.04117,0.72790,0.07666,0.04214,0.10112,0.08,0.00000
0,12009,combined_fixture_stress_0_12009_hinge,combined_fixture_stress,calibrated_prototype_system_id,hinge,unknown,hinge,pivot_rotate,0.74687,1,0.25500,1,1,0,0,0,0.79450,2.04919,0.64240,0.12788,0.55,0.02927,0.04194,0.74687,0.06184,0.04243,0.07766,0.08,0.00000
0,12009,combined_fixture_stress_0_12009_hinge,combined_fixture_stress,random_forest_probe_classifier,hinge,unknown,hinge,pivot_rotate,0.78969,1,0.24683,1,1,0,0,0,0.79532,2.04890,0.66240,0.11397,0.55,0.00287,0.13625,0.78969,0.03914,0.02219,0.00986,0.08,0.00000
0,12009,combined_fixture_stress_0_12009_hinge,combined_fixture_stress,bayesian_fixture_belief,hinge,unknown,hinge,pivot_rotate,0.30984,1,0.29280,1,1,0,0,0,0.79072,2.05051,0.54058,0.21107,0.55,0.11599,0.15376,0.30984,0.15012,0.13220,0.13810,0.08,0.00000
0,12009,combined_fixture_stress_0_12009_hinge,combined_fixture_stress,robust_impedance_planner,hinge,unknown,hinge,pivot_rotate,0.62593,1,0.35884,0,0,1,0,0,0.16412,2.26982,0.62690,0.39301,0.55,0.04710,0.07361,0.62593,0.08950,0.06586,0.09801,0.08,0.00000
0,12009,combined_fixture_stress_0_12009_hinge,combined_fixture_stress,adaptive_probe_then_act,hinge,unknown,hinge,pivot_rotate,0.69460,1,0.20443,1,1,0,0,0,0.79956,2.04742,0.66444,0.11260,0.55,0.04063,0.05920,0.69460,0.06697,0.05209,0.08650,0.08,0.00000
0,12009,combined_fixture_stress_0_12009_hinge,combined_fixture_stress,particle_filter_fixture,hinge,unknown,hinge,pivot_rotate,0.56649,1,0.28000,1,1,0,0,0,0.79200,2.05006,0.56574,0.18858,0.55,0.00797,0.21681,0.56649,0.09358,0.05060,0.06455,0.08,0.00000
0,12009,combined_fixture_stress_0_12009_hinge,combined_fixture_stress,latent_fixture_inference_v5,hinge,unknown,hinge,cautious_probe_pull,0.40572,1,0.18160,0,0,1,0,1,0.02783,2.30562,0.08621,0.00743,0.55,0.04059,0.27256,0.40572,0.12212,0.08203,0.07698,0.08,0.45000
0,12010,combined_fixture_stress_0_12010_slot,combined_fixture_stress,prototype_system_id,slot,unknown,slot,follow_slot_axis,0.44474,1,0.25000,1,0,0,0,0,0.79500,1.93108,0.58517,0.17208,0.55,0.05940,0.03998,0.27547,0.44474,0.07866,0.10175,0.08,0.00000
0,12010,combined_fixture_stress_0_12010_slot,combined_fixture_stress,calibrated_prototype_system_id,slot,unknown,slot,follow_slot_axis,0.47616,1,0.25500,0,0,1,0,0,0.17450,2.14825,0.61559,0.37895,0.55,0.05685,0.04442,0.26308,0.47616,0.07067,0.08882,0.08,0.00000
0,12010,combined_fixture_stress_0_12010_slot,combined_fixture_stress,random_forest_probe_classifier,slot,unknown,hinge,pivot_rotate,0.39828,0,0.80000,0,0,1,1,1,0.05400,2.86733,0.01663,0.00028,0.55,0.00126,0.22184,0.39828,0.36486,0.00950,0.00426,0.08,1.00000
0,12010,combined_fixture_stress_0_12010_slot,combined_fixture_stress,bayesian_fixture_belief,slot,unknown,slot,follow_slot_axis,0.22525,1,0.29280,0,1,0,0,1,0.35582,1.93257,0.54820,0.20413,0.55,0.13138,0.17997,0.17266,0.22525,0.14717,0.14357,0.08,0.45000
0,12010,combined_fixture_stress_0_12010_slot,combined_fixture_stress,robust_impedance_planner,slot,unknown,slot,cautious_probe_pull,0.39871,1,0.34812,0,1,0,1,1,0.29934,2.67651,0.25237,0.55895,0.55,0.07666,0.08487,0.23997,0.39871,0.09361,0.10617,0.08,1.00000
0,12010,combined_fixture_stress_0_12010_slot,combined_fixture_stress,adaptive_probe_then_act,slot,unknown,slot,follow_slot_axis,0.49399,1,0.22048,0,0,1,0,0,0.17795,2.14704,0.64524,0.41634,0.55,0.07481,0.06924,0.21506,0.49399,0.06996,0.07695,0.08,0.00000
0,12010,combined_fixture_stress_0_12010_slot,combined_fixture_stress,particle_filter_fixture,slot,unknown,clamp,release_clamp_pull,0.34277,0,0.78000,0,0,1,1,0,0.05490,2.86663,0.01632,0.00027,0.55,0.03119,0.34277,0.18345,0.32704,0.05454,0.06101,0.08,0.55000
0,12010,combined_fixture_stress_0_12010_slot,combined_fixture_stress,latent_fixture_inference_v5,slot,unknown,clamp,cautious_probe_pull,0.41934,0,0.66000,0,1,0,1,1,0.28530,2.68743,0.16740,0.69322,0.55,0.05296,0.41934,0.14128,0.23797,0.07588,0.07257,0.08,1.00000
0,12011,combined_fixture_stress_0_12011_suction,combined_fixture_stress,prototype_system_id,suction,unknown,suction,peel_then_translate,0.43298,1,0.25000,1,1,0,0,0,0.67500,1.98100,0.54083,0.21084,0.55,0.00442,0.29898,0.07697,0.07872,0.43298,0.10793,0.08,0.00000
0,12011,combined_fixture_stress_0_12011_suction,combined_fixture_stress,calibrated_prototype_system_id,suction,unknown,suction,peel_then_translate,0.45396,1,0.25500,0,0,1,0,0,0.05450,2.19818,0.56875,0.32347,0.55,0.02758,0.28667,0.06878,0.07007,0.45396,0.09295,0.08,0.00000
0,12011,combined_fixture_stress_0_12011_suction,combined_fixture_stress,random_forest_probe_classifier,suction,unknown,suction,peel_then_translate,0.79259,1,0.24659,1,1,0,0,0,0.67534,1.98089,0.64420,0.12659,0.55,0.00028,0.14709,0.04590,0.00772,0.79259,0.00641,0.08,0.00000
0,12011,combined_fixture_stress_0_12011_suction,combined_fixture_stress,bayesian_fixture_belief,suction,unknown,suction,peel_then_translate,0.35897,1,0.29280,0,0,1,0,0,0.05072,2.19950,0.53338,0.28450,0.55,0.10526,0.17010,0.11591,0.12347,0.35897,0.12629,0.08,0.00000
0,12011,combined_fixture_stress_0_12011_suction,combined_fixture_stress,robust_impedance_planner,suction,unknown,suction,cautious_probe_pull,0.43617,1,0.34884,0,0,1,0,1,0.02030,2.20146,0.15432,0.02381,0.55,0.04110,0.25528,0.08035,0.08423,0.43617,0.10287,0.08,0.45000
0,12011,combined_fixture_stress_0_12011_suction,combined_fixture_stress,adaptive_probe_then_act,suction,unknown,suction,peel_then_translate,0.52941,1,0.21765,1,1,0,0,0,0.67824,1.97987,0.61003,0.15208,0.55,0.03622,0.22486,0.05848,0.07810,0.52941,0.07294,0.08,0.00000
0,12011,combined_fixture_stress_0_12011_suction,combined_fixture_stress,particle_filter_fixture,suction,unknown,suction,peel_then_translate,0.62256,1,0.28000,0,1,0,1,0,0.30240,2.68205,0.55796,0.19540,0.55,0.00179,0.21365,0.04281,0.05164,0.62256,0.06755,0.08,0.55000
0,12011,combined_fixture_stress_0_12011_suction,combined_fixture_stress,latent_fixture_inference_v5,suction,unknown,suction,peel_then_translate,0.61122,1,0.16721,1,1,0,0,0,0.68328,1.97811,0.64851,0.12354,0.55,0.03241,0.16397,0.05438,0.06571,0.61122,0.07231,0.08,0.00000
0,12012,combined_fixture_stress_0_12012_tether,combined_fixture_stress,prototype_system_id,tether,unknown,tether,unwind_tether,0.43259,1,0.25000,0,0,1,0,0,0.05500,2.27800,0.52394,0.27451,0.55,0.08674,0.10920,0.06629,0.14029,0.16488,0.43259,0.08,0.00000
0,12012,combined_fixture_stress_0_12012_tether,combined_fixture_stress,calibrated_prototype_system_id,tether,unknown,tether,unwind_tether,0.48088,1,0.25500,0,0,1,0,0,0.05450,2.27817,0.55672,0.30993,0.55,0.07928,0.09833,0.06335,0.12695,0.15121,0.48088,0.08,0.00000
0,12012,combined_fixture_stress_0_12012_tether,combined_fixture_stress,random_forest_probe_classifier,tether,unknown,tether,unwind_tether,0.57351,1,0.26412,0,0,1,0,1,0.02412,2.27849,0.58001,0.33641,0.55,0.04535,0.12752,0.01069,0.18410,0.05883,0.57351,0.08,0.45000
0,12012,combined_fixture_stress_0_12012_tether,combined_fixture_stress,bayesian_fixture_belief,tether,unknown,tether,unwind_tether,0.28691,1,0.29280,1,1,0,0,0,0.67072,2.06249,0.50426,0.24576,0.55,0.11676,0.18459,0.12524,0.13782,0.14868,0.28691,0.08,0.00000
0,12012,combined_fixture_stress_0_12012_tether,combined_fixture_stress,robust_impedance_planner,tether,unknown,tether,cautious_probe_pull,0.42100,1,0.35611,0,0,1,1,0,0.01998,2.98171,0.18523,0.03431,0.55,0.08814,0.12814,0.07910,0.13115,0.15247,0.42100,0.08,0.55000
0,12012,combined_fixture_stress_0_12012_tether,combined_fixture_stress,adaptive_probe_then_act,tether,unknown,tether,unwind_tether,0.48416,1,0.22127,1,1,0,0,0,0.67787,2.05999,0.58308,0.17382,0.55,0.07998,0.09519,0.05919,0.17456,0.10691,0.48416,0.08,0.00000
0,12012,combined_fixture_stress_0_12012_tether,combined_fixture_stress,particle_filter_fixture,tether,unknown,tether,unwind_tether,0.43788,1,0.28000,1,1,0,0,0,0.67200,2.06205,0.50885,0.24123,0.55,0.04918,0.24711,0.04967,0.09587,0.12029,0.43788,0.08,0.00000
0,12012,combined_fixture_stress_0_12012_tether,combined_fixture_stress,latent_fixture_inference_v5,tether,unknown,tether,cautious_probe_pull,0.38259,1,0.18322,0,0,0,0,1,0.30676,2.05866,0.21748,0.61234,0.55,0.05715,0.28695,0.06851,0.09258,0.11221,0.38259,0.08,0.45000
0,12013,combined_fixture_stress_0_12013_free,combined_fixture_stress,prototype_system_id,free,unknown,free,direct_translate,0.71151,1,0.25000,0,1,0,0,1,0.35775,2.08925,0.71047,0.08383,0.55,0.71151,0.00943,0.05212,0.13288,0.05113,0.04293,0.08,0.45000
0,12013,combined_fixture_stress_0_12013_free,combined_fixture_stress,calibrated_prototype_system_id,free,unknown,free,direct_translate,0.73213,1,0.25500,1,1,0,0,0,0.79450,2.08942,0.74129,0.06693,0.55,0.73213,0.02880,0.04784,0.10095,0.04730,0.04298,0.08,0.00000
0,12013,combined_fixture_stress_0_12013_free,combined_fixture_stress,random_forest_probe_classifier,free,unknown,free,direct_translate,0.76971,1,0.24842,1,1,0,0,0,0.79516,2.08919,0.76093,0.05716,0.55,0.76971,0.04026,0.03236,0.09169,0.03462,0.03137,0.08,0.00000
0,12013,combined_fixture_stress_0_12013_free,combined_fixture_stress,bayesian_fixture_belief,free,unknown,free,direct_translate,0.27054,1,0.29280,0,1,0,1,0,0.35582,2.79075,0.62073,0.14384,0.55,0.27054,0.12199,0.13964,0.19178,0.14004,0.13600,0.08,0.55000
0,12013,combined_fixture_stress_0_12013_free,combined_fixture_stress,robust_impedance_planner,free,unknown,free,direct_translate,0.59998,1,0.36250,0,1,0,0,1,0.35269,2.09319,0.71852,0.07923,0.55,0.59998,0.04888,0.07344,0.13683,0.07312,0.06775,0.08,0.45000
0,12013,combined_fixture_stress_0_12013_free,combined_fixture_stress,adaptive_probe_then_act,free,unknown,free,direct_translate,0.64164,1,0.20867,1,1,0,0,0,0.79913,2.08780,0.75149,0.06176,0.55,0.64164,0.04246,0.05707,0.14822,0.05696,0.05364,0.08,0.00000
0,12013,combined_fixture_stress_0_12013_free,combined_fixture_stress,particle_filter_fixture,free,unknown,free,direct_translate,0.52638,1,0.28000,0,1,0,0,1,0.35640,2.09030,0.65392,0.11977,0.55,0.52638,0.06200,0.07063,0.20310,0.07342,0.06448,0.08,0.45000
0,12013,combined_fixture_stress_0_12013_free,combined_fixture_stress,latent_fixture_inference_v5,free,unknown,free,cautious_probe_pull,0.35670,1,0.18503,0,1,0,0,1,0.30668,2.12898,0.44469,0.30837,0.55,0.35670,0.10258,0.10275,0.23347,0.10631,0.09820,0.08,0.45000
0,12014,combined_fixture_stress_0_12014_clamp,combined_fixture_stress,prototype_system_id,clamp,unknown,suction,peel_then_translate,0.35011,0,0.82000,0,0,1,0,0,0.00000,2.32792,0.01636,0.00027,0.55,0.00966,0.27316,0.05641,0.09929,0.35011,0.21136,0.08,0.00000
0,12014,combined_fixture_stress_0_12014_clamp,combined_fixture_stress,calibrated_prototype_system_id,clamp,unknown,suction,peel_then_translate,0.36215,0,0.74000,0,0,1,1,1,0.00270,3.02582,0.01643,0.00027,0.55,0.02938,0.26715,0.05565,0.08854,0.36215,0.19713,0.08,1.00000
0,12014,combined_fixture_stress_0_12014_clamp,combined_fixture_stress,random_forest_probe_classifier,clamp,unknown,suction,peel_then_translate,0.55054,0,0.80000,0,0,1,1,0,0.00000,3.02792,0.01748,0.00031,0.55,0.00033,0.23817,0.04763,0.00706,0.55054,0.15627,0.08,0.55000
0,12014,combined_fixture_stress_0_12014_clamp,combined_fixture_stress,bayesian_fixture_belief,clamp,unknown,suction,peel_then_translate,0.26288,0,0.79000,0,0,1,1,0,0.00045,3.02757,0.01587,0.00025,0.55,0.10221,0.20751,0.11233,0.12197,0.26288,0.19310,0.08,0.55000
0,12014,combined_fixture_stress_0_12014_clamp,combined_fixture_stress,robust_impedance_planner,clamp,unknown,suction,cautious_probe_pull,0.33725,0,0.86000,0,0,1,0,1,0.00000,2.32792,0.01629,0.00027,0.55,0.04179,0.25410,0.06818,0.09722,0.33725,0.20146,0.08,0.45000
0,12014,combined_fixture_stress_0_12014_clamp,combined_fixture_stress,adaptive_probe_then_act,clamp,unknown,suction,cautious_probe_pull,0.35641,0,0.70000,0,0,1,1,0,0.00450,3.02442,0.01640,0.00027,0.55,0.03600,0.31108,0.06779,0.06947,0.35641,0.15925,0.08,0.55000
0,12014,combined_fixture_stress_0_12014_clamp,combined_fixture_stress,particle_filter_fixture,clamp,unknown,suction,peel_then_translate,0.40023,0,0.78000,0,0,1,1,1,0.00090,3.02722,0.01664,0.00028,0.55,0.00404,0.26743,0.03393,0.06410,0.40023,0.23027,0.08,1.00000
0,12014,combined_fixture_stress_0_12014_clamp,combined_fixture_stress,latent_fixture_inference_v5,clamp,unknown,suction,cautious_probe_pull,0.37349,0,0.66000,0,0,1,1,0,0.00630,3.02302,0.02465,0.00061,0.55,0.03234,0.24515,0.05134,0.07034,0.37349,0.22734,0.08,0.55000
0,12015,combined_fixture_stress_0_12015_hinge,combined_fixture_stress,prototype_system_id,hinge,unknown,hinge,pivot_rotate,0.73230,1,0.25000,0,1,0,1,0,0.35775,2.59436,0.61321,0.14960,0.55,0.02367,0.03497,0.73230,0.07802,0.03712,0.09391,0.08,0.55000
0,12015,combined_fixture_stress_0_12015_hinge,combined_fixture_stress,calibrated_prototype_system_id,hinge,unknown,hinge,pivot_rotate,0.75179,1,0.25500,0,1,0,1,1,0.35752,2.59453,0.64335,0.12720,0.55,0.03393,0.03892,0.75179,0.06263,0.03994,0.07278,0.08,1.00000
0,12015,combined_fixture_stress_0_12015_hinge,combined_fixture_stress,random_forest_probe_classifier,hinge,unknown,hinge,pivot_rotate,0.78872,1,0.24690,0,0,1,0,0,0.17531,2.11125,0.66219,0.43850,0.55,0.00402,0.11478,0.78872,0.05718,0.02377,0.01153,0.08,0.00000
0,12015,combined_fixture_stress_0_12015_hinge,combined_fixture_stress,bayesian_fixture_belief,hinge,unknown,hinge,pivot_rotate,0.30853,1,0.29280,1,1,0,0,0,0.79072,1.89585,0.54033,0.21130,0.55,0.11891,0.14659,0.30853,0.15685,0.13087,0.13824,0.08,0.00000
0,12015,combined_fixture_stress_0_12015_hinge,combined_fixture_stress,robust_impedance_planner,hinge,unknown,hinge,pivot_rotate,0.62900,1,0.34478,1,1,0,0,0,0.78552,1.89767,0.63128,0.13595,0.55,0.05290,0.06814,0.62900,0.09275,0.06310,0.09411,0.08,0.00000
0,12015,combined_fixture_stress_0_12015_hinge,combined_fixture_stress,adaptive_probe_then_act,hinge,unknown,hinge,pivot_rotate,0.69639,1,0.20429,1,1,0,0,0,0.79957,1.89276,0.66484,0.11233,0.55,0.04373,0.05540,0.69639,0.06961,0.05052,0.08435,0.08,0.00000
0,12015,combined_fixture_stress_0_12015_hinge,combined_fixture_stress,particle_filter_fixture,hinge,unknown,hinge,pivot_rotate,0.56850,1,0.28000,1,1,0,0,0,0.79200,1.89541,0.56610,0.18827,0.55,0.01516,0.18237,0.56850,0.12069,0.05041,0.06286,0.08,0.00000
0,12015,combined_fixture_stress_0_12015_hinge,combined_fixture_stress,latent_fixture_inference_v5,hinge,unknown,hinge,cautious_probe_pull,0.40539,1,0.18162,0,0,1,1,0,0.02783,2.85096,0.08620,0.00743,0.55,0.04530,0.23454,0.40539,0.15359,0.08321,0.07796,0.08,0.55000
1,12008,combined_fixture_stress_1_12008_slot,combined_fixture_stress,prototype_system_id,slot,unknown,slot,follow_slot_axis,0.75713,1,0.25000,0,1,0,1,0,0.35775,2.75177,0.64578,0.12547,0.55,0.07749,0.01575,0.04805,0.75713,0.04746,0.05412,0.08,0.55000
1,12008,combined_fixture_stress_1_12008_slot,combined_fixture_stress,calibrated_prototype_system_id,slot,unknown,slot,follow_slot_axis,0.76959,1,0.25500,1,1,0,0,0,0.79450,2.05194,0.67486,0.10572,0.55,0.06158,0.03078,0.04506,0.76959,0.04475,0.04824,0.08,0.00000
1,12008,combined_fixture_stress_1_12008_slot,combined_fixture_stress,random_forest_probe_classifier,slot,unknown,slot,follow_slot_axis,0.72380,1,0.25210,1,0,0,0,0,0.79479,2.05184,0.67564,0.10521,0.55,0.04512,0.20561,0.01009,0.72380,0.01056,0.00481,0.08,0.00000
1,12008,combined_fixture_stress_1_12008_slot,combined_fixture_stress,bayesian_fixture_belief,slot,unknown,slot,follow_slot_axis,0.29600,1,0.29280,1,1,0,0,0,0.79072,2.05327,0.56206,0.19179,0.55,0.13450,0.15117,0.14052,0.29600,0.14071,0.13710,0.08,0.00000
1,12008,combined_fixture_stress_1_12008_slot,combined_fixture_stress,robust_impedance_planner,slot,unknown,slot,follow_slot_axis,0.63857,1,0.35909,0,0,1,0,0,0.16409,2.27259,0.65628,0.43070,0.55,0.08356,0.06207,0.07149,0.63857,0.07129,0.07302,0.08,0.00000
1,12008,combined_fixture_stress_1_12008_slot,combined_fixture_stress,adaptive_probe_then_act,slot,unknown,slot,follow_slot_axis,0.70017,1,0.20399,1,1,0,0,0,0.79960,2.05016,0.69318,0.09414,0.55,0.06154,0.05328,0.07258,0.70017,0.05604,0.05639,0.08,0.00000
1,12008,combined_fixture_stress_1_12008_slot,combined_fixture_stress,particle_filter_fixture,slot,unknown,slot,follow_slot_axis,0.55206,1,0.28000,1,0,0,0,0,0.79200,2.05282,0.58938,0.16861,0.55,0.03884,0.30622,0.03570,0.55206,0.03609,0.03109,0.08,0.00000
1,12008,combined_fixture_stress_1_12008_slot,combined_fixture_stress,latent_fixture_inference_v5,slot,unknown,clamp,cautious_probe_pull,0.37932,0,0.66000,0,0,1,0,1,0.00630,2.32512,0.16516,0.02728,0.55,0.05678,0.37932,0.06603,0.37342,0.06674,0.05771,0.08,0.45000
1,12009,combined_fixture_stress_1_12009_suction,combined_fixture_stress,prototype_system_id,suction,suction,suction,peel_then_translate,0.60200,1,0.25000,0,0,1,1,0,0.02475,2.87737,0.57126,0.32633,0.55,0.01283,0.13867,0.03519,0.11198,0.60200,0.09933,0.08,0.55000
1,12009,combined_fixture_stress_1_12009_suction,combined_fixture_stress,calibrated_prototype_system_id,suction,suction,suction,peel_then_translate,0.72370,1,0.25500,0,0,1,0,0,0.05450,2.17755,0.61946,0.38373,0.55,0.01420,0.09676,0.02434,0.07529,0.72370,0.06569,0.08,0.00000
1,12009,combined_fixture_stress_1_12009_suction,combined_fixture_stress,random_forest_probe_classifier,suction,suction,suction,peel_then_translate,0.94015,1,0.23479,1,1,0,0,0,0.67652,1.95984,0.67594,0.10501,0.55,0.00018,0.00956,0.00106,0.00180,0.94015,0.04725,0.08,0.00000
1,12009,combined_fixture_stress_1_12009_suction,combined_fixture_stress,bayesian_fixture_belief,suction,suction,suction,peel_then_translate,0.46060,1,0.29280,0,0,1,0,0,0.05072,2.17887,0.55188,0.30457,0.55,0.09703,0.12355,0.10029,0.10778,0.46060,0.11075,0.08,0.00000
1,12009,combined_fixture_stress_1_12009_suction,combined_fixture_stress,robust_impedance_planner,suction,suction,suction,peel_then_translate,0.60411,1,0.34697,1,1,0,0,0,0.66530,1.96377,0.60801,0.15366,0.55,0.04076,0.11827,0.05146,0.09588,0.60411,0.08952,0.08,0.00000
1,12009,combined_fixture_stress_1_12009_suction,combined_fixture_stress,adaptive_probe_then_act,suction,suction,suction,peel_then_translate,0.69919,1,0.20406,1,1,0,0,0,0.67959,1.95876,0.64716,0.12450,0.55,0.03461,0.08097,0.04030,0.06590,0.69919,0.07903,0.08,0.00000
1,12009,combined_fixture_stress_1_12009_suction,combined_fixture_stress,particle_filter_fixture,suction,suction,suction,peel_then_translate,0.77022,1,0.28000,1,1,0,0,0,0.67200,1.96142,0.58376,0.17326,0.55,0.00500,0.08950,0.01693,0.06159,0.77022,0.05676,0.08,0.00000
1,12009,combined_fixture_stress_1_12009_suction,combined_fixture_stress,latent_fixture_inference_v5,suction,suction,suction,peel_then_translate,0.72881,1,0.15898,1,1,0,0,0,0.68410,1.95719,0.67476,0.10578,0.55,0.03093,0.08382,0.03738,0.05920,0.72881,0.05986,0.08,0.00000
1,12010,combined_fixture_stress_1_12010_tether,combined_fixture_stress,prototype_system_id,tether,tether,tether,unwind_tether,0.37672,1,0.25000,0,1,0,1,0,0.30375,2.59157,0.51419,0.23601,0.55,0.03541,0.09188,0.21532,0.17290,0.10778,0.37672,0.08,0.55000
1,12010,combined_fixture_stress_1_12010_tether,combined_fixture_stress,calibrated_prototype_system_id,tether,tether,tether,unwind_tether,0.48794,1,0.25500,1,1,0,0,0,0.67450,1.89174,0.55800,0.19536,0.55,0.02665,0.06810,0.19070,0.14479,0.08182,0.48794,0.08,0.00000
1,12010,combined_fixture_stress_1_12010_tether,combined_fixture_stress,random_forest_probe_classifier,tether,tether,tether,unwind_tether,0.55208,1,0.26583,1,1,0,0,0,0.67342,1.89212,0.57561,0.18011,0.55,0.00135,0.07194,0.24073,0.12371,0.01019,0.55208,0.08,0.00000
1,12010,combined_fixture_stress_1_12010_tether,combined_fixture_stress,bayesian_fixture_belief,tether,tether,tether,unwind_tether,0.32729,1,0.29280,1,1,0,0,0,0.67072,1.89307,0.51138,0.23875,0.55,0.10050,0.14581,0.15187,0.15424,0.12029,0.32729,0.08,0.00000
1,12010,combined_fixture_stress_1_12010_tether,combined_fixture_stress,robust_impedance_planner,tether,tether,tether,cautious_probe_pull,0.38918,1,0.34071,1,1,0,0,0,0.66593,1.89474,0.18709,0.66083,0.55,0.05290,0.10261,0.19138,0.16084,0.10308,0.38918,0.08,0.00000
1,12010,combined_fixture_stress_1_12010_tether,combined_fixture_stress,adaptive_probe_then_act,tether,tether,tether,unwind_tether,0.43196,1,0.22544,1,1,0,0,0,0.67746,1.89071,0.57207,0.18313,0.55,0.04142,0.07557,0.18249,0.19546,0.07310,0.43196,0.08,0.00000
1,12010,combined_fixture_stress_1_12010_tether,combined_fixture_stress,particle_filter_fixture,tether,tether,tether,unwind_tether,0.42665,1,0.28000,1,1,0,0,0,0.67200,1.89262,0.50695,0.24310,0.55,0.01846,0.15500,0.16763,0.15736,0.07490,0.42665,0.08,0.00000
1,12010,combined_fixture_stress_1_12010_tether,combined_fixture_stress,latent_fixture_inference_v5,tether,tether,tether,cautious_probe_pull,0.40837,1,0.18141,0,0,1,1,0,0.02784,2.80617,0.21983,0.04832,0.55,0.03858,0.18068,0.14321,0.15129,0.07788,0.40837,0.08,0.55000
1,12011,combined_fixture_stress_1_12011_free,combined_fixture_stress,prototype_system_id,free,unknown,free,direct_translate,0.47514,1,0.25000,1,1,0,0,0,0.79500,2.04528,0.65931,0.11607,0.55,0.47514,0.01951,0.22883,0.12761,0.04048,0.10843,0.08,0.00000
1,12011,combined_fixture_stress_1_12011_free,combined_fixture_stress,calibrated_prototype_system_id,free,unknown,free,direct_translate,0.51081,1,0.25500,0,1,0,0,1,0.35752,2.04546,0.69163,0.09509,0.55,0.51081,0.03335,0.20835,0.10966,0.04446,0.09337,0.08,0.45000
1,12011,combined_fixture_stress_1_12011_free,combined_fixture_stress,random_forest_probe_classifier,free,unknown,free,direct_translate,0.37061,1,0.28035,0,1,0,0,1,0.35638,2.04634,0.66214,0.11415,0.55,0.37061,0.04106,0.25834,0.22840,0.03096,0.07064,0.08,0.45000
1,12011,combined_fixture_stress_1_12011_free,combined_fixture_stress,bayesian_fixture_belief,free,unknown,free,direct_translate,0.21550,1,0.29280,1,1,0,0,0,0.79072,2.04678,0.60871,0.15311,0.55,0.21550,0.12376,0.19133,0.18833,0.13087,0.15020,0.08,0.00000
1,12011,combined_fixture_stress_1_12011_free,combined_fixture_stress,robust_impedance_planner,free,unknown,free,cautious_probe_pull,0.41816,1,0.35850,0,1,0,0,1,0.29887,2.09108,0.41883,0.33775,0.55,0.41816,0.05382,0.21038,0.13900,0.06630,0.11233,0.08,0.45000
1,12011,combined_fixture_stress_1_12011_free,combined_fixture_stress,adaptive_probe_then_act,free,unknown,free,direct_translate,0.47342,1,0.22213,0,1,0,0,1,0.35901,2.04431,0.70870,0.08486,0.55,0.47342,0.04512,0.21312,0.13453,0.05256,0.08126,0.08,0.45000
1,12011,combined_fixture_stress_1_12011_free,combined_fixture_stress,particle_filter_fixture,free,unknown,free,direct_translate,0.35732,1,0.28000,1,1,0,0,0,0.79200,2.04633,0.61824,0.14574,0.55,0.35732,0.06799,0.19877,0.21377,0.06392,0.09823,0.08,0.00000
1,12011,combined_fixture_stress_1_12011_free,combined_fixture_stress,latent_fixture_inference_v5,free,unknown,free,cautious_probe_pull,0.25504,1,0.19215,1,1,0,0,0,0.68079,2.08526,0.42757,0.32768,0.55,0.25504,0.10623,0.18502,0.24430,0.09629,0.11312,0.08,0.00000
1,12012,combined_fixture_stress_1_12012_clamp,combined_fixture_stress,prototype_system_id,clamp,unknown,clamp,release_clamp_pull,0.39980,1,0.25000,1,0,0,0,0,0.79500,1.87739,0.52654,0.22417,0.55,0.01140,0.39980,0.10063,0.05496,0.12317,0.31004,0.08,0.00000
1,12012,combined_fixture_stress_1_12012_clamp,combined_fixture_stress,calibrated_prototype_system_id,clamp,unknown,clamp,release_clamp_pull,0.41691,1,0.25500,0,0,1,0,0,0.17450,2.09457,0.55342,0.30627,0.55,0.02997,0.41691,0.08799,0.05391,0.10709,0.30413,0.08,0.00000
1,12012,combined_fixture_stress_1_12012_clamp,combined_fixture_stress,random_forest_probe_classifier,clamp,unknown,clamp,release_clamp_pull,0.55010,1,0.26599,1,1,0,0,0,0.79340,1.87795,0.58394,0.17311,0.55,0.00049,0.55010,0.05169,0.09830,0.06876,0.23067,0.08,0.00000
1,12012,combined_fixture_stress_1_12012_clamp,combined_fixture_stress,bayesian_fixture_belief,clamp,unknown,clamp,release_clamp_pull,0.24682,1,0.29280,1,1,0,0,0,0.79072,1.87889,0.50508,0.24495,0.55,0.10335,0.24682,0.12425,0.11873,0.16493,0.24191,0.08,0.00000
1,12012,combined_fixture_stress_1_12012_clamp,combined_fixture_stress,robust_impedance_planner,clamp,unknown,clamp,cautious_probe_pull,0.36853,1,0.34324,0,0,1,1,0,0.02056,2.83965,0.11107,0.01234,0.55,0.04283,0.36853,0.09811,0.06942,0.12783,0.29328,0.08,0.55000
1,12012,combined_fixture_stress_1_12012_clamp,combined_fixture_stress,adaptive_probe_then_act,clamp,unknown,clamp,release_clamp_pull,0.47452,1,0.22204,1,1,0,0,0,0.79780,1.87641,0.58958,0.16845,0.55,0.03665,0.47452,0.08647,0.05271,0.09247,0.25718,0.08,0.00000
1,12012,combined_fixture_stress_1_12012_clamp,combined_fixture_stress,particle_filter_fixture,clamp,unknown,clamp,release_clamp_pull,0.37160,1,0.28000,1,1,0,0,0,0.79200,1.87844,0.50588,0.24415,0.55,0.00499,0.37160,0.06598,0.04326,0.16879,0.34537,0.08,0.00000
1,12012,combined_fixture_stress_1_12012_clamp,combined_fixture_stress,latent_fixture_inference_v5,clamp,unknown,tether,cautious_probe_pull,0.32559,0,0.66000,0,0,1,1,0,0.00630,2.85074,0.02425,0.00059,0.55,0.03319,0.31490,0.07279,0.06426,0.18928,0.32559,0.08,0.55000
1,12013,combined_fixture_stress_1_12013_hinge,combined_fixture_stress,prototype_system_id,hinge,slot,hinge,pivot_rotate,0.82867,1,0.25000,1,1,0,0,0,0.79500,1.83365,0.63110,0.13609,0.55,0.00893,0.02372,0.82867,0.05301,0.02535,0.06033,0.08,0.00000
1,12013,combined_fixture_stress_1_12013_hinge,combined_fixture_stress,calibrated_prototype_system_id,hinge,slot,hinge,pivot_rotate,0.79215,1,0.25500,0,1,0,0,1,0.35752,1.83383,0.65116,0.12169,0.55,0.01246,0.01731,0.79215,0.12622,0.01793,0.03392,0.08,0.45000
1,12013,combined_fixture_stress_1_12013_hinge,combined_fixture_stress,random_forest_probe_classifier,hinge,slot,hinge,pivot_rotate,0.78163,1,0.24747,1,1,0,0,0,0.79525,1.83357,0.66064,0.11517,0.55,0.00347,0.09288,0.78163,0.09230,0.02016,0.00955,0.08,0.00000
1,12013,combined_fixture_stress_1_12013_hinge,combined_fixture_stress,bayesian_fixture_belief,hinge,slot,hinge,pivot_rotate,0.29319,1,0.29280,1,1,0,0,0,0.79072,1.83515,0.53745,0.21395,0.55,0.11053,0.12978,0.29319,0.22272,0.11988,0.12391,0.08,0.00000
1,12013,combined_fixture_stress_1_12013_hinge,combined_fixture_stress,robust_impedance_planner,hinge,slot,hinge,pivot_rotate,0.67178,1,0.33926,1,1,0,0,0,0.78607,1.83678,0.64123,0.12872,0.55,0.04421,0.05660,0.67178,0.10409,0.05345,0.06987,0.08,0.00000
1,12013,combined_fixture_stress_1_12013_hinge,combined_fixture_stress,adaptive_probe_then_act,hinge,slot,hinge,pivot_rotate,0.73313,1,0.20135,1,1,0,0,0,0.79987,1.83195,0.67313,0.10684,0.55,0.03841,0.04715,0.73313,0.08459,0.04406,0.05266,0.08,0.00000
1,12013,combined_fixture_stress_1_12013_hinge,combined_fixture_stress,particle_filter_fixture,hinge,slot,hinge,pivot_rotate,0.61042,1,0.28000,0,0,1,0,0,0.17200,2.05170,0.57366,0.32909,0.55,0.00790,0.14466,0.61042,0.15760,0.03909,0.04033,0.08,0.00000
1,12013,combined_fixture_stress_1_12013_hinge,combined_fixture_stress,latent_fixture_inference_v5,hinge,slot,hinge,cautious_probe_pull,0.41057,1,0.18126,0,0,0,1,1,0.30684,2.57325,0.08644,0.83460,0.55,0.03958,0.19190,0.41057,0.22405,0.07172,0.06217,0.08,1.00000
1,12014,combined_fixture_stress_1_12014_slot,combined_fixture_stress,prototype_system_id,slot,slot,slot,follow_slot_axis,0.81312,1,0.25000,0,0,1,0,0,0.17500,2.26953,0.65664,0.43118,0.55,0.01413,0.01830,0.05762,0.81312,0.04509,0.05175,0.08,0.00000
1,12014,combined_fixture_stress_1_12014_slot,combined_fixture_stress,calibrated_prototype_system_id,slot,slot,slot,follow_slot_axis,0.88106,1,0.25500,1,1,0,0,0,0.79450,2.05271,0.69738,0.09158,0.55,0.01404,0.01544,0.03289,0.88106,0.02666,0.02991,0.08,0.00000
1,12014,combined_fixture_stress_1_12014_slot,combined_fixture_stress,random_forest_probe_classifier,slot,slot,slot,follow_slot_axis,0.78985,1,0.24681,1,1,0,0,0,0.79532,2.05242,0.69068,0.09568,0.55,0.00101,0.19165,0.00551,0.78985,0.00838,0.00361,0.08,0.00000
1,12014,combined_fixture_stress_1_12014_slot,combined_fixture_stress,bayesian_fixture_belief,slot,slot,slot,follow_slot_axis,0.38919,1,0.29280,0,0,1,0,0,0.17072,2.27103,0.58033,0.33679,0.55,0.11184,0.13506,0.12222,0.38919,0.12231,0.11938,0.08,0.00000
1,12014,combined_fixture_stress_1_12014_slot,combined_fixture_stress,robust_impedance_planner,slot,slot,slot,follow_slot_axis,0.70158,1,0.35916,1,1,0,0,0,0.78408,2.05635,0.66914,0.10947,0.55,0.04641,0.05668,0.06823,0.70158,0.06262,0.06447,0.08,0.00000
1,12014,combined_fixture_stress_1_12014_slot,combined_fixture_stress,adaptive_probe_then_act,slot,slot,slot,follow_slot_axis,0.76257,1,0.19899,1,1,0,0,0,0.80010,2.05075,0.70780,0.08538,0.55,0.03957,0.04809,0.05163,0.76257,0.04884,0.04931,0.08,0.00000
1,12014,combined_fixture_stress_1_12014_slot,combined_fixture_stress,particle_filter_fixture,slot,slot,slot,follow_slot_axis,0.61490,1,0.28000,0,0,1,0,0,0.17200,2.27058,0.60123,0.36148,0.55,0.00637,0.28674,0.03326,0.61490,0.03120,0.02753,0.08,0.00000
1,12014,combined_fixture_stress_1_12014_slot,combined_fixture_stress,latent_fixture_inference_v5,slot,slot,slot,follow_slot_axis,0.44979,1,0.17851,0,0,1,0,0,0.18215,2.26703,0.65505,0.42909,0.55,0.03670,0.35223,0.05471,0.44979,0.05694,0.04963,0.08,0.00000
1,12015,combined_fixture_stress_1_12015_suction,combined_fixture_stress,prototype_system_id,suction,slot,suction,peel_then_translate,0.55998,1,0.25000,1,1,0,0,0,0.67500,2.01503,0.56369,0.19037,0.55,0.00966,0.11998,0.04004,0.18631,0.55998,0.08404,0.08,0.00000
1,12015,combined_fixture_stress_1_12015_suction,combined_fixture_stress,calibrated_prototype_system_id,suction,slot,suction,peel_then_translate,0.58327,1,0.25500,1,1,0,0,0,0.67450,2.01521,0.59306,0.16560,0.55,0.01313,0.08317,0.02730,0.23750,0.58327,0.05564,0.08,0.00000
1,12015,combined_fixture_stress_1_12015_suction,combined_fixture_stress,random_forest_probe_classifier,suction,slot,suction,peel_then_translate,0.87616,1,0.23991,0,0,0,1,0,0.30420,2.71468,0.66214,0.11415,0.55,0.00026,0.06060,0.00173,0.05495,0.87616,0.00630,0.08,0.55000
1,12015,combined_fixture_stress_1_12015_suction,combined_fixture_stress,bayesian_fixture_belief,suction,slot,suction,peel_then_translate,0.36582,1,0.29280,0,0,1,0,0,0.05072,2.23353,0.53463,0.28583,0.55,0.09611,0.12678,0.10081,0.19907,0.36582,0.11141,0.08,0.00000
1,12015,combined_fixture_stress_1_12015_suction,combined_fixture_stress,robust_impedance_planner,suction,slot,suction,peel_then_translate,0.53698,1,0.35193,1,1,0,0,0,0.66481,2.01860,0.59386,0.16495,0.55,0.03930,0.10873,0.05414,0.17933,0.53698,0.08152,0.08,0.00000
1,12015,combined_fixture_stress_1_12015_suction,combined_fixture_stress,adaptive_probe_then_act,suction,slot,suction,peel_then_translate,0.61393,1,0.21089,1,1,0,0,0,0.67891,2.01366,0.62846,0.13804,0.55,0.03381,0.09238,0.04181,0.15982,0.61393,0.05824,0.08,0.00000
1,12015,combined_fixture_stress_1_12015_suction,combined_fixture_stress,particle_filter_fixture,suction,slot,suction,peel_then_translate,0.71039,1,0.28000,1,1,0,0,0,0.67200,2.01608,0.57331,0.18207,0.55,0.00380,0.08940,0.02056,0.12400,0.71039,0.05185,0.08,0.00000
1,12015,combined_fixture_stress_1_12015_suction,combined_fixture_stress,latent_fixture_inference_v5,suction,slot,suction,peel_then_translate,0.65303,1,0.16429,0,0,1,0,0,0.06357,2.22903,0.65783,0.43274,0.55,0.03032,0.09216,0.03971,0.12421,0.65303,0.06057,0.08,0.00000
2,12008,combined_fixture_stress_2_12008_tether,combined_fixture_stress,prototype_system_id,tether,unknown,tether,unwind_tether,0.38086,1,0.25000,0,0,1,0,0,0.05500,2.16229,0.51491,0.26514,0.55,0.04608,0.10219,0.16986,0.20969,0.09132,0.38086,0.08,0.00000
2,12008,combined_fixture_stress_2_12008_tether,combined_fixture_stress,calibrated_prototype_system_id,tether,unknown,tether,unwind_tether,0.41468,1,0.25500,1,1,0,0,0,0.67450,1.94547,0.54464,0.20735,0.55,0.04949,0.09310,0.15802,0.20091,0.08380,0.41468,0.08,0.00000
2,12008,combined_fixture_stress_2_12008_tether,combined_fixture_stress,random_forest_probe_classifier,tether,unknown,tether,unwind_tether,0.60132,1,0.26189,1,1,0,0,0,0.67381,1.94571,0.58573,0.17162,0.55,0.04527,0.08954,0.02204,0.22999,0.01184,0.60132,0.08,0.00000
2,12008,combined_fixture_stress_2_12008_tether,combined_fixture_stress,bayesian_fixture_belief,tether,unknown,tether,unwind_tether,0.25347,1,0.29280,1,1,0,0,0,0.67072,1.94679,0.49836,0.25164,0.55,0.10985,0.16658,0.15313,0.18893,0.12804,0.25347,0.08,0.00000
2,12008,combined_fixture_stress_2_12008_tether,combined_fixture_stress,robust_impedance_planner,tether,unknown,tether,cautious_probe_pull,0.36524,1,0.34559,0,0,1,1,1,0.02045,2.86564,0.18437,0.03399,0.55,0.06209,0.11717,0.15843,0.20146,0.09560,0.36524,0.08,1.00000
2,12008,combined_fixture_stress_2_12008_tether,combined_fixture_stress,adaptive_probe_then_act,tether,unknown,tether,unwind_tether,0.42637,1,0.22589,0,0,1,0,0,0.05741,2.16145,0.57089,0.32592,0.55,0.06416,0.08671,0.14443,0.20893,0.06940,0.42637,0.08,0.00000
2,12008,combined_fixture_stress_2_12008_tether,combined_fixture_stress,particle_filter_fixture,tether,unknown,tether,unwind_tether,0.37506,1,0.28000,0,1,0,1,0,0.30240,2.64634,0.49823,0.25178,0.55,0.02499,0.18736,0.13400,0.21169,0.06689,0.37506,0.08,0.55000
2,12008,combined_fixture_stress_2_12008_tether,combined_fixture_stress,latent_fixture_inference_v5,tether,unknown,tether,cautious_probe_pull,0.32712,1,0.18710,0,0,1,1,1,0.02758,2.86009,0.21245,0.04514,0.55,0.04452,0.21836,0.12640,0.20544,0.07816,0.32712,0.08,1.00000
2,12009,combined_fixture_stress_2_12009_free,combined_fixture_stress,prototype_system_id,free,tether,free,direct_translate,0.59559,1,0.25000,1,1,0,0,0,0.79500,1.95452,0.68538,0.09899,0.55,0.59559,0.01820,0.12290,0.10786,0.04467,0.11079,0.08,0.00000
2,12009,combined_fixture_stress_2_12009_free,combined_fixture_stress,calibrated_prototype_system_id,free,tether,free,direct_translate,0.62541,1,0.25500,1,1,0,0,0,0.79450,1.95470,0.71734,0.07989,0.55,0.62541,0.01637,0.08467,0.07278,0.02970,0.17106,0.08,0.00000
2,12009,combined_fixture_stress_2_12009_free,combined_fixture_stress,random_forest_probe_classifier,free,tether,free,direct_translate,0.63507,1,0.25919,1,1,0,0,0,0.79408,1.95485,0.72736,0.07433,0.55,0.63507,0.04625,0.07506,0.14886,0.03472,0.06004,0.08,0.00000
2,12009,combined_fixture_stress_2_12009_free,combined_fixture_stress,bayesian_fixture_belief,free,tether,tether,unwind_tether,0.22967,0,0.79000,0,0,1,1,1,0.00045,2.93242,0.01569,0.00025,0.55,0.22494,0.11640,0.14703,0.15648,0.12547,0.22967,0.08,1.00000
2,12009,combined_fixture_stress_2_12009_free,combined_fixture_stress,robust_impedance_planner,free,tether,free,direct_translate,0.51205,1,0.35025,1,1,0,0,0,0.78497,1.95803,0.70177,0.08894,0.55,0.51205,0.05023,0.11786,0.11231,0.06567,0.14188,0.08,0.00000
2,12009,combined_fixture_stress_2_12009_free,combined_fixture_stress,adaptive_probe_then_act,free,tether,free,direct_translate,0.56864,1,0.21451,1,1,0,0,0,0.79855,1.95328,0.73287,0.07136,0.55,0.56864,0.04217,0.11642,0.09779,0.05129,0.12370,0.08,0.00000
2,12009,combined_fixture_stress_2_12009_free,combined_fixture_stress,particle_filter_fixture,free,tether,free,direct_translate,0.44857,1,0.28000,0,1,0,0,1,0.35640,1.95557,0.63750,0.13141,0.55,0.44857,0.07477,0.11212,0.14711,0.07115,0.14628,0.08,0.45000
2,12009,combined_fixture_stress_2_12009_free,combined_fixture_stress,latent_fixture_inference_v5,free,tether,free,cautious_probe_pull,0.30482,1,0.18866,0,0,1,1,0,0.02751,2.91138,0.43594,0.19004,0.55,0.30482,0.11206,0.12221,0.16986,0.10133,0.18971,0.08,0.55000
2,12010,combined_fixture_stress_2_12010_clamp,combined_fixture_stress,prototype_system_id,clamp,unknown,clamp,release_clamp_pull,0.58079,1,0.25000,1,1,0,0,0,0.79500,2.02876,0.55861,0.19482,0.55,0.00403,0.58079,0.07054,0.03393,0.14985,0.16087,0.08,0.00000
2,12010,combined_fixture_stress_2_12010_clamp,combined_fixture_stress,calibrated_prototype_system_id,clamp,unknown,clamp,release_clamp_pull,0.61669,1,0.25500,0,0,1,0,0,0.17450,2.24593,0.59041,0.34859,0.55,0.02742,0.61669,0.06155,0.03973,0.12251,0.13209,0.08,0.00000
2,12010,combined_fixture_stress_2_12010_clamp,combined_fixture_stress,random_forest_probe_classifier,clamp,unknown,clamp,release_clamp_pull,0.73721,1,0.25102,1,1,0,0,0,0.79490,2.02879,0.62310,0.14205,0.55,0.00019,0.73721,0.00368,0.00554,0.21327,0.04012,0.08,0.00000
2,12010,combined_fixture_stress_2_12010_clamp,combined_fixture_stress,bayesian_fixture_belief,clamp,unknown,clamp,release_clamp_pull,0.26261,1,0.29280,1,1,0,0,0,0.79072,2.03026,0.50791,0.24215,0.55,0.10898,0.26261,0.12144,0.11777,0.21796,0.17123,0.08,0.00000
2,12010,combined_fixture_stress_2_12010_clamp,combined_fixture_stress,robust_impedance_planner,clamp,unknown,clamp,release_clamp_pull,0.51078,1,0.35700,1,1,0,0,0,0.78430,2.03250,0.57891,0.17731,0.55,0.04236,0.51078,0.07739,0.05753,0.16129,0.15065,0.08,0.00000
2,12010,combined_fixture_stress_2_12010_clamp,combined_fixture_stress,adaptive_probe_then_act,clamp,unknown,clamp,release_clamp_pull,0.61966,1,0.21043,0,0,1,0,0,0.17896,2.24437,0.62078,0.38537,0.55,0.03741,0.61966,0.07355,0.04597,0.11748,0.10593,0.08,0.00000
2,12010,combined_fixture_stress_2_12010_clamp,combined_fixture_stress,particle_filter_fixture,clamp,unknown,clamp,release_clamp_pull,0.45675,1,0.28000,0,0,1,0,0,0.17200,2.24681,0.52052,0.27094,0.55,0.00147,0.45675,0.03987,0.02284,0.33073,0.14835,0.08,0.00000
2,12010,combined_fixture_stress_2_12010_clamp,combined_fixture_stress,latent_fixture_inference_v5,clamp,unknown,suction,cautious_probe_pull,0.37416,0,0.66000,0,0,1,1,0,0.00630,3.00211,0.02466,0.00061,0.55,0.03330,0.33318,0.05580,0.04961,0.37416,0.15394,0.08,0.55000
2,12011,combined_fixture_stress_2_12011_hinge,combined_fixture_stress,prototype_system_id,hinge,unknown,hinge,pivot_rotate,0.63043,1,0.25000,1,1,0,0,0,0.79500,1.94392,0.59430,0.16459,0.55,0.03334,0.03391,0.63043,0.11951,0.05674,0.12607,0.08,0.00000
2,12011,combined_fixture_stress_2_12011_hinge,combined_fixture_stress,calibrated_prototype_system_id,hinge,unknown,hinge,pivot_rotate,0.67202,1,0.25500,1,1,0,0,0,0.79450,1.94410,0.62790,0.13845,0.55,0.03917,0.03946,0.67202,0.09600,0.05219,0.10115,0.08,0.00000
2,12011,combined_fixture_stress_2_12011_hinge,combined_fixture_stress,random_forest_probe_classifier,hinge,unknown,hinge,pivot_rotate,0.80426,1,0.24566,1,1,0,0,0,0.79543,1.94377,0.66561,0.11182,0.55,0.00416,0.13178,0.80426,0.02505,0.02223,0.01252,0.08,0.00000
2,12011,combined_fixture_stress_2_12011_hinge,combined_fixture_stress,bayesian_fixture_belief,hinge,unknown,hinge,pivot_rotate,0.30861,1,0.29280,1,1,0,0,0,0.79072,1.94542,0.54034,0.21128,0.55,0.11799,0.14519,0.30861,0.15198,0.13374,0.14250,0.08,0.00000
2,12011,combined_fixture_stress_2_12011_hinge,combined_fixture_stress,robust_impedance_planner,hinge,unknown,hinge,pivot_rotate,0.56682,1,0.34929,0,0,1,0,0,0.16507,2.16440,0.61783,0.38172,0.55,0.05720,0.06780,0.56682,0.11664,0.07452,0.11702,0.08,0.00000
2,12011,combined_fixture_stress_2_12011_hinge,combined_fixture_stress,adaptive_probe_then_act,hinge,unknown,hinge,pivot_rotate,0.67679,1,0.20586,1,0,0,0,0,0.79941,1.94238,0.66043,0.11531,0.55,0.04579,0.05517,0.67679,0.08305,0.05704,0.08216,0.08,0.00000
2,12011,combined_fixture_stress_2_12011_hinge,combined_fixture_stress,particle_filter_fixture,hinge,unknown,hinge,pivot_rotate,0.52794,1,0.28000,1,1,0,0,0,0.79200,1.94497,0.55879,0.19467,0.55,0.02044,0.20724,0.52794,0.09977,0.05911,0.08550,0.08,0.00000
2,12011,combined_fixture_stress_2_12011_hinge,combined_fixture_stress,latent_fixture_inference_v5,hinge,unknown,hinge,cautious_probe_pull,0.40272,1,0.18181,0,0,1,0,1,0.02782,2.20054,0.08607,0.00741,0.55,0.04727,0.26169,0.40272,0.11175,0.08611,0.09045,0.08,0.45000
2,12012,combined_fixture_stress_2_12012_slot,combined_fixture_stress,prototype_system_id,slot,unknown,slot,follow_slot_axis,0.67404,1,0.25000,1,1,0,0,0,0.79500,1.99730,0.62966,0.13715,0.55,0.04332,0.03837,0.06875,0.67404,0.07304,0.10248,0.08,0.00000
2,12012,combined_fixture_stress_2_12012_slot,combined_fixture_stress,calibrated_prototype_system_id,slot,unknown,slot,follow_slot_axis,0.71294,1,0.25500,1,1,0,0,0,0.79450,1.99747,0.66342,0.11329,0.55,0.04394,0.04135,0.05877,0.71294,0.06149,0.08151,0.08,0.00000
2,12012,combined_fixture_stress_2_12012_slot,combined_fixture_stress,random_forest_probe_classifier,slot,unknown,slot,follow_slot_axis,0.66940,1,0.25645,0,1,0,0,1,0.35746,1.99752,0.66330,0.11337,0.55,0.08831,0.22031,0.00659,0.66940,0.01012,0.00528,0.08,0.45000
2,12012,combined_fixture_stress_2_12012_slot,combined_fixture_stress,bayesian_fixture_belief,slot,unknown,slot,follow_slot_axis,0.25615,1,0.29280,1,1,0,0,0,0.79072,1.99880,0.55425,0.19869,0.55,0.13071,0.17764,0.14242,0.25615,0.14699,0.14610,0.08,0.00000
2,12012,combined_fixture_stress_2_12012_slot,combined_fixture_stress,robust_impedance_planner,slot,unknown,slot,follow_slot_axis,0.57698,1,0.35414,0,0,1,0,0,0.16459,2.21794,0.64500,0.41602,0.55,0.06642,0.08194,0.08358,0.57698,0.08758,0.10350,0.08,0.00000
2,12012,combined_fixture_stress_2_12012_slot,combined_fixture_stress,adaptive_probe_then_act,slot,unknown,slot,follow_slot_axis,0.64454,1,0.20844,1,0,0,0,0,0.79916,1.99584,0.68019,0.10228,0.55,0.06874,0.06705,0.07943,0.64454,0.06575,0.07450,0.08,0.00000
2,12012,combined_fixture_stress_2_12012_slot,combined_fixture_stress,particle_filter_fixture,slot,unknown,slot,follow_slot_axis,0.48763,1,0.28000,1,1,0,0,0,0.79200,1.99835,0.57722,0.17874,0.55,0.02112,0.33870,0.04252,0.48763,0.05007,0.05997,0.08,0.00000
2,12012,combined_fixture_stress_2_12012_slot,combined_fixture_stress,latent_fixture_inference_v5,slot,unknown,clamp,cautious_probe_pull,0.41521,0,0.66000,0,0,1,1,0,0.00630,2.97065,0.16717,0.02795,0.55,0.04832,0.41521,0.06595,0.32335,0.07402,0.07314,0.08,0.55000
2,12013,combined_fixture_stress_2_12013_suction,combined_fixture_stress,prototype_system_id,suction,unknown,suction,peel_then_translate,0.42661,1,0.25000,0,1,0,0,1,0.30375,2.07677,0.53968,0.21189,0.55,0.00796,0.17328,0.03713,0.18363,0.42661,0.17138,0.08,0.45000
2,12013,combined_fixture_stress_2_12013_suction,combined_fixture_stress,calibrated_prototype_system_id,suction,unknown,suction,peel_then_translate,0.45562,1,0.25500,0,1,0,1,0,0.30352,2.77695,0.56906,0.18571,0.55,0.02872,0.15476,0.04289,0.16513,0.45562,0.15288,0.08,0.55000
2,12013,combined_fixture_stress_2_12013_suction,combined_fixture_stress,random_forest_probe_classifier,suction,unknown,suction,peel_then_translate,0.82937,1,0.24365,1,1,0,0,0,0.67563,2.07655,0.65209,0.12104,0.55,0.00055,0.09270,0.00457,0.05539,0.82937,0.01742,0.08,0.00000
2,12013,combined_fixture_stress_2_12013_suction,combined_fixture_stress,bayesian_fixture_belief,suction,unknown,suction,peel_then_translate,0.32494,1,0.29280,0,1,0,1,0,0.30182,2.77827,0.52719,0.22355,0.55,0.10336,0.17185,0.11096,0.14205,0.32494,0.14685,0.08,0.55000
2,12013,combined_fixture_stress_2_12013_suction,combined_fixture_stress,robust_impedance_planner,suction,unknown,suction,cautious_probe_pull,0.42216,1,0.35755,0,0,1,0,1,0.01991,2.29754,0.15141,0.02292,0.55,0.04158,0.16461,0.05727,0.16059,0.42216,0.15378,0.08,0.45000
2,12013,combined_fixture_stress_2_12013_suction,combined_fixture_stress,adaptive_probe_then_act,suction,unknown,suction,peel_then_translate,0.55152,1,0.21588,1,1,0,0,0,0.67841,2.07558,0.61484,0.14835,0.55,0.03609,0.13286,0.04508,0.12742,0.55152,0.10704,0.08,0.00000
2,12013,combined_fixture_stress_2_12013_suction,combined_fixture_stress,particle_filter_fixture,suction,unknown,suction,peel_then_translate,0.54703,1,0.28000,0,0,1,0,0,0.05200,2.29482,0.54477,0.29677,0.55,0.00362,0.17360,0.02372,0.12614,0.54703,0.12589,0.08,0.00000
2,12013,combined_fixture_stress_2_12013_suction,combined_fixture_stress,latent_fixture_inference_v5,suction,unknown,suction,peel_then_translate,0.51958,1,0.17363,1,1,0,0,0,0.68264,2.07410,0.62818,0.13825,0.55,0.03277,0.17529,0.04707,0.10942,0.51958,0.11587,0.08,0.00000
2,12014,combined_fixture_stress_2_12014_tether,combined_fixture_stress,prototype_system_id,tether,tether,tether,unwind_tether,0.48708,1,0.25000,1,1,0,0,0,0.67500,1.97235,0.53344,0.21768,0.55,0.03299,0.13117,0.08571,0.11099,0.15207,0.48708,0.08,0.00000
2,12014,combined_fixture_stress_2_12014_tether,combined_fixture_stress,calibrated_prototype_system_id,tether,tether,tether,unwind_tether,0.61774,1,0.25500,1,1,0,0,0,0.67450,1.97253,0.58168,0.17499,0.55,0.02447,0.09860,0.06035,0.08094,0.11789,0.61774,0.08,0.00000
2,12014,combined_fixture_stress_2_12014_tether,combined_fixture_stress,random_forest_probe_classifier,tether,tether,tether,unwind_tether,0.70306,1,0.25376,1,1,0,0,0,0.67462,1.97248,0.60675,0.15464,0.55,0.00146,0.09573,0.00795,0.18108,0.01072,0.70306,0.08,0.00000
2,12014,combined_fixture_stress_2_12014_tether,combined_fixture_stress,bayesian_fixture_belief,tether,tether,tether,unwind_tether,0.37148,1,0.29280,0,0,1,0,0,0.05072,2.19085,0.51918,0.26955,0.55,0.10083,0.16775,0.11484,0.11738,0.12772,0.37148,0.08,0.00000
2,12014,combined_fixture_stress_2_12014_tether,combined_fixture_stress,robust_impedance_planner,tether,tether,tether,unwind_tether,0.49282,1,0.34805,1,1,0,0,0,0.66519,1.97578,0.56926,0.18554,0.55,0.05141,0.13450,0.08570,0.10229,0.13330,0.49282,0.08,0.00000
2,12014,combined_fixture_stress_2_12014_tether,combined_fixture_stress,adaptive_probe_then_act,tether,tether,tether,unwind_tether,0.58803,1,0.21296,1,1,0,0,0,0.67870,1.97105,0.60511,0.15594,0.55,0.04054,0.09683,0.06154,0.07172,0.14134,0.58803,0.08,0.00000
2,12014,combined_fixture_stress_2_12014_tether,combined_fixture_stress,particle_filter_fixture,tether,tether,tether,unwind_tether,0.53820,1,0.28000,0,0,1,0,0,0.05200,2.19040,0.52581,0.27648,0.55,0.01701,0.21374,0.05669,0.07109,0.10328,0.53820,0.08,0.00000
2,12014,combined_fixture_stress_2_12014_tether,combined_fixture_stress,latent_fixture_inference_v5,tether,tether,tether,unwind_tether,0.49483,1,0.17536,1,1,0,0,0,0.68246,1.96974,0.60553,0.15561,0.55,0.03812,0.23624,0.06563,0.07192,0.09326,0.49483,0.08,0.00000
2,12015,combined_fixture_stress_2_12015_free,combined_fixture_stress,prototype_system_id,free,suction,free,direct_translate,0.91542,1,0.25000,1,1,0,0,0,0.79500,2.08925,0.75459,0.06022,0.55,0.91542,0.00318,0.02078,0.02843,0.01071,0.02148,0.08,0.00000
2,12015,combined_fixture_stress_2_12015_free,combined_fixture_stress,calibrated_prototype_system_id,free,suction,free,direct_translate,0.82994,1,0.25500,0,1,0,1,0,0.35752,2.78943,0.76324,0.05606,0.55,0.82994,0.01108,0.01577,0.01844,0.10877,0.01600,0.08,0.55000
2,12015,combined_fixture_stress_2_12015_free,combined_fixture_stress,random_forest_probe_classifier,free,suction,free,direct_translate,0.76533,1,0.24877,0,0,1,0,0,0.17512,2.30621,0.75983,0.57734,0.55,0.76533,0.04192,0.04350,0.05513,0.06560,0.02852,0.08,0.00000
2,12015,combined_fixture_stress_2_12015_free,combined_fixture_stress,bayesian_fixture_belief,free,suction,free,direct_translate,0.28128,1,0.29280,1,1,0,0,0,0.79072,2.09075,0.62308,0.14207,0.55,0.28128,0.11867,0.12972,0.13534,0.20744,0.12755,0.08,0.00000
2,12015,combined_fixture_stress_2_12015_free,combined_fixture_stress,robust_impedance_planner,free,suction,free,direct_translate,0.70322,1,0.36250,1,1,0,0,0,0.78375,2.09319,0.74191,0.06661,0.55,0.70322,0.04568,0.05513,0.05999,0.08143,0.05455,0.08,0.00000
2,12015,combined_fixture_stress_2_12015_free,combined_fixture_stress,adaptive_probe_then_act,free,suction,free,direct_translate,0.74617,1,0.20031,1,1,0,0,0,0.79997,2.08751,0.77826,0.04917,0.55,0.74617,0.04055,0.04643,0.04955,0.07150,0.04580,0.08,0.00000
2,12015,combined_fixture_stress_2_12015_free,combined_fixture_stress,particle_filter_fixture,free,suction,free,direct_translate,0.62746,1,0.28000,0,1,0,0,1,0.35640,2.09030,0.67526,0.10546,0.55,0.62746,0.06205,0.07089,0.09110,0.09924,0.04927,0.08,0.45000
2,12015,combined_fixture_stress_2_12015_free,combined_fixture_stress,latent_fixture_inference_v5,free,suction,free,cautious_probe_pull,0.39600,1,0.18228,0,1,0,1,1,0.30680,2.82888,0.45135,0.30102,0.55,0.39600,0.10348,0.11150,0.13311,0.16918,0.08674,0.08,1.00000
3,12008,combined_fixture_stress_3_12008_clamp,combined_fixture_stress,prototype_system_id,clamp,unknown,clamp,release_clamp_pull,0.35420,1,0.25000,0,0,1,0,0,0.17500,2.09442,0.51846,0.26880,0.55,0.00859,0.35420,0.08549,0.07348,0.20832,0.26992,0.08,0.00000
3,12008,combined_fixture_stress_3_12008_clamp,combined_fixture_stress,calibrated_prototype_system_id,clamp,unknown,clamp,release_clamp_pull,0.36789,1,0.25500,0,0,0,1,0,0.35752,2.57760,0.54434,0.20763,0.55,0.02899,0.36789,0.07735,0.06804,0.19408,0.26365,0.08,0.55000
3,12008,combined_fixture_stress_3_12008_clamp,combined_fixture_stress,random_forest_probe_classifier,clamp,unknown,clamp,release_clamp_pull,0.53375,1,0.26730,1,1,0,0,0,0.79327,1.87803,0.58054,0.17595,0.55,0.00041,0.53375,0.05315,0.01231,0.12689,0.27348,0.08,0.00000
3,12008,combined_fixture_stress_3_12008_clamp,combined_fixture_stress,bayesian_fixture_belief,clamp,unknown,clamp,release_clamp_pull,0.22352,1,0.29280,0,1,0,1,0,0.35582,2.57892,0.50090,0.24910,0.55,0.10354,0.22352,0.12412,0.12408,0.22141,0.20334,0.08,0.55000
3,12008,combined_fixture_stress_3_12008_clamp,combined_fixture_stress,robust_impedance_planner,clamp,unknown,clamp,cautious_probe_pull,0.32591,1,0.34324,0,0,0,1,0,0.29956,2.62269,0.10946,0.79306,0.55,0.04190,0.32591,0.08957,0.08240,0.21009,0.25014,0.08,0.55000
3,12008,combined_fixture_stress_3_12008_clamp,combined_fixture_stress,adaptive_probe_then_act,clamp,unknown,clamp,cautious_probe_pull,0.34563,1,0.23235,0,0,0,1,1,0.30455,2.61881,0.12104,0.77257,0.55,0.03627,0.34563,0.06515,0.09385,0.15103,0.30808,0.08,1.00000
3,12008,combined_fixture_stress_3_12008_clamp,combined_fixture_stress,particle_filter_fixture,clamp,unknown,clamp,release_clamp_pull,0.31540,1,0.28000,0,1,0,0,1,0.35640,1.87847,0.49622,0.25379,0.55,0.00370,0.31540,0.05933,0.05595,0.31245,0.25317,0.08,0.45000
3,12008,combined_fixture_stress_3_12008_clamp,combined_fixture_stress,latent_fixture_inference_v5,clamp,unknown,suction,cautious_probe_pull,0.32797,0,0.66000,0,0,1,1,0,0.00630,2.85077,0.02427,0.00059,0.55,0.03270,0.26598,0.07134,0.07244,0.32797,0.22956,0.08,0.55000
3,12009,combined_fixture_stress_3_12009_hinge,combined_fixture_stress,prototype_system_id,hinge,suction,hinge,pivot_rotate,0.60015,1,0.25000,1,1,0,0,0,0.79500,1.87702,0.58868,0.16918,0.55,0.04549,0.03493,0.60015,0.14502,0.05232,0.12209,0.08,0.00000
3,12009,combined_fixture_stress_3_12009_hinge,combined_fixture_stress,calibrated_prototype_system_id,hinge,suction,hinge,pivot_rotate,0.62912,1,0.25500,0,0,1,0,0,0.17450,2.09419,0.61960,0.38391,0.55,0.03009,0.02430,0.62912,0.10268,0.13010,0.08371,0.08,0.00000
3,12009,combined_fixture_stress_3_12009_hinge,combined_fixture_stress,random_forest_probe_classifier,hinge,suction,hinge,pivot_rotate,0.76635,1,0.24869,0,1,0,1,0,0.35781,2.57697,0.65728,0.11746,0.55,0.00358,0.09944,0.76635,0.07867,0.04068,0.01128,0.08,0.55000
3,12009,combined_fixture_stress_3_12009_hinge,combined_fixture_stress,bayesian_fixture_belief,hinge,suction,hinge,pivot_rotate,0.28320,1,0.29280,1,1,0,0,0,0.79072,1.87852,0.53558,0.21569,0.55,0.10898,0.12975,0.28320,0.15136,0.19833,0.12837,0.08,0.00000
3,12009,combined_fixture_stress_3_12009_hinge,combined_fixture_stress,robust_impedance_planner,hinge,suction,hinge,pivot_rotate,0.53716,1,0.34321,0,0,1,0,0,0.16568,2.09728,0.61358,0.37648,0.55,0.05977,0.06259,0.53716,0.13322,0.09714,0.11012,0.08,0.00000
3,12009,combined_fixture_stress_3_12009_hinge,combined_fixture_stress,adaptive_probe_then_act,hinge,suction,hinge,pivot_rotate,0.57366,1,0.21411,1,1,0,0,0,0.79859,1.87576,0.63728,0.13157,0.55,0.04586,0.05030,0.57366,0.12603,0.07805,0.12610,0.08,0.00000
3,12009,combined_fixture_stress_3_12009_hinge,combined_fixture_stress,particle_filter_fixture,hinge,suction,hinge,pivot_rotate,0.51626,1,0.28000,0,0,1,0,0,0.17200,2.09507,0.55669,0.30990,0.55,0.02604,0.16065,0.51626,0.13122,0.08393,0.08190,0.08,0.00000
3,12009,combined_fixture_stress_3_12009_hinge,combined_fixture_stress,latent_fixture_inference_v5,hinge,suction,hinge,cautious_probe_pull,0.39511,1,0.18234,0,0,1,1,1,0.02780,2.83365,0.08572,0.00735,0.55,0.04624,0.20512,0.39511,0.13549,0.13447,0.08357,0.08,1.00000
3,12010,combined_fixture_stress_3_12010_slot,combined_fixture_stress,prototype_system_id,slot,unknown,slot,follow_slot_axis,0.74122,1,0.25000,1,0,0,0,0,0.79500,1.96713,0.64269,0.12767,0.55,0.05732,0.01353,0.06701,0.74122,0.07055,0.05037,0.08,0.00000
3,12010,combined_fixture_stress_3_12010_slot,combined_fixture_stress,calibrated_prototype_system_id,slot,unknown,slot,follow_slot_axis,0.75935,1,0.25500,1,1,0,0,0,0.79450,1.96731,0.67279,0.10707,0.55,0.05031,0.03008,0.05582,0.75935,0.05790,0.04654,0.08,0.00000
3,12010,combined_fixture_stress_3_12010_slot,combined_fixture_stress,random_forest_probe_classifier,slot,unknown,slot,follow_slot_axis,0.70168,1,0.25387,1,1,0,0,0,0.79461,1.96727,0.67062,0.10849,0.55,0.00233,0.17774,0.09715,0.70168,0.01429,0.00680,0.08,0.00000
3,12010,combined_fixture_stress_3_12010_slot,combined_fixture_stress,bayesian_fixture_belief,slot,unknown,slot,follow_slot_axis,0.32319,1,0.29280,1,1,0,0,0,0.79072,1.96863,0.56739,0.18715,0.55,0.12708,0.13948,0.13747,0.32319,0.14144,0.13134,0.08,0.00000
3,12010,combined_fixture_stress_3_12010_slot,combined_fixture_stress,robust_impedance_planner,slot,unknown,slot,follow_slot_axis,0.64030,1,0.35140,1,1,0,0,0,0.78486,1.97068,0.65871,0.11648,0.55,0.07095,0.05688,0.07966,0.64030,0.08295,0.06926,0.08,0.00000
3,12010,combined_fixture_stress_3_12010_slot,combined_fixture_stress,adaptive_probe_then_act,slot,unknown,slot,follow_slot_axis,0.72125,1,0.20230,1,1,0,0,0,0.79977,1.96546,0.69811,0.09114,0.55,0.05392,0.04898,0.05994,0.72125,0.06224,0.05366,0.08,0.00000
3,12010,combined_fixture_stress_3_12010_slot,combined_fixture_stress,particle_filter_fixture,slot,unknown,slot,follow_slot_axis,0.57423,1,0.28000,1,1,0,0,0,0.79200,1.96818,0.59356,0.16519,0.55,0.02929,0.26459,0.04583,0.57423,0.05384,0.03223,0.08,0.00000
3,12010,combined_fixture_stress_3_12010_slot,combined_fixture_stress,latent_fixture_inference_v5,slot,unknown,slot,cautious_probe_pull,0.41235,1,0.18114,0,1,0,1,1,0.30685,2.70672,0.28703,0.50833,0.55,0.05145,0.33048,0.06924,0.41235,0.07795,0.05852,0.08,1.00000
3,12011,combined_fixture_stress_3_12011_suction,combined_fixture_stress,prototype_system_id,suction,suction,suction,peel_then_translate,0.65007,1,0.25000,0,1,0,0,1,0.30375,2.02456,0.57991,0.17648,0.55,0.00759,0.12685,0.03661,0.09149,0.65007,0.08739,0.08,0.45000
3,12011,combined_fixture_stress_3_12011_suction,combined_fixture_stress,calibrated_prototype_system_id,suction,suction,suction,peel_then_translate,0.76543,1,0.25500,0,0,1,0,0,0.05450,2.24173,0.62730,0.39351,0.55,0.01235,0.08424,0.02456,0.05813,0.76543,0.05530,0.08,0.00000
3,12011,combined_fixture_stress_3_12011_suction,combined_fixture_stress,random_forest_probe_classifier,suction,suction,suction,peel_then_translate,0.93910,1,0.23487,1,1,0,0,0,0.67651,2.02403,0.67572,0.10516,0.55,0.00019,0.05366,0.00146,0.00167,0.93910,0.00392,0.08,0.00000
3,12011,combined_fixture_stress_3_12011_suction,combined_fixture_stress,bayesian_fixture_belief,suction,suction,suction,peel_then_translate,0.46880,1,0.29280,1,1,0,0,0,0.67072,2.02605,0.55337,0.19948,0.55,0.09601,0.12128,0.10018,0.10498,0.46880,0.10875,0.08,0.00000
3,12011,combined_fixture_stress_3_12011_suction,combined_fixture_stress,robust_impedance_planner,suction,suction,suction,peel_then_translate,0.63847,1,0.35280,1,1,0,0,0,0.66472,2.02815,0.61302,0.14976,0.55,0.03848,0.10856,0.05175,0.08179,0.63847,0.08095,0.08,0.00000
3,12011,combined_fixture_stress_3_12011_suction,combined_fixture_stress,adaptive_probe_then_act,suction,suction,suction,peel_then_translate,0.72085,1,0.20233,1,1,0,0,0,0.67977,2.02289,0.65193,0.12116,0.55,0.03342,0.07453,0.04036,0.05718,0.72085,0.07365,0.08,0.00000
3,12011,combined_fixture_stress_3_12011_suction,combined_fixture_stress,particle_filter_fixture,suction,suction,suction,peel_then_translate,0.79984,1,0.28000,0,0,1,0,0,0.05200,2.24261,0.58893,0.34684,0.55,0.00279,0.08184,0.01798,0.04832,0.79984,0.04923,0.08,0.00000
3,12011,combined_fixture_stress_3_12011_suction,combined_fixture_stress,latent_fixture_inference_v5,suction,suction,suction,peel_then_translate,0.74366,1,0.15794,1,1,0,0,0,0.68421,2.02133,0.67808,0.10363,0.55,0.02985,0.08004,0.03812,0.05229,0.74366,0.05604,0.08,0.00000
3,12012,combined_fixture_stress_3_12012_tether,combined_fixture_stress,prototype_system_id,tether,unknown,tether,unwind_tether,0.43791,1,0.25000,0,0,1,0,0,0.05500,2.34825,0.52486,0.27548,0.55,0.02355,0.09432,0.19806,0.12980,0.11636,0.43791,0.08,0.00000
3,12012,combined_fixture_stress_3_12012_tether,combined_fixture_stress,calibrated_prototype_system_id,tether,unknown,tether,unwind_tether,0.47902,1,0.25500,1,1,0,0,0,0.67450,2.13143,0.55638,0.19680,0.55,0.03564,0.08435,0.18270,0.11518,0.10311,0.47902,0.08,0.00000
3,12012,combined_fixture_stress_3_12012_tether,combined_fixture_stress,random_forest_probe_classifier,tether,unknown,tether,unwind_tether,0.63974,1,0.25882,0,0,1,0,1,0.02435,2.34856,0.59365,0.35242,0.55,0.00161,0.13488,0.18579,0.02333,0.01465,0.63974,0.08,0.45000
3,12012,combined_fixture_stress_3_12012_tether,combined_fixture_stress,bayesian_fixture_belief,tether,unknown,tether,unwind_tether,0.27097,1,0.29280,0,0,1,0,0,0.05072,2.34975,0.50145,0.25145,0.55,0.11049,0.17929,0.14998,0.14982,0.13944,0.27097,0.08,0.00000
3,12012,combined_fixture_stress_3_12012_tether,combined_fixture_stress,robust_impedance_planner,tether,unknown,tether,cautious_probe_pull,0.41538,1,0.36250,0,0,1,1,1,0.01969,3.05219,0.18328,0.03359,0.55,0.05076,0.11597,0.17545,0.12760,0.11482,0.41538,0.08,1.00000
3,12012,combined_fixture_stress_3_12012_tether,combined_fixture_stress,adaptive_probe_then_act,tether,unknown,tether,unwind_tether,0.47789,1,0.22177,1,1,0,0,0,0.67782,2.13026,0.58176,0.17492,0.55,0.04164,0.08707,0.15453,0.10746,0.13140,0.47789,0.08,0.00000
3,12012,combined_fixture_stress_3_12012_tether,combined_fixture_stress,particle_filter_fixture,tether,unknown,tether,unwind_tether,0.40884,1,0.28000,1,1,0,0,0,0.67200,2.13230,0.50394,0.24608,0.55,0.01248,0.24789,0.13706,0.10758,0.08615,0.40884,0.08,0.00000
3,12012,combined_fixture_stress_3_12012_tether,combined_fixture_stress,latent_fixture_inference_v5,tether,unknown,tether,cautious_probe_pull,0.34422,1,0.18590,0,0,1,1,1,0.02763,3.04601,0.21400,0.04579,0.55,0.03939,0.29264,0.11706,0.11391,0.09278,0.34422,0.08,1.00000
3,12013,combined_fixture_stress_3_12013_free,combined_fixture_stress,prototype_system_id,free,unknown,free,direct_translate,0.90612,1,0.25000,1,0,0,0,0,0.79500,1.87899,0.75258,0.06122,0.55,0.90612,0.00362,0.02650,0.02932,0.01060,0.02383,0.08,0.00000
3,12013,combined_fixture_stress_3_12013_free,combined_fixture_stress,calibrated_prototype_system_id,free,unknown,free,direct_translate,0.84256,1,0.25500,0,0,1,0,0,0.17450,2.09617,0.76607,0.58687,0.55,0.84256,0.02716,0.03381,0.03485,0.02876,0.03286,0.08,0.00000
3,12013,combined_fixture_stress_3_12013_free,combined_fixture_stress,random_forest_probe_classifier,free,unknown,free,direct_translate,0.76667,1,0.24867,1,1,0,0,0,0.79513,1.87895,0.76017,0.05752,0.55,0.76667,0.05101,0.05198,0.06607,0.03249,0.03177,0.08,0.00000
3,12013,combined_fixture_stress_3_12013_free,combined_fixture_stress,bayesian_fixture_belief,free,unknown,free,direct_translate,0.30652,1,0.29280,1,1,0,0,0,0.79072,1.88049,0.62859,0.13794,0.55,0.30652,0.12879,0.14442,0.14830,0.13265,0.13932,0.08,0.00000
3,12013,combined_fixture_stress_3_12013_free,combined_fixture_stress,robust_impedance_planner,free,unknown,free,direct_translate,0.70939,1,0.34339,0,1,0,0,1,0.35355,1.88226,0.74858,0.06321,0.55,0.70939,0.04964,0.06279,0.06530,0.05299,0.05989,0.08,0.45000
3,12013,combined_fixture_stress_3_12013_free,combined_fixture_stress,adaptive_probe_then_act,free,unknown,free,direct_translate,0.75323,1,0.19974,0,0,1,0,0,0.18003,2.09423,0.78008,0.60852,0.55,0.75323,0.04403,0.05235,0.05414,0.04606,0.05019,0.08,0.00000
3,12013,combined_fixture_stress_3_12013_free,combined_fixture_stress,particle_filter_fixture,free,unknown,free,direct_translate,0.62540,1,0.28000,1,1,0,0,0,0.79200,1.88004,0.67482,0.10574,0.55,0.62540,0.07548,0.08572,0.10754,0.05082,0.05505,0.08,0.00000
3,12013,combined_fixture_stress_3_12013_free,combined_fixture_stress,latent_fixture_inference_v5,free,unknown,free,cautious_probe_pull,0.40430,1,0.18170,1,1,0,0,0,0.68183,1.91860,0.45275,0.29948,0.55,0.40430,0.12125,0.13047,0.15485,0.09324,0.09590,0.08,0.00000
3,12014,combined_fixture_stress_3_12014_clamp,combined_fixture_stress,prototype_system_id,clamp,suction,clamp,release_clamp_pull,0.40392,1,0.25000,1,1,0,0,0,0.79500,1.96117,0.52727,0.22348,0.55,0.00727,0.40392,0.09918,0.06967,0.20162,0.21833,0.08,0.00000
3,12014,combined_fixture_stress_3_12014_clamp,combined_fixture_stress,calibrated_prototype_system_id,clamp,suction,clamp,release_clamp_pull,0.41392,1,0.25500,1,1,0,0,0,0.79450,1.96135,0.55286,0.19993,0.55,0.01251,0.41392,0.07197,0.04884,0.26544,0.18734,0.08,0.00000
3,12014,combined_fixture_stress_3_12014_clamp,combined_fixture_stress,random_forest_probe_classifier,clamp,suction,clamp,release_clamp_pull,0.56879,1,0.26450,0,1,0,0,1,0.35710,1.96168,0.58783,0.16988,0.55,0.00024,0.56879,0.04864,0.00937,0.24329,0.12966,0.08,0.45000
3,12014,combined_fixture_stress_3_12014_clamp,combined_fixture_stress,bayesian_fixture_belief,clamp,suction,suction,peel_then_translate,0.28680,0,0.79000,0,0,1,1,1,0.00045,2.93907,0.01601,0.00026,0.55,0.09804,0.21449,0.11477,0.11494,0.28680,0.17096,0.08,1.00000
3,12014,combined_fixture_stress_3_12014_clamp,combined_fixture_stress,robust_impedance_planner,clamp,suction,clamp,cautious_probe_pull,0.36294,1,0.35086,0,0,1,1,1,0.02021,2.92370,0.10898,0.01188,0.55,0.03933,0.36294,0.09419,0.07653,0.22936,0.19765,0.08,1.00000
3,12014,combined_fixture_stress_3_12014_clamp,combined_fixture_stress,adaptive_probe_then_act,clamp,suction,clamp,release_clamp_pull,0.45294,1,0.22376,0,0,1,0,0,0.17762,2.17725,0.58496,0.34218,0.55,0.03418,0.45294,0.11616,0.05636,0.18582,0.15453,0.08,0.00000
3,12014,combined_fixture_stress_3_12014_clamp,combined_fixture_stress,particle_filter_fixture,clamp,suction,suction,peel_then_translate,0.35023,0,0.78000,0,1,0,1,1,0.27990,2.72172,0.01636,0.96755,0.55,0.00289,0.34064,0.06105,0.04926,0.35023,0.19593,0.08,1.00000
3,12014,combined_fixture_stress_3_12014_clamp,combined_fixture_stress,latent_fixture_inference_v5,clamp,suction,suction,cautious_probe_pull,0.39244,0,0.66000,0,0,1,1,0,0.00630,2.93452,0.02481,0.00062,0.55,0.03058,0.26841,0.06491,0.06387,0.39244,0.17978,0.08,0.55000
3,12015,combined_fixture_stress_3_12015_hinge,combined_fixture_stress,prototype_system_id,hinge,clamp,hinge,pivot_rotate,0.42608,1,0.25000,1,1,0,0,0,0.79500,1.97654,0.55637,0.19680,0.55,0.14228,0.03159,0.42608,0.19556,0.09074,0.11375,0.08,0.00000
3,12015,combined_fixture_stress_3_12015_hinge,combined_fixture_stress,calibrated_prototype_system_id,hinge,clamp,hinge,pivot_rotate,0.45102,1,0.25500,1,1,0,0,0,0.79450,1.97672,0.58512,0.17212,0.55,0.11178,0.12009,0.45102,0.16559,0.06597,0.08556,0.08,0.00000
3,12015,combined_fixture_stress_3_12015_hinge,combined_fixture_stress,random_forest_probe_classifier,hinge,clamp,hinge,pivot_rotate,0.39055,1,0.27876,0,1,0,1,0,0.35645,2.67755,0.57580,0.17995,0.55,0.04635,0.17772,0.39055,0.31582,0.01771,0.05186,0.08,0.55000
3,12015,combined_fixture_stress_3_12015_hinge,combined_fixture_stress,bayesian_fixture_belief,hinge,clamp,hinge,pivot_rotate,0.23508,1,0.29280,0,0,1,0,0,0.17072,2.19504,0.52655,0.27725,0.55,0.12562,0.22075,0.23508,0.14926,0.13691,0.13239,0.08,0.00000
3,12015,combined_fixture_stress_3_12015_hinge,combined_fixture_stress,robust_impedance_planner,hinge,clamp,hinge,cautious_probe_pull,0.39334,1,0.35225,0,0,1,1,0,0.02015,2.93912,0.05165,0.00267,0.55,0.12729,0.09653,0.39334,0.17408,0.09793,0.11083,0.08,0.55000
3,12015,combined_fixture_stress_3_12015_hinge,combined_fixture_stress,adaptive_probe_then_act,hinge,clamp,hinge,pivot_rotate,0.44380,1,0.22450,1,1,0,0,0,0.79755,1.97565,0.60833,0.15340,0.55,0.08847,0.08115,0.44380,0.21964,0.07158,0.09537,0.08,0.00000
3,12015,combined_fixture_stress_3_12015_hinge,combined_fixture_stress,particle_filter_fixture,hinge,clamp,hinge,pivot_rotate,0.35450,1,0.28000,1,1,0,0,0,0.79200,1.97759,0.52752,0.22324,0.55,0.08623,0.27405,0.35450,0.13507,0.07461,0.07553,0.08,0.00000
3,12015,combined_fixture_stress_3_12015_hinge,combined_fixture_stress,latent_fixture_inference_v5,hinge,clamp,clamp,cautious_probe_pull,0.35863,0,0.66000,0,0,1,1,0,0.00630,2.94989,0.01641,0.00027,0.55,0.07761,0.35863,0.27853,0.11554,0.08979,0.07990,0.08,0.55000
4,12008,combined_fixture_stress_4_12008_slot,combined_fixture_stress,prototype_system_id,slot,unknown,slot,follow_slot_axis,0.72096,1,0.25000,1,1,0,0,0,0.79500,1.69325,0.63876,0.13049,0.55,0.01494,0.02377,0.09835,0.72096,0.07234,0.06963,0.08,0.00000
4,12008,combined_fixture_stress_4_12008_slot,combined_fixture_stress,calibrated_prototype_system_id,slot,unknown,slot,follow_slot_axis,0.74209,1,0.25500,0,0,1,0,0,0.17450,1.91043,0.66930,0.44797,0.55,0.03061,0.03402,0.07610,0.74209,0.05941,0.05777,0.08,0.00000
4,12008,combined_fixture_stress_4_12008_slot,combined_fixture_stress,random_forest_probe_classifier,slot,unknown,slot,follow_slot_axis,0.75874,1,0.24930,1,1,0,0,0,0.79507,1.69323,0.68359,0.10012,0.55,0.00135,0.21916,0.00670,0.75874,0.00948,0.00457,0.08,0.00000
4,12008,combined_fixture_stress_4_12008_slot,combined_fixture_stress,bayesian_fixture_belief,slot,unknown,slot,follow_slot_axis,0.27061,1,0.29280,1,1,0,0,0,0.79072,1.69475,0.55709,0.19617,0.55,0.12859,0.16347,0.14887,0.27061,0.14737,0.14110,0.08,0.00000
4,12008,combined_fixture_stress_4_12008_slot,combined_fixture_stress,robust_impedance_planner,slot,unknown,slot,follow_slot_axis,0.60711,1,0.32650,1,1,0,0,0,0.78735,1.69593,0.65855,0.11659,0.55,0.05328,0.06991,0.10076,0.60711,0.08636,0.08259,0.08,0.00000
4,12008,combined_fixture_stress_4_12008_slot,combined_fixture_stress,adaptive_probe_then_act,slot,unknown,slot,follow_slot_axis,0.67910,1,0.20567,1,1,0,0,0,0.79943,1.69170,0.68825,0.09719,0.55,0.04552,0.05892,0.08946,0.67910,0.06493,0.06206,0.08,0.00000
4,12008,combined_fixture_stress_4_12008_slot,combined_fixture_stress,particle_filter_fixture,slot,unknown,slot,follow_slot_axis,0.51719,1,0.28000,1,1,0,0,0,0.79200,1.69430,0.58280,0.17406,0.55,0.00742,0.32967,0.05847,0.51719,0.04796,0.03929,0.08,0.00000
4,12008,combined_fixture_stress_4_12008_slot,combined_fixture_stress,latent_fixture_inference_v5,slot,unknown,clamp,cautious_probe_pull,0.40624,0,0.66000,0,0,1,0,0,0.01400,1.96660,0.16667,0.02778,0.55,0.04251,0.40624,0.07451,0.34223,0.07247,0.06204,0.08,0.00000
4,12009,combined_fixture_stress_4_12009_suction,combined_fixture_stress,prototype_system_id,suction,slot,suction,peel_then_translate,0.38270,1,0.25000,0,1,0,0,1,0.30375,2.10892,0.53178,0.21923,0.55,0.01546,0.19928,0.14392,0.11928,0.38270,0.13937,0.08,0.45000
4,12009,combined_fixture_stress_4_12009_suction,combined_fixture_stress,calibrated_prototype_system_id,suction,slot,suction,peel_then_translate,0.39834,1,0.25500,1,1,0,0,0,0.67450,2.10910,0.55829,0.19511,0.55,0.01590,0.17221,0.11507,0.18781,0.39834,0.11066,0.08,0.00000
4,12009,combined_fixture_stress_4_12009_suction,combined_fixture_stress,random_forest_probe_classifier,suction,slot,suction,peel_then_translate,0.78400,1,0.24728,0,0,1,0,1,0.02487,2.32583,0.64236,0.41263,0.55,0.00031,0.02053,0.09150,0.05270,0.78400,0.05097,0.08,0.45000
4,12009,combined_fixture_stress_4_12009_suction,combined_fixture_stress,bayesian_fixture_belief,suction,slot,suction,peel_then_translate,0.31636,1,0.29280,1,1,0,0,0,0.67072,2.11042,0.52563,0.22503,0.55,0.09897,0.14907,0.11917,0.19264,0.31636,0.12379,0.08,0.00000
4,12009,combined_fixture_stress_4_12009_suction,combined_fixture_stress,robust_impedance_planner,suction,slot,suction,cautious_probe_pull,0.38928,1,0.36047,0,1,0,1,1,0.29878,2.81279,0.14902,0.72417,0.55,0.04293,0.17784,0.12670,0.13792,0.38928,0.12532,0.08,1.00000
4,12009,combined_fixture_stress_4_12009_suction,combined_fixture_stress,adaptive_probe_then_act,suction,slot,suction,peel_then_translate,0.51346,1,0.21892,0,0,1,0,0,0.05811,2.32483,0.60656,0.36791,0.55,0.03603,0.12378,0.13716,0.10222,0.51346,0.08734,0.08,0.00000
4,12009,combined_fixture_stress_4_12009_suction,combined_fixture_stress,particle_filter_fixture,suction,slot,suction,peel_then_translate,0.57886,1,0.28000,1,1,0,0,0,0.67200,2.10997,0.55033,0.20220,0.55,0.00671,0.15199,0.09021,0.08073,0.57886,0.09150,0.08,0.00000
4,12009,combined_fixture_stress_4_12009_suction,combined_fixture_stress,latent_fixture_inference_v5,suction,slot,suction,peel_then_translate,0.57081,1,0.17004,1,1,0,0,0,0.68300,2.10612,0.63954,0.12993,0.55,0.03235,0.13235,0.07922,0.10128,0.57081,0.08399,0.08,0.00000
4,12010,combined_fixture_stress_4_12010_tether,combined_fixture_stress,prototype_system_id,tether,unknown,tether,unwind_tether,0.51850,1,0.25000,1,1,0,0,0,0.67500,1.97020,0.53892,0.21259,0.55,0.02740,0.12587,0.12160,0.07142,0.13521,0.51850,0.08,0.00000
4,12010,combined_fixture_stress_4_12010_tether,combined_fixture_stress,calibrated_prototype_system_id,tether,unknown,tether,unwind_tether,0.56973,1,0.25500,1,1,0,0,0,0.67450,1.97038,0.57292,0.18240,0.55,0.03718,0.10796,0.10429,0.06468,0.11616,0.56973,0.08,0.00000
4,12010,combined_fixture_stress_4_12010_tether,combined_fixture_stress,random_forest_probe_classifier,tether,unknown,tether,unwind_tether,0.65039,1,0.25797,1,1,0,0,0,0.67420,1.97048,0.59585,0.16334,0.55,0.00283,0.12993,0.01389,0.01107,0.19189,0.65039,0.08,0.00000
4,12010,combined_fixture_stress_4_12010_tether,combined_fixture_stress,bayesian_fixture_belief,tether,unknown,tether,unwind_tether,0.29472,1,0.29280,1,1,0,0,0,0.67072,1.97170,0.50564,0.24440,0.55,0.11034,0.18976,0.13697,0.12488,0.14334,0.29472,0.08,0.00000
4,12010,combined_fixture_stress_4_12010_tether,combined_fixture_stress,robust_impedance_planner,tether,unknown,tether,unwind_tether,0.48622,1,0.34786,1,1,0,0,0,0.66521,1.97363,0.56809,0.18655,0.55,0.05222,0.13843,0.11564,0.08063,0.12686,0.48622,0.08,0.00000
4,12010,combined_fixture_stress_4_12010_tether,combined_fixture_stress,adaptive_probe_then_act,tether,unknown,tether,unwind_tether,0.59286,1,0.21257,1,0,0,0,0,0.67874,1.96889,0.60614,0.15513,0.55,0.04229,0.10131,0.08170,0.05967,0.12216,0.59286,0.08,0.00000
4,12010,combined_fixture_stress_4_12010_tether,combined_fixture_stress,particle_filter_fixture,tether,unknown,tether,unwind_tether,0.48306,1,0.28000,0,1,0,1,0,0.30240,2.67125,0.51649,0.23378,0.55,0.01601,0.25959,0.08726,0.05231,0.10178,0.48306,0.08,0.55000
4,12010,combined_fixture_stress_4_12010_tether,combined_fixture_stress,latent_fixture_inference_v5,tether,unknown,tether,cautious_probe_pull,0.39704,1,0.18221,0,1,0,1,1,0.30680,2.66783,0.21880,0.61028,0.55,0.04196,0.29603,0.09150,0.06970,0.10376,0.39704,0.08,1.00000
4,12011,combined_fixture_stress_4_12011_free,combined_fixture_stress,prototype_system_id,free,unknown,free,direct_translate,0.84909,1,0.25000,1,1,0,0,0,0.79500,1.77521,0.74024,0.06747,0.55,0.84909,0.00492,0.03789,0.05881,0.02170,0.02759,0.08,0.00000
4,12011,combined_fixture_stress_4_12011_free,combined_fixture_stress,calibrated_prototype_system_id,free,unknown,free,direct_translate,0.81788,1,0.25500,0,1,0,1,0,0.35752,2.47539,0.76053,0.05734,0.55,0.81788,0.02746,0.03888,0.04869,0.03245,0.03465,0.08,0.55000
4,12011,combined_fixture_stress_4_12011_free,combined_fixture_stress,random_forest_probe_classifier,free,unknown,free,direct_translate,0.72499,1,0.25200,1,1,0,0,0,0.79480,1.77528,0.74975,0.06262,0.55,0.72499,0.04495,0.06130,0.10323,0.03475,0.03078,0.08,0.00000
4,12011,combined_fixture_stress_4_12011_free,combined_fixture_stress,bayesian_fixture_belief,free,unknown,free,direct_translate,0.29730,1,0.29280,0,1,0,1,0,0.35582,2.47671,0.62658,0.13944,0.55,0.29730,0.12570,0.14794,0.15760,0.13480,0.13666,0.08,0.55000
4,12011,combined_fixture_stress_4_12011_free,combined_fixture_stress,robust_impedance_planner,free,unknown,free,direct_translate,0.68232,1,0.33395,1,0,0,0,0,0.78660,1.77815,0.74498,0.06504,0.55,0.68232,0.04882,0.06895,0.08167,0.05767,0.06057,0.08,0.00000
4,12011,combined_fixture_stress_4_12011_free,combined_fixture_stress,adaptive_probe_then_act,free,unknown,free,direct_translate,0.73893,1,0.20089,1,1,0,0,0,0.79991,1.77349,0.77640,0.05000,0.55,0.73893,0.04311,0.05584,0.06356,0.04846,0.05009,0.08,0.00000
4,12011,combined_fixture_stress_4_12011_free,combined_fixture_stress,particle_filter_fixture,free,unknown,free,direct_translate,0.60126,1,0.28000,1,1,0,0,0,0.79200,1.77626,0.66973,0.10908,0.55,0.60126,0.06707,0.10480,0.11263,0.05874,0.05550,0.08,0.00000
4,12011,combined_fixture_stress_4_12011_free,combined_fixture_stress,latent_fixture_inference_v5,free,unknown,free,cautious_probe_pull,0.39445,1,0.18239,0,1,0,0,1,0.30679,1.81485,0.45108,0.30131,0.55,0.39445,0.11066,0.14864,0.15288,0.09916,0.09422,0.08,0.45000
4,12012,combined_fixture_stress_4_12012_clamp,combined_fixture_stress,prototype_system_id,clamp,unknown,clamp,release_clamp_pull,0.43447,1,0.25000,0,0,1,0,0,0.17500,2.26951,0.53268,0.28375,0.55,0.00492,0.43447,0.03039,0.03769,0.31118,0.18135,0.08,0.00000
4,12012,combined_fixture_stress_4_12012_clamp,combined_fixture_stress,calibrated_prototype_system_id,clamp,unknown,clamp,release_clamp_pull,0.44311,1,0.25500,1,1,0,0,0,0.79450,2.05268,0.55827,0.19513,0.55,0.02769,0.44311,0.03841,0.04235,0.29280,0.15565,0.08,0.00000
4,12012,combined_fixture_stress_4_12012_clamp,combined_fixture_stress,random_forest_probe_classifier,clamp,unknown,suction,peel_then_translate,0.55945,0,0.80000,0,0,1,1,1,0.00000,3.03076,0.01753,0.00031,0.55,0.00020,0.39133,0.00243,0.00158,0.55945,0.04502,0.08,1.00000
4,12012,combined_fixture_stress_4_12012_clamp,combined_fixture_stress,bayesian_fixture_belief,clamp,unknown,suction,peel_then_translate,0.27770,0,0.79000,0,0,1,1,1,0.00045,3.03041,0.01596,0.00025,0.55,0.10396,0.22764,0.10926,0.10905,0.27770,0.17238,0.08,1.00000
4,12012,combined_fixture_stress_4_12012_clamp,combined_fixture_stress,robust_impedance_planner,clamp,unknown,clamp,cautious_probe_pull,0.38145,1,0.35916,0,0,0,1,0,0.29884,2.79833,0.10761,0.79636,0.55,0.04074,0.38145,0.05294,0.05630,0.30167,0.16689,0.08,0.55000
4,12012,combined_fixture_stress_4_12012_clamp,combined_fixture_stress,adaptive_probe_then_act,clamp,unknown,clamp,release_clamp_pull,0.43045,1,0.22556,0,0,1,0,1,0.07985,2.26865,0.58016,0.33658,0.55,0.03583,0.43045,0.04248,0.04419,0.33008,0.11698,0.08,0.45000
4,12012,combined_fixture_stress_4_12012_clamp,combined_fixture_stress,particle_filter_fixture,clamp,unknown,suction,peel_then_translate,0.44082,0,0.78000,0,0,1,1,0,0.00090,3.03006,0.01687,0.00028,0.55,0.00183,0.35099,0.01672,0.01922,0.44082,0.17042,0.08,0.55000
4,12012,combined_fixture_stress_4_12012_clamp,combined_fixture_stress,latent_fixture_inference_v5,clamp,unknown,suction,peel_then_translate,0.44298,0,0.66000,0,0,1,1,1,0.00630,3.02586,0.01688,0.00028,0.55,0.03193,0.27257,0.04148,0.04153,0.44298,0.16951,0.08,1.00000
4,12013,combined_fixture_stress_4_12013_hinge,combined_fixture_stress,prototype_system_id,hinge,unknown,hinge,pivot_rotate,0.68808,1,0.25000,1,1,0,0,0,0.79500,1.96887,0.60500,0.15602,0.55,0.01934,0.04766,0.68808,0.04911,0.05825,0.13756,0.08,0.00000
4,12013,combined_fixture_stress_4_12013_hinge,combined_fixture_stress,calibrated_prototype_system_id,hinge,unknown,hinge,pivot_rotate,0.71693,1,0.25500,1,1,0,0,0,0.79450,1.96904,0.63660,0.13206,0.55,0.03240,0.04588,0.71693,0.04667,0.05181,0.10631,0.08,0.00000
4,12013,combined_fixture_stress_4_12013_hinge,combined_fixture_stress,random_forest_probe_classifier,hinge,unknown,hinge,pivot_rotate,0.76781,1,0.24858,0,0,1,0,0,0.17514,2.18582,0.65760,0.43244,0.55,0.00493,0.12651,0.76781,0.01509,0.02779,0.05786,0.08,0.00000
4,12013,combined_fixture_stress_4_12013_hinge,combined_fixture_stress,bayesian_fixture_belief,hinge,unknown,hinge,pivot_rotate,0.32502,1,0.29280,1,1,0,0,0,0.79072,1.97036,0.54342,0.20846,0.55,0.11507,0.15224,0.32502,0.12717,0.13536,0.14514,0.08,0.00000
4,12013,combined_fixture_stress_4_12013_hinge,combined_fixture_stress,robust_impedance_planner,hinge,unknown,hinge,pivot_rotate,0.60812,1,0.35156,0,0,1,0,0,0.16484,2.18942,0.62536,0.39107,0.55,0.04989,0.07640,0.60812,0.06756,0.07513,0.12290,0.08,0.00000
4,12013,combined_fixture_stress_4_12013_hinge,combined_fixture_stress,adaptive_probe_then_act,hinge,unknown,hinge,pivot_rotate,0.65329,1,0.20774,0,0,1,0,0,0.17923,2.18439,0.65514,0.42921,0.55,0.04173,0.06047,0.65329,0.05230,0.05741,0.13479,0.08,0.00000
4,12013,combined_fixture_stress_4_12013_hinge,combined_fixture_stress,particle_filter_fixture,hinge,unknown,hinge,pivot_rotate,0.57396,1,0.28000,0,0,1,0,0,0.17200,2.18692,0.56709,0.32159,0.55,0.01465,0.20617,0.57396,0.04408,0.06746,0.09369,0.08,0.00000
4,12013,combined_fixture_stress_4_12013_hinge,combined_fixture_stress,latent_fixture_inference_v5,hinge,unknown,hinge,pivot_rotate,0.43472,1,0.17957,1,1,0,0,0,0.80204,1.96640,0.62627,0.13968,0.55,0.04497,0.25784,0.43472,0.07064,0.09555,0.09628,0.08,0.00000
4,12014,combined_fixture_stress_4_12014_slot,combined_fixture_stress,prototype_system_id,slot,slot,slot,follow_slot_axis,0.81477,1,0.25000,1,1,0,0,0,0.79500,1.85432,0.65696,0.11767,0.55,0.01451,0.01478,0.06348,0.81477,0.04466,0.04779,0.08,0.00000
4,12014,combined_fixture_stress_4_12014_slot,combined_fixture_stress,calibrated_prototype_system_id,slot,slot,slot,follow_slot_axis,0.88135,1,0.25500,0,0,0,0,1,0.35752,1.85449,0.69743,0.09155,0.55,0.01415,0.01424,0.03592,0.88135,0.02642,0.02792,0.08,0.45000
4,12014,combined_fixture_stress_4_12014_slot,combined_fixture_stress,random_forest_probe_classifier,slot,slot,slot,follow_slot_axis,0.77770,1,0.24778,1,1,0,0,0,0.79522,1.85424,0.68791,0.09740,0.55,0.00114,0.20256,0.00600,0.77770,0.00858,0.00401,0.08,0.00000
4,12014,combined_fixture_stress_4_12014_slot,combined_fixture_stress,bayesian_fixture_belief,slot,slot,slot,follow_slot_axis,0.37596,1,0.29280,1,1,0,0,0,0.79072,1.85582,0.57774,0.17831,0.55,0.11473,0.13525,0.12659,0.37596,0.12531,0.12216,0.08,0.00000
4,12014,combined_fixture_stress_4_12014_slot,combined_fixture_stress,robust_impedance_planner,slot,slot,slot,follow_slot_axis,0.69699,1,0.34114,1,1,0,0,0,0.78589,1.85751,0.67315,0.10683,0.55,0.04763,0.05552,0.07259,0.69699,0.06355,0.06373,0.08,0.00000
4,12014,combined_fixture_stress_4_12014_slot,combined_fixture_stress,adaptive_probe_then_act,slot,slot,slot,follow_slot_axis,0.75820,1,0.19934,0,0,1,0,0,0.18007,2.06954,0.70677,0.49952,0.55,0.04060,0.04762,0.05448,0.75820,0.04975,0.04936,0.08,0.00000
4,12014,combined_fixture_stress_4_12014_slot,combined_fixture_stress,particle_filter_fixture,slot,slot,slot,follow_slot_axis,0.59773,1,0.28000,1,1,0,0,0,0.79200,1.85537,0.59799,0.16161,0.55,0.00672,0.30122,0.03695,0.59773,0.03127,0.02612,0.08,0.00000
4,12014,combined_fixture_stress_4_12014_slot,combined_fixture_stress,latent_fixture_inference_v5,slot,slot,slot,follow_slot_axis,0.42636,1,0.18015,1,1,0,0,0,0.80198,1.85187,0.64956,0.12281,0.55,0.03784,0.36940,0.05799,0.42636,0.05807,0.05034,0.08,0.00000
4,12015,combined_fixture_stress_4_12015_suction,combined_fixture_stress,prototype_system_id,suction,unknown,suction,peel_then_translate,0.37968,1,0.25000,1,1,0,0,0,0.67500,1.92845,0.53124,0.21974,0.55,0.00447,0.33968,0.05700,0.08317,0.37968,0.13599,0.08,0.00000
4,12015,combined_fixture_stress_4_12015_suction,combined_fixture_stress,calibrated_prototype_system_id,suction,unknown,suction,peel_then_translate,0.38794,1,0.25500,1,1,0,0,0,0.67450,1.92862,0.55634,0.19684,0.55,0.02760,0.33783,0.05505,0.07379,0.38794,0.11780,0.08,0.00000
4,12015,combined_fixture_stress_4_12015_suction,combined_fixture_stress,random_forest_probe_classifier,suction,unknown,suction,peel_then_translate,0.81463,1,0.24483,0,0,1,0,0,0.05552,2.14527,0.64893,0.42111,0.55,0.00041,0.11624,0.00401,0.01036,0.81463,0.05436,0.08,0.00000
4,12015,combined_fixture_stress_4_12015_suction,combined_fixture_stress,bayesian_fixture_belief,suction,unknown,suction,peel_then_translate,0.32517,1,0.29280,0,0,1,0,0,0.05072,2.14695,0.52723,0.27797,0.55,0.10452,0.19408,0.11512,0.12579,0.32517,0.13533,0.08,0.00000
4,12015,combined_fixture_stress_4_12015_suction,combined_fixture_stress,robust_impedance_planner,suction,unknown,suction,cautious_probe_pull,0.38007,1,0.34406,0,0,1,0,1,0.02052,2.14874,0.15262,0.02329,0.55,0.04084,0.29763,0.06901,0.08790,0.38007,0.12455,0.08,0.45000
4,12015,combined_fixture_stress_4_12015_suction,combined_fixture_stress,adaptive_probe_then_act,suction,unknown,suction,peel_then_translate,0.42219,1,0.22622,1,1,0,0,0,0.67738,1.92762,0.58678,0.17075,0.55,0.03597,0.32202,0.05200,0.08057,0.42219,0.08725,0.08,0.00000
4,12015,combined_fixture_stress_4_12015_suction,combined_fixture_stress,particle_filter_fixture,suction,unknown,suction,peel_then_translate,0.55089,1,0.28000,1,1,0,0,0,0.67200,1.92950,0.54544,0.20662,0.55,0.00200,0.26301,0.03369,0.05828,0.55089,0.09213,0.08,0.00000
4,12015,combined_fixture_stress_4_12015_suction,combined_fixture_stress,latent_fixture_inference_v5,suction,unknown,suction,peel_then_translate,0.54628,1,0.17176,1,1,0,0,0,0.68282,1.92571,0.63409,0.13389,0.55,0.03240,0.20709,0.05186,0.07192,0.54628,0.09044,0.08,0.00000
5,12008,combined_fixture_stress_5_12008_tether,combined_fixture_stress,prototype_system_id,tether,unknown,tether,unwind_tether,0.42270,1,0.25000,0,0,1,0,0,0.05500,2.21077,0.52221,0.27270,0.55,0.03279,0.09754,0.20453,0.11552,0.12692,0.42270,0.08,0.00000
5,12008,combined_fixture_stress_5_12008_tether,combined_fixture_stress,calibrated_prototype_system_id,tether,unknown,tether,unwind_tether,0.46314,1,0.25500,1,1,0,0,0,0.67450,1.99394,0.55348,0.19938,0.55,0.04081,0.08771,0.19149,0.10327,0.11357,0.46314,0.08,0.00000
5,12008,combined_fixture_stress_5_12008_tether,combined_fixture_stress,random_forest_probe_classifier,tether,unknown,tether,unwind_tether,0.52167,1,0.26827,1,1,0,0,0,0.67317,1.99441,0.56937,0.18544,0.55,0.00198,0.12888,0.22996,0.01506,0.10246,0.52167,0.08,0.00000
5,12008,combined_fixture_stress_5_12008_tether,combined_fixture_stress,bayesian_fixture_belief,tether,unknown,tether,unwind_tether,0.27714,1,0.29280,0,0,1,0,0,0.05072,2.21226,0.50254,0.25254,0.55,0.11158,0.17900,0.15143,0.13911,0.14173,0.27714,0.08,0.00000
5,12008,combined_fixture_stress_5_12008_tether,combined_fixture_stress,robust_impedance_planner,tether,unknown,tether,cautious_probe_pull,0.40672,1,0.35000,0,0,1,0,1,0.02025,2.21427,0.18587,0.03455,0.55,0.05565,0.11823,0.18166,0.11461,0.12313,0.40672,0.08,0.45000
5,12008,combined_fixture_stress_5_12008_tether,combined_fixture_stress,adaptive_probe_then_act,tether,unknown,tether,unwind_tether,0.47281,1,0.22218,0,0,1,0,0,0.05778,2.20979,0.58069,0.33720,0.55,0.04435,0.08849,0.22486,0.08197,0.08752,0.47281,0.08,0.00000
5,12008,combined_fixture_stress_5_12008_tether,combined_fixture_stress,particle_filter_fixture,tether,unknown,tether,unwind_tether,0.41648,1,0.28000,1,1,0,0,0,0.67200,1.99482,0.50523,0.24480,0.55,0.01785,0.24141,0.14320,0.08654,0.09452,0.41648,0.08,0.00000
5,12008,combined_fixture_stress_5_12008_tether,combined_fixture_stress,latent_fixture_inference_v5,tether,unknown,tether,cautious_probe_pull,0.36117,1,0.18472,0,0,0,0,1,0.30669,1.99148,0.21553,0.61539,0.55,0.04226,0.28395,0.12118,0.09332,0.09812,0.36117,0.08,0.45000
5,12009,combined_fixture_stress_5_12009_free,combined_fixture_stress,prototype_system_id,free,hinge,free,direct_translate,0.59678,1,0.25000,1,1,0,0,0,0.79500,1.90355,0.68564,0.09882,0.55,0.59678,0.01494,0.10153,0.14103,0.05622,0.08951,0.08,0.00000
5,12009,combined_fixture_stress_5_12009_free,combined_fixture_stress,calibrated_prototype_system_id,free,hinge,free,direct_translate,0.62608,1,0.25500,1,1,0,0,0,0.79450,1.90372,0.71749,0.07981,0.55,0.62608,0.01504,0.16385,0.09953,0.03654,0.05896,0.08,0.00000
5,12009,combined_fixture_stress_5_12009_free,combined_fixture_stress,random_forest_probe_classifier,free,hinge,free,direct_translate,0.67757,1,0.25579,1,1,0,0,0,0.79442,1.90375,0.73793,0.06868,0.55,0.67757,0.04417,0.10214,0.11286,0.03424,0.02902,0.08,0.00000
5,12009,combined_fixture_stress_5_12009_free,combined_fixture_stress,bayesian_fixture_belief,free,hinge,hinge,pivot_rotate,0.22589,0,0.79000,0,0,1,1,1,0.05445,2.83945,0.01566,0.00025,0.55,0.22293,0.11434,0.22589,0.17065,0.12924,0.13695,0.08,1.00000
5,12009,combined_fixture_stress_5_12009_free,combined_fixture_stress,robust_impedance_planner,free,hinge,free,direct_translate,0.51188,1,0.34562,1,1,0,0,0,0.78544,1.90689,0.70293,0.08825,0.55,0.51188,0.04816,0.13486,0.13811,0.07292,0.09407,0.08,0.00000
5,12009,combined_fixture_stress_5_12009_free,combined_fixture_stress,adaptive_probe_then_act,free,hinge,free,direct_translate,0.55179,1,0.21586,1,1,0,0,0,0.79841,1.90235,0.72858,0.07367,0.55,0.55179,0.04087,0.11915,0.16410,0.05566,0.06842,0.08,0.00000
5,12009,combined_fixture_stress_5_12009_free,combined_fixture_stress,particle_filter_fixture,free,hinge,free,direct_translate,0.44773,1,0.28000,1,1,0,0,0,0.79200,1.90460,0.63732,0.13154,0.55,0.44773,0.07024,0.13855,0.17871,0.07668,0.08809,0.08,0.00000
5,12009,combined_fixture_stress_5_12009_free,combined_fixture_stress,latent_fixture_inference_v5,free,hinge,free,cautious_probe_pull,0.30284,1,0.18880,0,1,0,0,1,0.30650,1.94340,0.43560,0.31854,0.55,0.30284,0.10753,0.18380,0.19541,0.10424,0.10618,0.08,0.45000
5,12010,combined_fixture_stress_5_12010_clamp,combined_fixture_stress,prototype_system_id,clamp,unknown,suction,peel_then_translate,0.40810,0,0.82000,0,0,1,1,1,0.00000,2.89521,0.01669,0.00028,0.55,0.00851,0.31481,0.05917,0.05558,0.40810,0.15383,0.08,1.00000
5,12010,combined_fixture_stress_5_12010_clamp,combined_fixture_stress,calibrated_prototype_system_id,clamp,unknown,suction,peel_then_translate,0.42185,0,0.74000,0,0,1,1,0,0.00270,2.89311,0.01676,0.00028,0.55,0.02887,0.30566,0.05630,0.05391,0.42185,0.13342,0.08,0.55000
5,12010,combined_fixture_stress_5_12010_clamp,combined_fixture_stress,random_forest_probe_classifier,clamp,unknown,suction,peel_then_translate,0.67396,0,0.80000,0,0,1,1,1,0.00000,2.89521,0.01817,0.00033,0.55,0.00022,0.24698,0.04936,0.00251,0.67396,0.02698,0.08,1.00000
5,12010,combined_fixture_stress_5_12010_clamp,combined_fixture_stress,bayesian_fixture_belief,clamp,unknown,suction,peel_then_translate,0.32798,0,0.79000,0,0,1,1,0,0.00045,2.89486,0.01624,0.00026,0.55,0.10361,0.18768,0.11628,0.11181,0.32798,0.15262,0.08,0.55000
5,12010,combined_fixture_stress_5_12010_clamp,combined_fixture_stress,robust_impedance_planner,clamp,unknown,suction,cautious_probe_pull,0.40363,0,0.86000,0,0,1,1,0,0.00000,2.89521,0.01666,0.00028,0.55,0.04184,0.27447,0.07052,0.06688,0.40363,0.14266,0.08,0.55000
5,12010,combined_fixture_stress_5_12010_clamp,combined_fixture_stress,adaptive_probe_then_act,clamp,unknown,suction,peel_then_translate,0.47142,0,0.70000,0,0,1,1,1,0.00450,2.89171,0.01704,0.00029,0.55,0.03624,0.28883,0.05296,0.05036,0.47142,0.10020,0.08,1.00000
5,12010,combined_fixture_stress_5_12010_clamp,combined_fixture_stress,particle_filter_fixture,clamp,unknown,suction,peel_then_translate,0.55718,0,0.78000,0,0,1,1,0,0.00090,2.89451,0.01752,0.00031,0.55,0.00333,0.24416,0.03753,0.03062,0.55718,0.12719,0.08,0.55000
5,12010,combined_fixture_stress_5_12010_clamp,combined_fixture_stress,latent_fixture_inference_v5,clamp,unknown,suction,peel_then_translate,0.54119,0,0.66000,0,0,1,0,1,0.00630,2.19031,0.01743,0.00030,0.55,0.03238,0.19582,0.05565,0.04806,0.54119,0.12692,0.08,0.45000
5,12011,combined_fixture_stress_5_12011_hinge,combined_fixture_stress,prototype_system_id,hinge,unknown,hinge,pivot_rotate,0.61334,1,0.25000,0,1,0,0,1,0.35775,1.99593,0.59113,0.16717,0.55,0.02962,0.03960,0.61334,0.17087,0.06037,0.08620,0.08,0.45000
5,12011,combined_fixture_stress_5_12011_hinge,combined_fixture_stress,calibrated_prototype_system_id,hinge,unknown,hinge,pivot_rotate,0.65397,1,0.25500,1,1,0,0,0,0.79450,1.99611,0.62441,0.14107,0.55,0.03743,0.04256,0.65397,0.13963,0.05464,0.07178,0.08,0.00000
5,12011,combined_fixture_stress_5_12011_hinge,combined_fixture_stress,random_forest_probe_classifier,hinge,unknown,hinge,pivot_rotate,0.52659,1,0.26787,0,0,1,1,0,0.07794,2.91356,0.60508,0.36612,0.55,0.04684,0.12089,0.52659,0.27052,0.02192,0.01325,0.08,0.55000
5,12011,combined_fixture_stress_5_12011_hinge,combined_fixture_stress,bayesian_fixture_belief,hinge,unknown,hinge,pivot_rotate,0.28202,1,0.29280,0,0,1,0,0,0.17072,2.21443,0.53536,0.28661,0.55,0.11653,0.14772,0.28202,0.18377,0.13454,0.13543,0.08,0.00000
5,12011,combined_fixture_stress_5_12011_hinge,combined_fixture_stress,robust_impedance_planner,hinge,unknown,hinge,pivot_rotate,0.54406,1,0.35402,1,1,0,0,0,0.78460,1.99958,0.61211,0.15046,0.55,0.05504,0.07148,0.54406,0.16145,0.07681,0.09116,0.08,0.00000
5,12011,combined_fixture_stress_5_12011_hinge,combined_fixture_stress,adaptive_probe_then_act,hinge,unknown,hinge,pivot_rotate,0.59373,1,0.21250,1,1,0,0,0,0.79875,1.99462,0.64177,0.12833,0.55,0.04451,0.05743,0.59373,0.17946,0.05842,0.06647,0.08,0.00000
5,12011,combined_fixture_stress_5_12011_hinge,combined_fixture_stress,particle_filter_fixture,hinge,unknown,hinge,pivot_rotate,0.49151,1,0.28000,1,1,0,0,0,0.79200,1.99698,0.55222,0.20050,0.55,0.01741,0.19428,0.49151,0.17330,0.06074,0.06276,0.08,0.00000
5,12011,combined_fixture_stress_5_12011_hinge,combined_fixture_stress,latent_fixture_inference_v5,hinge,unknown,hinge,cautious_probe_pull,0.36214,1,0.18465,0,0,1,0,0,0.06153,2.25265,0.08420,0.00709,0.55,0.04479,0.24604,0.36214,0.18111,0.08674,0.07918,0.08,0.00000
5,12012,combined_fixture_stress_5_12012_slot,combined_fixture_stress,prototype_system_id,slot,unknown,slot,follow_slot_axis,0.58944,1,0.25000,0,1,0,0,1,0.35775,2.02858,0.61325,0.14958,0.55,0.06347,0.03113,0.10175,0.58944,0.12449,0.08973,0.08,0.45000
5,12012,combined_fixture_stress_5_12012_slot,combined_fixture_stress,calibrated_prototype_system_id,slot,unknown,slot,follow_slot_axis,0.64042,1,0.25500,1,1,0,0,0,0.79450,2.02876,0.64877,0.12336,0.55,0.05754,0.03854,0.08482,0.64042,0.10289,0.07580,0.08,0.00000
5,12012,combined_fixture_stress_5_12012_slot,combined_fixture_stress,random_forest_probe_classifier,slot,unknown,slot,follow_slot_axis,0.67199,1,0.25624,1,1,0,0,0,0.79438,2.02880,0.66389,0.11297,0.55,0.00262,0.20476,0.05406,0.67199,0.01543,0.05115,0.08,0.00000
5,12012,combined_fixture_stress_5_12012_slot,combined_fixture_stress,bayesian_fixture_belief,slot,unknown,slot,follow_slot_axis,0.24794,1,0.29280,0,0,1,0,0,0.17072,2.24708,0.55264,0.30541,0.55,0.13243,0.16544,0.14994,0.24794,0.16015,0.14410,0.08,0.00000
5,12012,combined_fixture_stress_5_12012_slot,combined_fixture_stress,robust_impedance_planner,slot,unknown,slot,follow_slot_axis,0.51899,1,0.35698,1,1,0,0,0,0.78430,2.03233,0.63238,0.13515,0.55,0.07819,0.07454,0.10660,0.51899,0.12436,0.09732,0.08,0.00000
5,12012,combined_fixture_stress_5_12012_slot,combined_fixture_stress,adaptive_probe_then_act,slot,unknown,slot,follow_slot_axis,0.62540,1,0.20997,1,1,0,0,0,0.79900,2.02718,0.67573,0.10515,0.55,0.07547,0.06164,0.07730,0.62540,0.08895,0.07124,0.08,0.00000
5,12012,combined_fixture_stress_5_12012_slot,combined_fixture_stress,particle_filter_fixture,slot,unknown,slot,follow_slot_axis,0.43654,1,0.28000,1,1,0,0,0,0.79200,2.02963,0.56758,0.18699,0.55,0.03469,0.31275,0.06877,0.43654,0.08996,0.05728,0.08,0.00000
5,12012,combined_fixture_stress_5_12012_slot,combined_fixture_stress,latent_fixture_inference_v5,slot,unknown,clamp,cautious_probe_pull,0.38526,0,0.66000,0,0,1,1,1,0.00630,3.00193,0.16549,0.02739,0.55,0.05591,0.38526,0.08363,0.30038,0.10080,0.07402,0.08,1.00000
5,12013,combined_fixture_stress_5_12013_suction,combined_fixture_stress,prototype_system_id,suction,unknown,suction,peel_then_translate,0.46481,1,0.25000,1,1,0,0,0,0.67500,2.05167,0.54656,0.20561,0.55,0.01900,0.18385,0.06756,0.12773,0.46481,0.13705,0.08,0.00000
5,12013,combined_fixture_stress_5_12013_suction,combined_fixture_stress,calibrated_prototype_system_id,suction,unknown,suction,peel_then_translate,0.50715,1,0.25500,1,1,0,0,0,0.67450,2.05184,0.57875,0.17745,0.55,0.03326,0.16513,0.06282,0.11161,0.50715,0.12003,0.08,0.00000
5,12013,combined_fixture_stress_5_12013_suction,combined_fixture_stress,random_forest_probe_classifier,suction,unknown,suction,peel_then_translate,0.79516,1,0.24639,1,1,0,0,0,0.67536,2.05154,0.64475,0.12620,0.55,0.00031,0.06145,0.04551,0.09042,0.79516,0.00715,0.08,0.00000
5,12013,combined_fixture_stress_5_12013_suction,combined_fixture_stress,bayesian_fixture_belief,suction,unknown,suction,peel_then_translate,0.37363,1,0.29280,1,1,0,0,0,0.67072,2.05316,0.53605,0.21525,0.55,0.10594,0.15272,0.11378,0.12286,0.37363,0.13107,0.08,0.00000
5,12013,combined_fixture_stress_5_12013_suction,combined_fixture_stress,robust_impedance_planner,suction,unknown,suction,cautious_probe_pull,0.47395,1,0.35527,0,0,1,1,0,0.02001,2.97235,0.15461,0.02391,0.55,0.04692,0.16488,0.07467,0.11515,0.47395,0.12442,0.08,0.55000
5,12013,combined_fixture_stress_5_12013_suction,combined_fixture_stress,adaptive_probe_then_act,suction,unknown,suction,peel_then_translate,0.55846,1,0.21532,1,1,0,0,0,0.67847,2.05045,0.61635,0.14719,0.55,0.03902,0.14751,0.05506,0.09668,0.55846,0.10328,0.08,0.00000
5,12013,combined_fixture_stress_5_12013_suction,combined_fixture_stress,particle_filter_fixture,suction,unknown,suction,peel_then_translate,0.65479,1,0.28000,1,1,0,0,0,0.67200,2.05272,0.56359,0.19045,0.55,0.00827,0.13530,0.03710,0.07649,0.65479,0.08806,0.08,0.00000
5,12013,combined_fixture_stress_5_12013_suction,combined_fixture_stress,latent_fixture_inference_v5,suction,unknown,suction,peel_then_translate,0.63505,1,0.16555,1,1,0,0,0,0.68345,2.04871,0.65382,0.11984,0.55,0.03501,0.12251,0.05096,0.07258,0.63505,0.08390,0.08,0.00000
5,12014,combined_fixture_stress_5_12014_tether,combined_fixture_stress,prototype_system_id,tether,unknown,tether,unwind_tether,0.40394,1,0.25000,1,1,0,0,0,0.67500,2.05156,0.51894,0.23142,0.55,0.02997,0.12999,0.21526,0.13192,0.08892,0.40394,0.08,0.00000
5,12014,combined_fixture_stress_5_12014_tether,combined_fixture_stress,calibrated_prototype_system_id,tether,unknown,tether,unwind_tether,0.43984,1,0.25500,1,1,0,0,0,0.67450,2.05174,0.54923,0.20319,0.55,0.03928,0.11695,0.20427,0.11875,0.08091,0.43984,0.08,0.00000
5,12014,combined_fixture_stress_5_12014_tether,combined_fixture_stress,random_forest_probe_classifier,tether,unknown,tether,unwind_tether,0.55322,1,0.26574,0,0,1,0,0,0.05343,2.26911,0.57584,0.33159,0.55,0.00192,0.12580,0.27171,0.03189,0.01546,0.55322,0.08,0.00000
5,12014,combined_fixture_stress_5_12014_tether,combined_fixture_stress,bayesian_fixture_belief,tether,unknown,tether,unwind_tether,0.26001,1,0.29280,0,1,0,1,1,0.30182,2.75306,0.49951,0.25049,0.55,0.11032,0.19291,0.14903,0.15483,0.13289,0.26001,0.08,1.00000
5,12014,combined_fixture_stress_5_12014_tether,combined_fixture_stress,robust_impedance_planner,tether,unknown,tether,cautious_probe_pull,0.38491,1,0.35526,0,0,1,1,1,0.02001,2.97225,0.18321,0.03356,0.55,0.05383,0.14487,0.18920,0.13170,0.09549,0.38491,0.08,1.00000
5,12014,combined_fixture_stress_5_12014_tether,combined_fixture_stress,adaptive_probe_then_act,tether,unknown,tether,unwind_tether,0.48937,1,0.22085,1,1,0,0,0,0.67791,2.05054,0.58419,0.17290,0.55,0.04323,0.10645,0.18043,0.11078,0.06974,0.48937,0.08,0.00000
5,12014,combined_fixture_stress_5_12014_tether,combined_fixture_stress,particle_filter_fixture,tether,unknown,tether,unwind_tether,0.38475,1,0.28000,0,0,1,0,1,0.02340,2.26961,0.49987,0.24987,0.55,0.01632,0.25801,0.14855,0.12204,0.07034,0.38475,0.08,0.45000
5,12014,combined_fixture_stress_5_12014_tether,combined_fixture_stress,latent_fixture_inference_v5,tether,unknown,tether,cautious_probe_pull,0.32959,1,0.18693,0,0,0,1,1,0.30659,2.74936,0.21267,0.61988,0.55,0.04121,0.29282,0.12154,0.13029,0.08455,0.32959,0.08,1.00000
5,12015,combined_fixture_stress_5_12015_free,combined_fixture_stress,prototype_system_id,free,suction,free,direct_translate,0.95396,1,0.25000,1,1,0,0,0,0.79500,1.97235,0.76294,0.05620,0.55,0.95396,0.00202,0.01505,0.01178,0.00471,0.01247,0.08,0.00000
5,12015,combined_fixture_stress_5_12015_free,combined_fixture_stress,calibrated_prototype_system_id,free,suction,free,direct_translate,0.84184,1,0.25500,1,1,0,0,0,0.79450,1.97253,0.76591,0.05480,0.55,0.84184,0.01088,0.01385,0.01296,0.10734,0.01314,0.08,0.00000
5,12015,combined_fixture_stress_5_12015_free,combined_fixture_stress,random_forest_probe_classifier,free,suction,free,direct_translate,0.76715,1,0.24863,1,1,0,0,0,0.79514,1.97230,0.76028,0.05746,0.55,0.76715,0.03619,0.06305,0.04405,0.05444,0.03513,0.08,0.00000
5,12015,combined_fixture_stress_5_12015_free,combined_fixture_stress,bayesian_fixture_belief,free,suction,free,direct_translate,0.29280,1,0.29280,1,1,0,0,0,0.79072,1.97385,0.62560,0.14018,0.55,0.29280,0.11913,0.13045,0.12659,0.20500,0.12603,0.08,0.00000
5,12015,combined_fixture_stress_5_12015_free,combined_fixture_stress,robust_impedance_planner,free,suction,free,direct_translate,0.72032,1,0.35187,1,0,0,0,0,0.78481,1.97592,0.74872,0.06314,0.55,0.72032,0.04560,0.05339,0.05094,0.07882,0.05093,0.08,0.00000
5,12015,combined_fixture_stress_5_12015_free,combined_fixture_stress,adaptive_probe_then_act,free,suction,free,direct_translate,0.75548,1,0.19956,1,0,0,0,0,0.80004,1.97059,0.78065,0.04811,0.55,0.75548,0.04062,0.04581,0.04409,0.07002,0.04399,0.08,0.00000
5,12015,combined_fixture_stress_5_12015_free,combined_fixture_stress,particle_filter_fixture,free,suction,free,direct_translate,0.64552,1,0.28000,1,1,0,0,0,0.79200,1.97340,0.67907,0.10299,0.55,0.64552,0.05331,0.09704,0.06806,0.08080,0.05527,0.08,0.00000
5,12015,combined_fixture_stress_5_12015_free,combined_fixture_stress,latent_fixture_inference_v5,free,suction,free,cautious_probe_pull,0.40766,1,0.18146,1,1,0,0,0,0.68185,2.01195,0.45333,0.29885,0.55,0.40766,0.09425,0.14245,0.11020,0.14973,0.09570,0.08,0.00000
6,12008,combined_fixture_stress_6_12008_clamp,combined_fixture_stress,prototype_system_id,clamp,unknown,clamp,release_clamp_pull,0.31048,1,0.25000,0,0,0,1,0,0.35775,2.60351,0.51071,0.23941,0.55,0.00937,0.31048,0.07150,0.12474,0.25399,0.22993,0.08,0.55000
6,12008,combined_fixture_stress_6_12008_clamp,combined_fixture_stress,calibrated_prototype_system_id,clamp,unknown,clamp,release_clamp_pull,0.31883,1,0.25500,0,0,1,0,0,0.17450,2.12069,0.53525,0.28650,0.55,0.02933,0.31883,0.06742,0.11264,0.24983,0.22195,0.08,0.00000
6,12008,combined_fixture_stress_6_12008_clamp,combined_fixture_stress,random_forest_probe_classifier,clamp,unknown,clamp,release_clamp_pull,0.54714,1,0.26623,1,0,0,0,0,0.79338,1.90408,0.58333,0.17362,0.55,0.00044,0.54714,0.00497,0.14712,0.24103,0.05929,0.08,0.00000
6,12008,combined_fixture_stress_6_12008_clamp,combined_fixture_stress,bayesian_fixture_belief,clamp,unknown,suction,peel_then_translate,0.22962,0,0.79000,0,0,1,1,1,0.00045,2.88141,0.01569,0.00025,0.55,0.10255,0.22194,0.11577,0.13662,0.22962,0.19351,0.08,1.00000
6,12008,combined_fixture_stress_6_12008_clamp,combined_fixture_stress,robust_impedance_planner,clamp,unknown,clamp,cautious_probe_pull,0.29217,1,0.34561,0,0,1,1,1,0.02045,2.86586,0.10761,0.01158,0.55,0.04185,0.29217,0.07852,0.12010,0.24985,0.21751,0.08,1.00000
6,12008,combined_fixture_stress_6_12008_clamp,combined_fixture_stress,adaptive_probe_then_act,clamp,unknown,clamp,cautious_probe_pull,0.37229,1,0.23022,0,0,1,1,0,0.02564,2.86182,0.12268,0.01505,0.55,0.03609,0.37229,0.05781,0.13476,0.22844,0.17061,0.08,0.55000
6,12008,combined_fixture_stress_6_12008_clamp,combined_fixture_stress,particle_filter_fixture,clamp,unknown,suction,peel_then_translate,0.32270,0,0.78000,0,0,1,0,0,0.00200,2.18106,0.01621,0.00026,0.55,0.00411,0.30353,0.04437,0.09497,0.32270,0.23032,0.08,0.00000
6,12008,combined_fixture_stress_6_12008_clamp,combined_fixture_stress,latent_fixture_inference_v5,clamp,unknown,suction,cautious_probe_pull,0.32097,0,0.66000,0,0,1,1,0,0.00630,2.87686,0.02422,0.00059,0.55,0.03259,0.27184,0.05780,0.09799,0.32097,0.21881,0.08,0.55000
6,12009,combined_fixture_stress_6_12009_hinge,combined_fixture_stress,prototype_system_id,hinge,unknown,hinge,pivot_rotate,0.49926,1,0.25000,1,1,0,0,0,0.79500,1.92551,0.56996,0.18494,0.55,0.07245,0.04773,0.49926,0.17125,0.09045,0.11885,0.08,0.00000
6,12009,combined_fixture_stress_6_12009_hinge,combined_fixture_stress,calibrated_prototype_system_id,hinge,unknown,hinge,pivot_rotate,0.55071,1,0.25500,1,0,0,0,0,0.79450,1.92568,0.60442,0.15648,0.55,0.06601,0.04914,0.55071,0.15141,0.07965,0.10309,0.08,0.00000
6,12009,combined_fixture_stress_6_12009_hinge,combined_fixture_stress,random_forest_probe_classifier,hinge,unknown,hinge,pivot_rotate,0.49280,1,0.27058,1,1,0,0,0,0.79294,1.92623,0.59778,0.16178,0.55,0.00401,0.13365,0.49280,0.19858,0.11494,0.05602,0.08,0.00000
6,12009,combined_fixture_stress_6_12009_hinge,combined_fixture_stress,bayesian_fixture_belief,hinge,unknown,hinge,pivot_rotate,0.27326,1,0.29280,0,0,1,0,0,0.17072,2.14401,0.53371,0.28485,0.55,0.12260,0.15460,0.27326,0.16330,0.14569,0.14056,0.08,0.00000
6,12009,combined_fixture_stress_6_12009_hinge,combined_fixture_stress,robust_impedance_planner,hinge,unknown,hinge,cautious_probe_pull,0.46459,1,0.34761,1,0,0,0,0,0.66524,1.97092,0.05408,0.89477,0.55,0.08068,0.07922,0.46459,0.15961,0.10007,0.11584,0.08,0.00000
6,12009,combined_fixture_stress_6_12009_hinge,combined_fixture_stress,adaptive_probe_then_act,hinge,unknown,hinge,pivot_rotate,0.52757,1,0.21779,1,1,0,0,0,0.79822,1.92438,0.62698,0.13914,0.55,0.05950,0.06275,0.52757,0.16136,0.08998,0.09884,0.08,0.00000
6,12009,combined_fixture_stress_6_12009_hinge,combined_fixture_stress,particle_filter_fixture,hinge,unknown,hinge,pivot_rotate,0.43041,1,0.28000,0,1,0,1,1,0.35640,2.62656,0.54121,0.21049,0.55,0.04284,0.21812,0.43041,0.13607,0.08863,0.08393,0.08,1.00000
6,12009,combined_fixture_stress_6_12009_hinge,combined_fixture_stress,latent_fixture_inference_v5,hinge,unknown,hinge,cautious_probe_pull,0.34075,1,0.18615,0,0,1,1,0,0.02763,2.88227,0.08322,0.00693,0.55,0.05803,0.27102,0.34075,0.13203,0.10831,0.08986,0.08,0.55000
6,12010,combined_fixture_stress_6_12010_slot,combined_fixture_stress,prototype_system_id,slot,unknown,slot,follow_slot_axis,0.58730,1,0.25000,1,1,0,0,0,0.79500,1.99371,0.61283,0.14990,0.55,0.01750,0.03493,0.19820,0.58730,0.06602,0.09605,0.08,0.00000
6,12010,combined_fixture_stress_6_12010_slot,combined_fixture_stress,calibrated_prototype_system_id,slot,unknown,slot,follow_slot_axis,0.62411,1,0.25500,1,1,0,0,0,0.79450,1.99388,0.64547,0.12569,0.55,0.03203,0.04022,0.16581,0.62411,0.05851,0.07932,0.08,0.00000
6,12010,combined_fixture_stress_6_12010_slot,combined_fixture_stress,random_forest_probe_classifier,slot,unknown,slot,follow_slot_axis,0.58501,1,0.26320,0,0,0,1,1,0.35716,2.69417,0.64424,0.12656,0.55,0.00113,0.21861,0.18144,0.58501,0.00967,0.00413,0.08,1.00000
6,12010,combined_fixture_stress_6_12010_slot,combined_fixture_stress,bayesian_fixture_belief,slot,unknown,slot,follow_slot_axis,0.25122,1,0.29280,1,1,0,0,0,0.79072,1.99520,0.55329,0.19955,0.55,0.12632,0.17320,0.16323,0.25122,0.14402,0.14202,0.08,0.00000
6,12010,combined_fixture_stress_6_12010_slot,combined_fixture_stress,robust_impedance_planner,slot,unknown,slot,follow_slot_axis,0.51184,1,0.35381,0,0,1,0,0,0.16462,2.21434,0.63174,0.39909,0.55,0.05368,0.07904,0.17241,0.51184,0.08352,0.09950,0.08,0.00000
6,12010,combined_fixture_stress_6_12010_slot,combined_fixture_stress,adaptive_probe_then_act,slot,unknown,slot,follow_slot_axis,0.55328,1,0.21574,1,1,0,0,0,0.79843,1.99251,0.65897,0.11630,0.55,0.04539,0.06504,0.20078,0.55328,0.06339,0.07212,0.08,0.00000
6,12010,combined_fixture_stress_6_12010_slot,combined_fixture_stress,particle_filter_fixture,slot,unknown,slot,follow_slot_axis,0.43027,1,0.28000,0,0,1,0,0,0.17200,2.21176,0.56640,0.32081,0.55,0.00847,0.33476,0.12504,0.43027,0.04608,0.05538,0.08,0.00000
6,12010,combined_fixture_stress_6_12010_slot,combined_fixture_stress,latent_fixture_inference_v5,slot,unknown,clamp,cautious_probe_pull,0.41063,0,0.66000,0,0,1,1,0,0.00630,2.96706,0.16691,0.02786,0.55,0.04201,0.41063,0.10989,0.29725,0.07117,0.06904,0.08,0.55000
6,12011,combined_fixture_stress_6_12011_suction,combined_fixture_stress,prototype_system_id,suction,tether,suction,peel_then_translate,0.55430,1,0.25000,0,0,1,0,1,0.02475,2.17454,0.56267,0.31660,0.55,0.01229,0.13413,0.06926,0.11323,0.55430,0.11679,0.08,0.45000
6,12011,combined_fixture_stress_6_12011_suction,combined_fixture_stress,calibrated_prototype_system_id,suction,tether,suction,peel_then_translate,0.58637,1,0.25500,0,0,1,0,0,0.05450,2.17472,0.59364,0.35241,0.55,0.01414,0.09648,0.04603,0.07904,0.58637,0.17793,0.08,0.00000
6,12011,combined_fixture_stress_6_12011_suction,combined_fixture_stress,random_forest_probe_classifier,suction,tether,suction,peel_then_translate,0.95659,1,0.23347,0,0,1,0,0,0.05665,2.17396,0.67950,0.46172,0.55,0.00032,0.02192,0.00254,0.00274,0.95659,0.01590,0.08,0.00000
6,12011,combined_fixture_stress_6_12011_suction,combined_fixture_stress,bayesian_fixture_belief,suction,tether,suction,peel_then_translate,0.36252,1,0.29280,0,0,1,0,0,0.05072,2.17604,0.53403,0.28519,0.55,0.09644,0.13342,0.10497,0.10936,0.36252,0.19329,0.08,0.00000
6,12011,combined_fixture_stress_6_12011_suction,combined_fixture_stress,robust_impedance_planner,suction,tether,suction,peel_then_translate,0.53587,1,0.34671,1,1,0,0,0,0.66533,1.96093,0.59501,0.16402,0.55,0.04043,0.12098,0.07123,0.09870,0.53587,0.13279,0.08,0.00000
6,12011,combined_fixture_stress_6_12011_suction,combined_fixture_stress,adaptive_probe_then_act,suction,tether,suction,peel_then_translate,0.66361,1,0.20691,1,1,0,0,0,0.67931,1.95603,0.63935,0.13007,0.55,0.03438,0.08420,0.05170,0.06813,0.66361,0.09797,0.08,0.00000
6,12011,combined_fixture_stress_6_12011_suction,combined_fixture_stress,particle_filter_fixture,suction,tether,suction,peel_then_translate,0.69975,1,0.28000,1,1,0,0,0,0.67200,1.95859,0.57145,0.18366,0.55,0.00505,0.10604,0.03810,0.06481,0.69975,0.08626,0.08,0.00000
6,12011,combined_fixture_stress_6_12011_suction,combined_fixture_stress,latent_fixture_inference_v5,suction,tether,suction,peel_then_translate,0.64167,1,0.16508,1,0,0,0,0,0.68349,1.95457,0.65530,0.11882,0.55,0.03093,0.10638,0.04909,0.06225,0.64167,0.10968,0.08,0.00000
6,12012,combined_fixture_stress_6_12012_tether,combined_fixture_stress,prototype_system_id,tether,unknown,tether,unwind_tether,0.41543,1,0.25000,1,1,0,0,0,0.67500,2.01576,0.52094,0.22950,0.55,0.01342,0.16886,0.20655,0.09799,0.09777,0.41543,0.08,0.00000
6,12012,combined_fixture_stress_6_12012_tether,combined_fixture_stress,calibrated_prototype_system_id,tether,unknown,tether,unwind_tether,0.44916,1,0.25500,0,1,0,0,1,0.30352,2.01593,0.55093,0.20166,0.55,0.03089,0.15295,0.19214,0.08752,0.08734,0.44916,0.08,0.45000
6,12012,combined_fixture_stress_6_12012_tether,combined_fixture_stress,random_forest_probe_classifier,tether,unknown,tether,unwind_tether,0.69731,1,0.25422,1,1,0,0,0,0.67458,2.01591,0.60556,0.15558,0.55,0.00148,0.16272,0.09931,0.02669,0.01248,0.69731,0.08,0.00000
6,12012,combined_fixture_stress_6_12012_tether,combined_fixture_stress,bayesian_fixture_belief,tether,unknown,tether,unwind_tether,0.27000,1,0.29280,0,0,1,1,1,0.02282,2.93426,0.50128,0.25128,0.55,0.10620,0.20475,0.14825,0.14049,0.13031,0.27000,0.08,1.00000
6,12012,combined_fixture_stress_6_12012_tether,combined_fixture_stress,robust_impedance_planner,tether,unknown,tether,cautious_probe_pull,0.39571,1,0.35200,0,0,0,0,1,0.29916,2.01933,0.18469,0.66474,0.55,0.04477,0.17534,0.18111,0.10354,0.09953,0.39571,0.08,0.45000
6,12012,combined_fixture_stress_6_12012_tether,combined_fixture_stress,adaptive_probe_then_act,tether,unknown,tether,unwind_tether,0.51345,1,0.21892,1,0,0,0,0,0.67811,2.01467,0.58928,0.16869,0.55,0.03804,0.12676,0.17467,0.07531,0.07177,0.51345,0.08,0.00000
6,12012,combined_fixture_stress_6_12012_tether,combined_fixture_stress,particle_filter_fixture,tether,unknown,tether,unwind_tether,0.41160,1,0.28000,0,0,1,0,0,0.05200,2.23381,0.50441,0.25443,0.55,0.00741,0.27391,0.14385,0.09206,0.07116,0.41160,0.08,0.00000
6,12012,combined_fixture_stress_6_12012_tether,combined_fixture_stress,latent_fixture_inference_v5,tether,unknown,tether,cautious_probe_pull,0.35762,1,0.18497,0,0,1,0,0,0.06150,2.23048,0.21521,0.04632,0.55,0.03602,0.29753,0.12035,0.10728,0.08121,0.35762,0.08,0.00000
6,12013,combined_fixture_stress_6_12013_free,combined_fixture_stress,prototype_system_id,free,suction,free,direct_translate,0.86668,1,0.25000,1,1,0,0,0,0.79500,1.90566,0.74405,0.06551,0.55,0.86668,0.00357,0.02043,0.06123,0.02385,0.02425,0.08,0.00000
6,12013,combined_fixture_stress_6_12013_free,combined_fixture_stress,calibrated_prototype_system_id,free,suction,free,direct_translate,0.80908,1,0.25500,0,1,0,1,0,0.35752,2.60583,0.75856,0.05829,0.55,0.80908,0.01117,0.01590,0.03349,0.11311,0.01725,0.08,0.55000
6,12013,combined_fixture_stress_6_12013_free,combined_fixture_stress,random_forest_probe_classifier,free,suction,free,direct_translate,0.76903,1,0.24848,0,0,1,0,0,0.17515,2.12261,0.76076,0.57875,0.55,0.76903,0.04317,0.03923,0.05314,0.06294,0.03249,0.08,0.00000
6,12013,combined_fixture_stress_6_12013_free,combined_fixture_stress,bayesian_fixture_belief,free,suction,free,direct_translate,0.27868,1,0.29280,0,0,1,0,0,0.17072,2.12416,0.62251,0.38752,0.55,0.27868,0.11554,0.12525,0.14541,0.20931,0.12581,0.08,0.00000
6,12013,combined_fixture_stress_6_12013_free,combined_fixture_stress,robust_impedance_planner,free,suction,free,direct_translate,0.68227,1,0.34581,1,1,0,0,0,0.78542,1.90901,0.74173,0.06671,0.55,0.68227,0.04460,0.05350,0.07785,0.08667,0.05509,0.08,0.00000
6,12013,combined_fixture_stress_6_12013_free,combined_fixture_stress,adaptive_probe_then_act,free,suction,free,direct_translate,0.71939,1,0.20245,1,1,0,0,0,0.79976,1.90400,0.77139,0.05226,0.55,0.71939,0.03953,0.06143,0.05978,0.07410,0.04577,0.08,0.00000
6,12013,combined_fixture_stress_6_12013_free,combined_fixture_stress,particle_filter_fixture,free,suction,free,direct_translate,0.61011,1,0.28000,1,1,0,0,0,0.79200,1.90671,0.67160,0.10785,0.55,0.61011,0.06402,0.06468,0.10398,0.10077,0.05644,0.08,0.00000
6,12013,combined_fixture_stress_6_12013_free,combined_fixture_stress,latent_fixture_inference_v5,free,suction,free,cautious_probe_pull,0.39270,1,0.18251,0,0,1,1,1,0.02779,2.86230,0.45079,0.20321,0.55,0.39270,0.10460,0.10329,0.13893,0.16732,0.09315,0.08,1.00000
6,12014,combined_fixture_stress_6_12014_clamp,combined_fixture_stress,prototype_system_id,clamp,unknown,clamp,release_clamp_pull,0.32698,1,0.25000,0,1,0,1,0,0.35775,2.56922,0.51363,0.23655,0.55,0.00902,0.32698,0.05119,0.08283,0.31228,0.21770,0.08,0.55000
6,12014,combined_fixture_stress_6_12014_clamp,combined_fixture_stress,calibrated_prototype_system_id,clamp,unknown,clamp,release_clamp_pull,0.32999,1,0.25500,0,0,1,0,0,0.17450,2.08639,0.53732,0.28871,0.55,0.02912,0.32999,0.05188,0.07474,0.31184,0.20242,0.08,0.00000
6,12014,combined_fixture_stress_6_12014_clamp,combined_fixture_stress,random_forest_probe_classifier,clamp,unknown,clamp,release_clamp_pull,0.47808,1,0.27175,1,0,0,0,0,0.79282,1.86998,0.56899,0.18577,0.55,0.00035,0.47808,0.00451,0.00753,0.46885,0.04067,0.08,0.00000
6,12014,combined_fixture_stress_6_12014_clamp,combined_fixture_stress,bayesian_fixture_belief,clamp,unknown,suction,peel_then_translate,0.27763,0,0.79000,0,0,1,1,1,0.00045,2.84712,0.01595,0.00025,0.55,0.10357,0.20539,0.11349,0.12157,0.27763,0.17834,0.08,1.00000
6,12014,combined_fixture_stress_6_12014_clamp,combined_fixture_stress,robust_impedance_planner,clamp,unknown,suction,cautious_probe_pull,0.31069,0,0.86000,0,0,1,1,1,0.00000,2.84747,0.01614,0.00026,0.55,0.04205,0.29510,0.06563,0.08672,0.31069,0.19979,0.08,1.00000
6,12014,combined_fixture_stress_6_12014_clamp,combined_fixture_stress,adaptive_probe_then_act,clamp,unknown,suction,cautious_probe_pull,0.33867,0,0.70000,0,0,1,1,1,0.00450,2.84397,0.01630,0.00027,0.55,0.03634,0.27292,0.05001,0.09603,0.33867,0.20602,0.08,1.00000
6,12014,combined_fixture_stress_6_12014_clamp,combined_fixture_stress,particle_filter_fixture,clamp,unknown,suction,peel_then_translate,0.44208,0,0.78000,0,0,1,1,1,0.00090,2.84677,0.01688,0.00028,0.55,0.00379,0.27584,0.03143,0.05441,0.44208,0.19246,0.08,1.00000
6,12014,combined_fixture_stress_6_12014_clamp,combined_fixture_stress,latent_fixture_inference_v5,clamp,unknown,suction,peel_then_translate,0.44180,0,0.66000,0,0,1,1,0,0.00630,2.84257,0.01687,0.00028,0.55,0.03268,0.22968,0.05099,0.06632,0.44180,0.17853,0.08,0.55000
6,12015,combined_fixture_stress_6_12015_hinge,combined_fixture_stress,prototype_system_id,hinge,free,hinge,pivot_rotate,0.55116,1,0.25000,0,1,0,0,1,0.35775,1.86100,0.57959,0.17675,0.55,0.01502,0.05156,0.55116,0.18847,0.06049,0.13329,0.08,0.45000
6,12015,combined_fixture_stress_6_12015_hinge,combined_fixture_stress,calibrated_prototype_system_id,hinge,free,hinge,pivot_rotate,0.57547,1,0.25500,1,0,0,0,0,0.79450,1.86117,0.60922,0.15271,0.55,0.11117,0.03419,0.57547,0.14456,0.03982,0.09479,0.08,0.00000
6,12015,combined_fixture_stress_6_12015_hinge,combined_fixture_stress,random_forest_probe_classifier,hinge,free,hinge,pivot_rotate,0.63294,1,0.25936,0,0,1,0,0,0.17406,2.07833,0.62814,0.39456,0.55,0.00750,0.13030,0.63294,0.14819,0.06914,0.01192,0.08,0.00000
6,12015,combined_fixture_stress_6_12015_hinge,combined_fixture_stress,bayesian_fixture_belief,hinge,free,hinge,pivot_rotate,0.21792,1,0.29280,0,0,1,1,0,0.07682,2.77950,0.52333,0.27387,0.55,0.18348,0.14899,0.21792,0.18454,0.12931,0.13575,0.08,0.55000
6,12015,combined_fixture_stress_6_12015_hinge,combined_fixture_stress,robust_impedance_planner,hinge,free,hinge,cautious_probe_pull,0.47509,1,0.34175,0,0,1,1,0,0.02062,2.82321,0.05577,0.00311,0.55,0.07452,0.07829,0.47509,0.17581,0.07549,0.12079,0.08,0.55000
6,12015,combined_fixture_stress_6_12015_hinge,combined_fixture_stress,adaptive_probe_then_act,hinge,free,hinge,pivot_rotate,0.52720,1,0.21782,1,1,0,0,0,0.79822,1.85987,0.62690,0.13921,0.55,0.06443,0.06132,0.52720,0.17272,0.05717,0.11716,0.08,0.00000
6,12015,combined_fixture_stress_6_12015_hinge,combined_fixture_stress,particle_filter_fixture,hinge,free,hinge,pivot_rotate,0.41288,1,0.28000,1,1,0,0,0,0.79200,1.86205,0.53805,0.21340,0.55,0.01674,0.21471,0.41288,0.19852,0.06668,0.09047,0.08,0.00000
6,12015,combined_fixture_stress_6_12015_hinge,combined_fixture_stress,latent_fixture_inference_v5,hinge,free,hinge,cautious_probe_pull,0.28349,1,0.19016,0,0,1,1,0,0.02744,2.81790,0.08062,0.00650,0.55,0.06908,0.26441,0.28349,0.20112,0.09148,0.09041,0.08,0.55000
7,12008,combined_fixture_stress_7_12008_slot,combined_fixture_stress,prototype_system_id,slot,unknown,slot,follow_slot_axis,0.59583,1,0.25000,1,0,0,0,0,0.79500,1.91130,0.61449,0.14862,0.55,0.06793,0.02167,0.12685,0.59583,0.10500,0.08271,0.08,0.00000
7,12008,combined_fixture_stress_7_12008_slot,combined_fixture_stress,calibrated_prototype_system_id,slot,unknown,slot,follow_slot_axis,0.64443,1,0.25500,0,1,0,0,1,0.35752,1.91147,0.64958,0.12280,0.55,0.06022,0.03391,0.10422,0.64443,0.08685,0.07037,0.08,0.45000
7,12008,combined_fixture_stress_7_12008_slot,combined_fixture_stress,random_forest_probe_classifier,slot,unknown,slot,follow_slot_axis,0.75077,1,0.24994,1,1,0,0,0,0.79501,1.91130,0.68177,0.10127,0.55,0.00283,0.15277,0.06844,0.75077,0.01673,0.00847,0.08,0.00000
7,12008,combined_fixture_stress_7_12008_slot,combined_fixture_stress,bayesian_fixture_belief,slot,unknown,slot,follow_slot_axis,0.29681,1,0.29280,0,1,0,0,1,0.35582,1.91280,0.56222,0.19165,0.55,0.12423,0.14105,0.15787,0.29681,0.14615,0.13390,0.08,0.45000
7,12008,combined_fixture_stress_7_12008_slot,combined_fixture_stress,robust_impedance_planner,slot,unknown,slot,follow_slot_axis,0.54094,1,0.34632,1,1,0,0,0,0.78537,1.91467,0.63966,0.12985,0.55,0.07734,0.06106,0.12462,0.54094,0.10684,0.08921,0.08,0.00000
7,12008,combined_fixture_stress_7_12008_slot,combined_fixture_stress,adaptive_probe_then_act,slot,unknown,slot,follow_slot_axis,0.62737,1,0.20981,1,1,0,0,0,0.79902,1.90989,0.67619,0.10485,0.55,0.05743,0.05125,0.10524,0.62737,0.07693,0.08178,0.08,0.00000
7,12008,combined_fixture_stress_7_12008_slot,combined_fixture_stress,particle_filter_fixture,slot,unknown,slot,follow_slot_axis,0.49165,1,0.28000,0,0,1,0,1,0.07740,2.12935,0.57798,0.33406,0.55,0.03740,0.23209,0.10508,0.49165,0.07959,0.05419,0.08,0.45000
7,12008,combined_fixture_stress_7_12008_slot,combined_fixture_stress,latent_fixture_inference_v5,slot,unknown,slot,cautious_probe_pull,0.37348,1,0.18386,1,1,0,0,0,0.68161,1.95098,0.28262,0.51464,0.55,0.05477,0.29214,0.11596,0.37348,0.09323,0.07042,0.08,0.00000
7,12009,combined_fixture_stress_7_12009_suction,combined_fixture_stress,prototype_system_id,suction,hinge,suction,peel_then_translate,0.51402,1,0.25000,1,1,0,0,0,0.67500,1.93579,0.55542,0.19765,0.55,0.03383,0.08652,0.06109,0.19565,0.51402,0.10888,0.08,0.00000
7,12009,combined_fixture_stress_7_12009_suction,combined_fixture_stress,calibrated_prototype_system_id,suction,hinge,suction,peel_then_translate,0.54454,1,0.25500,1,1,0,0,0,0.67450,1.93597,0.58578,0.17158,0.55,0.02454,0.05957,0.13732,0.15678,0.54454,0.07724,0.08,0.00000
7,12009,combined_fixture_stress_7_12009_suction,combined_fixture_stress,random_forest_probe_classifier,suction,hinge,suction,peel_then_translate,0.91144,1,0.23709,1,1,0,0,0,0.67629,1.93534,0.66974,0.10907,0.55,0.00037,0.02554,0.04852,0.00450,0.91144,0.00962,0.08,0.00000
7,12009,combined_fixture_stress_7_12009_suction,combined_fixture_stress,bayesian_fixture_belief,suction,hinge,suction,peel_then_translate,0.35434,1,0.29280,1,1,0,0,0,0.67072,1.93729,0.53254,0.21852,0.55,0.09900,0.12703,0.17707,0.12234,0.35434,0.12022,0.08,0.00000
7,12009,combined_fixture_stress_7_12009_suction,combined_fixture_stress,robust_impedance_planner,suction,hinge,suction,peel_then_translate,0.50361,1,0.34473,1,1,0,0,0,0.66553,1.93911,0.58935,0.16864,0.55,0.05089,0.09007,0.09460,0.15980,0.50361,0.10104,0.08,0.00000
7,12009,combined_fixture_stress_7_12009_suction,combined_fixture_stress,adaptive_probe_then_act,suction,hinge,suction,peel_then_translate,0.57605,1,0.21392,0,0,1,0,0,0.05861,2.15153,0.62019,0.38463,0.55,0.03995,0.06533,0.09055,0.15711,0.57605,0.07101,0.08,0.00000
7,12009,combined_fixture_stress_7_12009_suction,combined_fixture_stress,particle_filter_fixture,suction,hinge,suction,peel_then_translate,0.66930,1,0.28000,1,1,0,0,0,0.67200,1.93684,0.56613,0.18824,0.55,0.01568,0.08234,0.03738,0.12247,0.66930,0.07283,0.08,0.00000
7,12009,combined_fixture_stress_7_12009_suction,combined_fixture_stress,latent_fixture_inference_v5,suction,hinge,suction,peel_then_translate,0.62321,1,0.16638,1,0,0,0,0,0.68336,1.93287,0.65118,0.12167,0.55,0.03588,0.09755,0.07296,0.09453,0.62321,0.07587,0.08,0.00000
7,12010,combined_fixture_stress_7_12010_tether,combined_fixture_stress,prototype_system_id,tether,free,tether,unwind_tether,0.37894,1,0.25000,1,1,0,0,0,0.67500,2.10833,0.51458,0.23563,0.55,0.02664,0.11140,0.16047,0.15268,0.16986,0.37894,0.08,0.00000
7,12010,combined_fixture_stress_7_12010_tether,combined_fixture_stress,calibrated_prototype_system_id,tether,free,tether,unwind_tether,0.39706,1,0.25500,0,0,1,0,0,0.05450,2.32551,0.54143,0.29314,0.55,0.11764,0.08545,0.13269,0.12481,0.14236,0.39706,0.08,0.00000
7,12010,combined_fixture_stress_7_12010_tether,combined_fixture_stress,random_forest_probe_classifier,tether,free,tether,unwind_tether,0.47609,1,0.27191,1,1,0,0,0,0.67281,2.10910,0.56005,0.19356,0.55,0.00282,0.12904,0.18444,0.10609,0.10152,0.47609,0.08,0.00000
7,12010,combined_fixture_stress_7_12010_tether,combined_fixture_stress,bayesian_fixture_belief,tether,free,tether,unwind_tether,0.24476,1,0.29280,0,0,1,0,0,0.05072,2.32683,0.49682,0.24683,0.55,0.17308,0.17299,0.13142,0.13972,0.13802,0.24476,0.08,0.00000
7,12010,combined_fixture_stress_7_12010_tether,combined_fixture_stress,robust_impedance_planner,tether,free,tether,cautious_probe_pull,0.36059,1,0.36042,0,0,1,0,0,0.04396,2.32919,0.18043,0.03255,0.55,0.07620,0.12567,0.14355,0.14118,0.15280,0.36059,0.08,0.00000
7,12010,combined_fixture_stress_7_12010_tether,combined_fixture_stress,adaptive_probe_then_act,tether,free,tether,cautious_probe_pull,0.38975,1,0.22882,0,0,1,1,0,0.02570,3.02459,0.19837,0.03935,0.55,0.06383,0.09267,0.16576,0.18148,0.10652,0.38975,0.08,0.55000
7,12010,combined_fixture_stress_7_12010_tether,combined_fixture_stress,particle_filter_fixture,tether,free,tether,unwind_tether,0.38148,1,0.28000,0,0,1,0,0,0.05200,2.32638,0.49931,0.24931,0.55,0.01599,0.25108,0.11054,0.11787,0.12304,0.38148,0.08,0.00000
7,12010,combined_fixture_stress_7_12010_tether,combined_fixture_stress,latent_fixture_inference_v5,tether,free,tether,cautious_probe_pull,0.33250,1,0.18672,0,0,1,1,0,0.02760,3.02312,0.21294,0.04534,0.55,0.06086,0.28685,0.09804,0.11202,0.10975,0.33250,0.08,0.55000
7,12011,combined_fixture_stress_7_12011_free,combined_fixture_stress,prototype_system_id,free,clamp,free,direct_translate,0.84028,1,0.25000,0,1,0,1,0,0.35775,2.68573,0.73833,0.06847,0.55,0.84028,0.00525,0.03249,0.06219,0.02651,0.03329,0.08,0.55000
7,12011,combined_fixture_stress_7_12011_free,combined_fixture_stress,calibrated_prototype_system_id,free,clamp,free,direct_translate,0.79784,1,0.25500,0,1,0,0,1,0.35752,1.98591,0.75604,0.05952,0.55,0.79784,0.10754,0.02069,0.03461,0.01830,0.02102,0.08,0.45000
7,12011,combined_fixture_stress_7_12011_free,combined_fixture_stress,random_forest_probe_classifier,free,clamp,free,direct_translate,0.76660,1,0.24867,0,1,0,0,1,0.35781,1.98569,0.76015,0.05753,0.55,0.76660,0.09263,0.03287,0.04235,0.03522,0.03033,0.08,0.45000
7,12011,combined_fixture_stress_7_12011_free,combined_fixture_stress,bayesian_fixture_belief,free,clamp,free,direct_translate,0.27140,1,0.29280,1,1,0,0,0,0.79072,1.98723,0.62092,0.14370,0.55,0.27140,0.19858,0.12966,0.14326,0.12773,0.12936,0.08,0.00000
7,12011,combined_fixture_stress_7_12011_free,combined_fixture_stress,robust_impedance_planner,free,clamp,free,direct_translate,0.66870,1,0.35309,1,1,0,0,0,0.78469,1.98934,0.73665,0.06935,0.55,0.66870,0.07660,0.05989,0.07791,0.05681,0.06009,0.08,0.00000
7,12011,combined_fixture_stress_7_12011_free,combined_fixture_stress,adaptive_probe_then_act,free,clamp,free,direct_translate,0.72830,1,0.20174,1,1,0,0,0,0.79983,1.98405,0.77367,0.05122,0.55,0.72830,0.06793,0.04864,0.05956,0.04690,0.04868,0.08,0.00000
7,12011,combined_fixture_stress_7_12011_free,combined_fixture_stress,particle_filter_fixture,free,clamp,free,direct_translate,0.59421,1,0.28000,1,1,0,0,0,0.79200,1.98678,0.66824,0.11006,0.55,0.59421,0.13687,0.06082,0.08906,0.06156,0.05747,0.08,0.00000
7,12011,combined_fixture_stress_7_12011_free,combined_fixture_stress,latent_fixture_inference_v5,free,clamp,free,cautious_probe_pull,0.38198,1,0.18326,0,1,0,1,1,0.30675,2.72540,0.44897,0.30363,0.55,0.38198,0.20959,0.09634,0.12125,0.09856,0.09228,0.08,1.00000
7,12012,combined_fixture_stress_7_12012_clamp,combined_fixture_stress,prototype_system_id,clamp,unknown,suction,peel_then_translate,0.37902,0,0.82000,0,0,1,1,1,0.00000,2.82100,0.01652,0.00027,0.55,0.00760,0.33336,0.07281,0.04350,0.37902,0.16371,0.08,1.00000
7,12012,combined_fixture_stress_7_12012_clamp,combined_fixture_stress,calibrated_prototype_system_id,clamp,unknown,suction,peel_then_translate,0.38633,0,0.74000,0,0,1,1,1,0.00270,2.81890,0.01656,0.00027,0.55,0.02856,0.32943,0.06600,0.04638,0.38633,0.14329,0.08,1.00000
7,12012,combined_fixture_stress_7_12012_clamp,combined_fixture_stress,random_forest_probe_classifier,clamp,unknown,clamp,release_clamp_pull,0.50892,1,0.26929,1,1,0,0,0,0.79307,1.84342,0.57538,0.18030,0.55,0.00030,0.50892,0.00271,0.00186,0.45629,0.02991,0.08,0.00000
7,12012,combined_fixture_stress_7_12012_clamp,combined_fixture_stress,bayesian_fixture_belief,clamp,unknown,suction,peel_then_translate,0.31897,0,0.79000,0,1,0,1,1,0.27945,2.60365,0.01619,0.96789,0.55,0.10433,0.19353,0.11478,0.11020,0.31897,0.15819,0.08,1.00000
7,12012,combined_fixture_stress_7_12012_clamp,combined_fixture_stress,robust_impedance_planner,clamp,unknown,suction,cautious_probe_pull,0.37681,0,0.86000,0,0,1,0,1,0.00000,2.12100,0.01651,0.00027,0.55,0.04180,0.29202,0.07765,0.06001,0.37681,0.15172,0.08,0.45000
7,12012,combined_fixture_stress_7_12012_clamp,combined_fixture_stress,adaptive_probe_then_act,clamp,unknown,clamp,cautious_probe_pull,0.38389,1,0.22929,1,0,0,0,0,0.67707,1.88402,0.12339,0.76845,0.55,0.03635,0.38389,0.10623,0.04640,0.32057,0.10656,0.08,0.00000
7,12012,combined_fixture_stress_7_12012_clamp,combined_fixture_stress,particle_filter_fixture,clamp,unknown,suction,peel_then_translate,0.53519,0,0.78000,0,0,1,1,1,0.00090,2.82030,0.01740,0.00030,0.55,0.00307,0.25959,0.04091,0.02304,0.53519,0.13821,0.08,1.00000
7,12012,combined_fixture_stress_7_12012_clamp,combined_fixture_stress,latent_fixture_inference_v5,clamp,unknown,suction,peel_then_translate,0.52746,0,0.66000,0,0,1,1,0,0.00630,2.81610,0.01735,0.00030,0.55,0.03259,0.20610,0.05356,0.04378,0.52746,0.13650,0.08,0.55000
7,12013,combined_fixture_stress_7_12013_hinge,combined_fixture_stress,prototype_system_id,hinge,unknown,hinge,pivot_rotate,0.74402,1,0.25000,0,0,1,0,0,0.17500,2.20037,0.61539,0.37870,0.55,0.01866,0.03350,0.74402,0.06640,0.03432,0.10310,0.08,0.00000
7,12013,combined_fixture_stress_7_12013_hinge,combined_fixture_stress,calibrated_prototype_system_id,hinge,unknown,hinge,pivot_rotate,0.75803,1,0.25500,1,0,0,0,0,0.79450,1.98354,0.64456,0.12634,0.55,0.03188,0.03809,0.75803,0.05527,0.03847,0.07827,0.08,0.00000
7,12013,combined_fixture_stress_7_12013_hinge,combined_fixture_stress,random_forest_probe_classifier,hinge,unknown,hinge,pivot_rotate,0.78334,1,0.24733,1,1,0,0,0,0.79527,1.98327,0.66101,0.11491,0.55,0.00401,0.13418,0.78334,0.03971,0.02605,0.01271,0.08,0.00000
7,12013,combined_fixture_stress_7_12013_hinge,combined_fixture_stress,bayesian_fixture_belief,hinge,unknown,hinge,pivot_rotate,0.30534,1,0.29280,1,1,0,0,0,0.79072,1.98486,0.53973,0.21185,0.55,0.11985,0.15009,0.30534,0.14879,0.13264,0.14329,0.08,0.00000
7,12013,combined_fixture_stress_7_12013_hinge,combined_fixture_stress,robust_impedance_planner,hinge,unknown,hinge,pivot_rotate,0.63338,1,0.35287,1,1,0,0,0,0.78471,1.98697,0.62997,0.13692,0.55,0.05126,0.06873,0.63338,0.08353,0.06245,0.10066,0.08,0.00000
7,12013,combined_fixture_stress_7_12013_hinge,combined_fixture_stress,adaptive_probe_then_act,hinge,unknown,hinge,pivot_rotate,0.68166,1,0.20547,1,1,0,0,0,0.79945,1.98181,0.66152,0.11457,0.55,0.04312,0.05622,0.68166,0.06354,0.05045,0.10501,0.08,0.00000
7,12013,combined_fixture_stress_7_12013_hinge,combined_fixture_stress,particle_filter_fixture,hinge,unknown,hinge,pivot_rotate,0.56677,1,0.28000,1,1,0,0,0,0.79200,1.98442,0.56579,0.18854,0.55,0.01285,0.20992,0.56677,0.08863,0.05229,0.06954,0.08,0.00000
7,12013,combined_fixture_stress_7_12013_hinge,combined_fixture_stress,latent_fixture_inference_v5,hinge,unknown,hinge,cautious_probe_pull,0.39818,1,0.18213,0,1,0,1,0,0.30681,2.72299,0.08586,0.83565,0.55,0.04472,0.26660,0.39818,0.12024,0.08685,0.08342,0.08,0.55000
7,12014,combined_fixture_stress_7_12014_slot,combined_fixture_stress,prototype_system_id,slot,unknown,slot,follow_slot_axis,0.76561,1,0.25000,0,0,1,0,0,0.17500,2.25044,0.64743,0.41916,0.55,0.03620,0.01452,0.07081,0.76561,0.05738,0.05547,0.08,0.00000
7,12014,combined_fixture_stress_7_12014_slot,combined_fixture_stress,calibrated_prototype_system_id,slot,unknown,slot,follow_slot_axis,0.77459,1,0.25500,1,1,0,0,0,0.79450,2.03362,0.67587,0.10506,0.55,0.03914,0.03033,0.05735,0.77459,0.04981,0.04878,0.08,0.00000
7,12014,combined_fixture_stress_7_12014_slot,combined_fixture_stress,random_forest_probe_classifier,slot,unknown,slot,follow_slot_axis,0.77383,1,0.24809,0,1,0,1,0,0.35784,2.73338,0.68702,0.09796,0.55,0.00127,0.20558,0.00632,0.77383,0.00893,0.00409,0.08,0.55000
7,12014,combined_fixture_stress_7_12014_slot,combined_fixture_stress,bayesian_fixture_belief,slot,unknown,slot,follow_slot_axis,0.30930,1,0.29280,0,0,1,1,1,0.07682,2.95194,0.56467,0.31885,0.55,0.12798,0.14785,0.14004,0.30930,0.14004,0.13479,0.08,1.00000
7,12014,combined_fixture_stress_7_12014_slot,combined_fixture_stress,robust_impedance_planner,slot,unknown,slot,follow_slot_axis,0.64793,1,0.35743,1,1,0,0,0,0.78426,2.03720,0.65864,0.11652,0.55,0.06136,0.06035,0.08212,0.64793,0.07557,0.07267,0.08,0.00000
7,12014,combined_fixture_stress_7_12014_slot,combined_fixture_stress,adaptive_probe_then_act,slot,unknown,slot,follow_slot_axis,0.69050,1,0.20476,0,0,1,0,0,0.17952,2.24886,0.69092,0.47736,0.55,0.08210,0.05194,0.06151,0.69050,0.05810,0.05585,0.08,0.00000
7,12014,combined_fixture_stress_7_12014_slot,combined_fixture_stress,particle_filter_fixture,slot,unknown,slot,follow_slot_axis,0.56620,1,0.28000,1,1,0,0,0,0.79200,2.03449,0.59205,0.16643,0.55,0.01687,0.30563,0.04197,0.56620,0.03869,0.03063,0.08,0.00000
7,12014,combined_fixture_stress_7_12014_slot,combined_fixture_stress,latent_fixture_inference_v5,slot,unknown,slot,cautious_probe_pull,0.38981,1,0.18271,0,0,0,1,1,0.30678,2.77309,0.28447,0.51199,0.55,0.04570,0.37807,0.06449,0.38981,0.06585,0.05607,0.08,1.00000
7,12015,combined_fixture_stress_7_12015_suction,combined_fixture_stress,prototype_system_id,suction,unknown,suction,peel_then_translate,0.46035,1,0.25000,1,1,0,0,0,0.67500,1.87761,0.54576,0.20634,0.55,0.01223,0.23519,0.07262,0.04796,0.46035,0.17164,0.08,0.00000
7,12015,combined_fixture_stress_7_12015_suction,combined_fixture_stress,calibrated_prototype_system_id,suction,unknown,suction,peel_then_translate,0.49019,1,0.25500,1,1,0,0,0,0.67450,1.87779,0.57556,0.18015,0.55,0.03023,0.21495,0.06559,0.04897,0.49019,0.15006,0.08,0.00000
7,12015,combined_fixture_stress_7_12015_suction,combined_fixture_stress,random_forest_probe_classifier,suction,unknown,suction,peel_then_translate,0.79124,1,0.24670,0,0,1,0,0,0.05533,2.09450,0.64391,0.41462,0.55,0.00035,0.01949,0.00406,0.00190,0.79124,0.18297,0.08,0.00000
7,12015,combined_fixture_stress_7_12015_suction,combined_fixture_stress,bayesian_fixture_belief,suction,unknown,suction,peel_then_translate,0.36623,1,0.29280,1,1,0,0,0,0.67072,1.87911,0.53470,0.21650,0.55,0.10511,0.16262,0.11721,0.11105,0.36623,0.13778,0.08,0.00000
7,12015,combined_fixture_stress_7_12015_suction,combined_fixture_stress,robust_impedance_planner,suction,unknown,suction,cautious_probe_pull,0.46224,1,0.33944,0,0,1,0,0,0.04606,2.09774,0.15805,0.02498,0.55,0.04377,0.20397,0.07835,0.06256,0.46224,0.14910,0.08,0.00000
7,12015,combined_fixture_stress_7_12015_suction,combined_fixture_stress,adaptive_probe_then_act,suction,unknown,suction,peel_then_translate,0.59766,1,0.21219,1,1,0,0,0,0.67878,1.87629,0.62491,0.14069,0.55,0.03737,0.14048,0.05748,0.04787,0.59766,0.11915,0.08,0.00000
7,12015,combined_fixture_stress_7_12015_suction,combined_fixture_stress,particle_filter_fixture,suction,unknown,suction,peel_then_translate,0.64205,1,0.28000,0,0,1,0,0,0.05200,2.09566,0.56137,0.31513,0.55,0.00513,0.17199,0.04270,0.02548,0.64205,0.11265,0.08,0.00000
7,12015,combined_fixture_stress_7_12015_suction,combined_fixture_stress,latent_fixture_inference_v5,suction,unknown,suction,peel_then_translate,0.62210,1,0.16645,1,0,0,0,0,0.68335,1.87469,0.65094,0.12185,0.55,0.03362,0.14410,0.05636,0.04506,0.62210,0.09876,0.08,0.00000
0,12012,combined_fixture_stress_0_12012_tether,combined_fixture_stress,prototype_system_id,tether,unknown,tether,unwind_tether,0.43259,1,0.25000,0,0,1,0,0,0.05500,2.27800,0.52394,0.27451,0.55,0.08674,0.10920,0.06629,0.14029,0.16488,0.43259,0.12,0.00000
0,12012,combined_fixture_stress_0_12012_tether,combined_fixture_stress,calibrated_prototype_system_id,tether,unknown,tether,unwind_tether,0.48088,1,0.25500,0,0,1,0,0,0.05450,2.27817,0.55672,0.30993,0.55,0.07928,0.09833,0.06335,0.12695,0.15121,0.48088,0.12,0.00000
0,12012,combined_fixture_stress_0_12012_tether,combined_fixture_stress,random_forest_probe_classifier,tether,unknown,tether,unwind_tether,0.57351,1,0.26412,0,0,1,0,1,0.02412,2.27849,0.58001,0.33641,0.55,0.04535,0.12752,0.01069,0.18410,0.05883,0.57351,0.12,0.45000
0,12012,combined_fixture_stress_0_12012_tether,combined_fixture_stress,bayesian_fixture_belief,tether,unknown,tether,unwind_tether,0.28691,1,0.29280,1,1,0,0,0,0.67072,2.06249,0.50426,0.24576,0.55,0.11676,0.18459,0.12524,0.13782,0.14868,0.28691,0.12,0.00000
0,12012,combined_fixture_stress_0_12012_tether,combined_fixture_stress,robust_impedance_planner,tether,unknown,tether,cautious_probe_pull,0.42100,1,0.35611,0,0,1,1,0,0.01998,2.98171,0.18523,0.03431,0.55,0.08814,0.12814,0.07910,0.13115,0.15247,0.42100,0.12,0.55000
0,12012,combined_fixture_stress_0_12012_tether,combined_fixture_stress,adaptive_probe_then_act,tether,unknown,tether,unwind_tether,0.48416,1,0.22127,1,1,0,0,0,0.67787,2.05999,0.58308,0.17382,0.55,0.07998,0.09519,0.05919,0.17456,0.10691,0.48416,0.12,0.00000
0,12012,combined_fixture_stress_0_12012_tether,combined_fixture_stress,particle_filter_fixture,tether,unknown,tether,unwind_tether,0.43788,1,0.28000,1,1,0,0,0,0.67200,2.06205,0.50885,0.24123,0.55,0.04918,0.24711,0.04967,0.09587,0.12029,0.43788,0.12,0.00000
0,12012,combined_fixture_stress_0_12012_tether,combined_fixture_stress,latent_fixture_inference_v5,tether,unknown,tether,cautious_probe_pull,0.38259,1,0.18322,0,0,0,0,1,0.30676,2.05866,0.21748,0.61234,0.55,0.05715,0.28695,0.06851,0.09258,0.11221,0.38259,0.12,0.45000
0,12013,combined_fixture_stress_0_12013_free,combined_fixture_stress,prototype_system_id,free,unknown,free,direct_translate,0.71151,1,0.25000,0,1,0,0,1,0.35775,2.08925,0.71047,0.08383,0.55,0.71151,0.00943,0.05212,0.13288,0.05113,0.04293,0.12,0.45000
0,12013,combined_fixture_stress_0_12013_free,combined_fixture_stress,calibrated_prototype_system_id,free,unknown,free,direct_translate,0.73213,1,0.25500,1,1,0,0,0,0.79450,2.08942,0.74129,0.06693,0.55,0.73213,0.02880,0.04784,0.10095,0.04730,0.04298,0.12,0.00000
0,12013,combined_fixture_stress_0_12013_free,combined_fixture_stress,random_forest_probe_classifier,free,unknown,free,direct_translate,0.76971,1,0.24842,1,1,0,0,0,0.79516,2.08919,0.76093,0.05716,0.55,0.76971,0.04026,0.03236,0.09169,0.03462,0.03137,0.12,0.00000
0,12013,combined_fixture_stress_0_12013_free,combined_fixture_stress,bayesian_fixture_belief,free,unknown,free,direct_translate,0.27054,1,0.29280,0,1,0,1,0,0.35582,2.79075,0.62073,0.14384,0.55,0.27054,0.12199,0.13964,0.19178,0.14004,0.13600,0.12,0.55000
0,12013,combined_fixture_stress_0_12013_free,combined_fixture_stress,robust_impedance_planner,free,unknown,free,direct_translate,0.59998,1,0.36250,0,1,0,0,1,0.35269,2.09319,0.71852,0.07923,0.55,0.59998,0.04888,0.07344,0.13683,0.07312,0.06775,0.12,0.45000
0,12013,combined_fixture_stress_0_12013_free,combined_fixture_stress,adaptive_probe_then_act,free,unknown,free,direct_translate,0.64164,1,0.20867,1,1,0,0,0,0.79913,2.08780,0.75149,0.06176,0.55,0.64164,0.04246,0.05707,0.14822,0.05696,0.05364,0.12,0.00000
0,12013,combined_fixture_stress_0_12013_free,combined_fixture_stress,particle_filter_fixture,free,unknown,free,direct_translate,0.52638,1,0.28000,0,1,0,0,1,0.35640,2.09030,0.65392,0.11977,0.55,0.52638,0.06200,0.07063,0.20310,0.07342,0.06448,0.12,0.45000
0,12013,combined_fixture_stress_0_12013_free,combined_fixture_stress,latent_fixture_inference_v5,free,unknown,free,cautious_probe_pull,0.35670,1,0.18503,0,1,0,0,1,0.30668,2.12898,0.44469,0.30837,0.55,0.35670,0.10258,0.10275,0.23347,0.10631,0.09820,0.12,0.45000
0,12014,combined_fixture_stress_0_12014_clamp,combined_fixture_stress,prototype_system_id,clamp,unknown,suction,peel_then_translate,0.35011,0,0.82000,0,0,1,0,0,0.00000,2.32792,0.01636,0.00027,0.55,0.00966,0.27316,0.05641,0.09929,0.35011,0.21136,0.12,0.00000
0,12014,combined_fixture_stress_0_12014_clamp,combined_fixture_stress,calibrated_prototype_system_id,clamp,unknown,suction,peel_then_translate,0.36215,0,0.74000,0,0,1,1,1,0.00270,3.02582,0.01643,0.00027,0.55,0.02938,0.26715,0.05565,0.08854,0.36215,0.19713,0.12,1.00000
0,12014,combined_fixture_stress_0_12014_clamp,combined_fixture_stress,random_forest_probe_classifier,clamp,unknown,suction,peel_then_translate,0.55054,0,0.80000,0,0,1,1,0,0.00000,3.02792,0.01748,0.00031,0.55,0.00033,0.23817,0.04763,0.00706,0.55054,0.15627,0.12,0.55000
0,12014,combined_fixture_stress_0_12014_clamp,combined_fixture_stress,bayesian_fixture_belief,clamp,unknown,suction,peel_then_translate,0.26288,0,0.79000,0,0,1,1,0,0.00045,3.02757,0.01587,0.00025,0.55,0.10221,0.20751,0.11233,0.12197,0.26288,0.19310,0.12,0.55000
0,12014,combined_fixture_stress_0_12014_clamp,combined_fixture_stress,robust_impedance_planner,clamp,unknown,suction,cautious_probe_pull,0.33725,0,0.86000,0,0,1,0,1,0.00000,2.32792,0.01629,0.00027,0.55,0.04179,0.25410,0.06818,0.09722,0.33725,0.20146,0.12,0.45000
0,12014,combined_fixture_stress_0_12014_clamp,combined_fixture_stress,adaptive_probe_then_act,clamp,unknown,suction,cautious_probe_pull,0.35641,0,0.70000,0,0,1,1,0,0.00450,3.02442,0.01640,0.00027,0.55,0.03600,0.31108,0.06779,0.06947,0.35641,0.15925,0.12,0.55000
0,12014,combined_fixture_stress_0_12014_clamp,combined_fixture_stress,particle_filter_fixture,clamp,unknown,suction,peel_then_translate,0.40023,0,0.78000,0,0,1,1,1,0.00090,3.02722,0.01664,0.00028,0.55,0.00404,0.26743,0.03393,0.06410,0.40023,0.23027,0.12,1.00000
0,12014,combined_fixture_stress_0_12014_clamp,combined_fixture_stress,latent_fixture_inference_v5,clamp,unknown,suction,cautious_probe_pull,0.37349,0,0.66000,0,0,1,1,0,0.00630,3.02302,0.02465,0.00061,0.55,0.03234,0.24515,0.05134,0.07034,0.37349,0.22734,0.12,0.55000
0,12015,combined_fixture_stress_0_12015_hinge,combined_fixture_stress,prototype_system_id,hinge,unknown,hinge,pivot_rotate,0.73230,1,0.25000,0,1,0,1,0,0.35775,2.59436,0.61321,0.14960,0.55,0.02367,0.03497,0.73230,0.07802,0.03712,0.09391,0.12,0.55000
0,12015,combined_fixture_stress_0_12015_hinge,combined_fixture_stress,calibrated_prototype_system_id,hinge,unknown,hinge,pivot_rotate,0.75179,1,0.25500,0,1,0,1,1,0.35752,2.59453,0.64335,0.12720,0.55,0.03393,0.03892,0.75179,0.06263,0.03994,0.07278,0.12,1.00000
0,12015,combined_fixture_stress_0_12015_hinge,combined_fixture_stress,random_forest_probe_classifier,hinge,unknown,hinge,pivot_rotate,0.78872,1,0.24690,0,0,1,0,0,0.17531,2.11125,0.66219,0.43850,0.55,0.00402,0.11478,0.78872,0.05718,0.02377,0.01153,0.12,0.00000
0,12015,combined_fixture_stress_0_12015_hinge,combined_fixture_stress,bayesian_fixture_belief,hinge,unknown,hinge,pivot_rotate,0.30853,1,0.29280,1,1,0,0,0,0.79072,1.89585,0.54033,0.21130,0.55,0.11891,0.14659,0.30853,0.15685,0.13087,0.13824,0.12,0.00000
0,12015,combined_fixture_stress_0_12015_hinge,combined_fixture_stress,robust_impedance_planner,hinge,unknown,hinge,pivot_rotate,0.62900,1,0.34478,1,1,0,0,0,0.78552,1.89767,0.63128,0.13595,0.55,0.05290,0.06814,0.62900,0.09275,0.06310,0.09411,0.12,0.00000
0,12015,combined_fixture_stress_0_12015_hinge,combined_fixture_stress,adaptive_probe_then_act,hinge,unknown,hinge,pivot_rotate,0.69639,1,0.20429,1,1,0,0,0,0.79957,1.89276,0.66484,0.11233,0.55,0.04373,0.05540,0.69639,0.06961,0.05052,0.08435,0.12,0.00000
0,12015,combined_fixture_stress_0_12015_hinge,combined_fixture_stress,particle_filter_fixture,hinge,unknown,hinge,pivot_rotate,0.56850,1,0.28000,1,1,0,0,0,0.79200,1.89541,0.56610,0.18827,0.55,0.01516,0.18237,0.56850,0.12069,0.05041,0.06286,0.12,0.00000
0,12015,combined_fixture_stress_0_12015_hinge,combined_fixture_stress,latent_fixture_inference_v5,hinge,unknown,hinge,cautious_probe_pull,0.40539,1,0.18162,0,0,1,1,0,0.02783,2.85096,0.08620,0.00743,0.55,0.04530,0.23454,0.40539,0.15359,0.08321,0.07796,0.12,0.55000
0,12016,combined_fixture_stress_0_12016_slot,combined_fixture_stress,prototype_system_id,slot,unknown,slot,follow_slot_axis,0.46937,1,0.25000,0,0,1,0,0,0.17500,2.09336,0.58995,0.34804,0.55,0.02745,0.04447,0.26159,0.46937,0.08041,0.11670,0.12,0.00000
0,12016,combined_fixture_stress_0_12016_slot,combined_fixture_stress,calibrated_prototype_system_id,slot,unknown,slot,follow_slot_axis,0.50140,1,0.25500,0,0,1,0,0,0.17450,2.09354,0.62069,0.38525,0.55,0.03720,0.04678,0.24337,0.50140,0.07119,0.10006,0.12,0.00000
0,12016,combined_fixture_stress_0_12016_slot,combined_fixture_stress,random_forest_probe_classifier,slot,unknown,slot,follow_slot_axis,0.48880,1,0.27090,1,1,0,0,0,0.79291,1.87710,0.62262,0.14241,0.55,0.00129,0.22463,0.27053,0.48880,0.01017,0.00458,0.12,0.00000
0,12016,combined_fixture_stress_0_12016_slot,combined_fixture_stress,bayesian_fixture_belief,slot,unknown,slot,follow_slot_axis,0.20985,1,0.29280,1,1,0,0,0,0.79072,1.87786,0.54518,0.20686,0.55,0.12877,0.18557,0.17947,0.20985,0.14913,0.14722,0.12,0.00000
0,12016,combined_fixture_stress_0_12016_slot,combined_fixture_stress,robust_impedance_planner,slot,unknown,slot,cautious_probe_pull,0.41042,1,0.34315,0,0,1,1,0,0.02056,2.83863,0.25461,0.06483,0.55,0.05922,0.08907,0.23004,0.41042,0.09495,0.11629,0.12,0.55000
0,12016,combined_fixture_stress_0_12016_slot,combined_fixture_stress,adaptive_probe_then_act,slot,unknown,slot,follow_slot_axis,0.45077,1,0.22394,0,0,1,0,0,0.17761,2.09245,0.63527,0.40357,0.55,0.06503,0.07221,0.25786,0.45077,0.07086,0.08327,0.12,0.00000
0,12016,combined_fixture_stress_0_12016_slot,combined_fixture_stress,particle_filter_fixture,slot,unknown,clamp,release_clamp_pull,0.34912,0,0.78000,0,0,1,1,0,0.05490,2.81191,0.01636,0.00027,0.55,0.01376,0.34912,0.17614,0.33433,0.05623,0.07042,0.12,0.55000
0,12016,combined_fixture_stress_0_12016_slot,combined_fixture_stress,latent_fixture_inference_v5,slot,unknown,clamp,release_clamp_pull,0.42643,0,0.66000,0,0,1,0,0,0.13400,2.10771,0.01679,0.00028,0.55,0.04500,0.42643,0.14197,0.23073,0.07778,0.07809,0.12,0.00000
0,12017,combined_fixture_stress_0_12017_suction,combined_fixture_stress,prototype_system_id,suction,free,suction,peel_then_translate,0.55456,1,0.25000,0,0,1,0,0,0.05500,2.29635,0.56272,0.31665,0.55,0.00545,0.16590,0.06395,0.09621,0.55456,0.11391,0.12,0.00000
0,12017,combined_fixture_stress_0_12017_suction,combined_fixture_stress,calibrated_prototype_system_id,suction,free,suction,peel_then_translate,0.58196,1,0.25500,1,1,0,0,0,0.67450,2.07952,0.59281,0.16580,0.55,0.10783,0.12386,0.04218,0.06516,0.58196,0.07902,0.12,0.00000
0,12017,combined_fixture_stress_0_12017_suction,combined_fixture_stress,random_forest_probe_classifier,suction,free,suction,peel_then_translate,0.81299,1,0.24496,0,0,1,0,0,0.05550,2.29617,0.64857,0.42065,0.55,0.00068,0.16675,0.00313,0.00501,0.81299,0.01144,0.12,0.00000
0,12017,combined_fixture_stress_0_12017_suction,combined_fixture_stress,bayesian_fixture_belief,suction,free,suction,peel_then_translate,0.35265,1,0.29280,1,1,0,0,0,0.67072,2.08084,0.53223,0.21881,0.55,0.16292,0.14873,0.10460,0.11078,0.35265,0.12032,0.12,0.00000
0,12017,combined_fixture_stress_0_12017_suction,combined_fixture_stress,robust_impedance_planner,suction,free,suction,peel_then_translate,0.52999,1,0.35778,1,1,0,0,0,0.66422,2.08312,0.59100,0.16728,0.55,0.06330,0.14711,0.06801,0.08864,0.52999,0.10294,0.12,0.00000
0,12017,combined_fixture_stress_0_12017_suction,combined_fixture_stress,adaptive_probe_then_act,suction,free,suction,peel_then_translate,0.64179,1,0.20866,0,0,1,0,1,0.02661,2.29490,0.63456,0.40267,0.55,0.05593,0.10179,0.06630,0.06233,0.64179,0.07185,0.12,0.45000
0,12017,combined_fixture_stress_0_12017_suction,combined_fixture_stress,particle_filter_fixture,suction,free,suction,peel_then_translate,0.67919,1,0.28000,0,0,1,0,0,0.05200,2.29740,0.56786,0.32246,0.55,0.00274,0.14716,0.03578,0.05745,0.67919,0.07768,0.12,0.00000
0,12017,combined_fixture_stress_0_12017_suction,combined_fixture_stress,latent_fixture_inference_v5,suction,free,suction,peel_then_translate,0.61653,1,0.16684,1,1,0,0,0,0.68332,2.07644,0.64970,0.12271,0.55,0.05047,0.14321,0.04857,0.06160,0.61653,0.07962,0.12,0.00000
0,12018,combined_fixture_stress_0_12018_tether,combined_fixture_stress,prototype_system_id,tether,unknown,tether,unwind_tether,0.25918,1,0.25000,1,1,0,0,0,0.67500,1.88188,0.49369,0.25635,0.55,0.09908,0.07532,0.15560,0.20568,0.20514,0.25918,0.12,0.00000
0,12018,combined_fixture_stress_0_12018_tether,combined_fixture_stress,calibrated_prototype_system_id,tether,unknown,tether,unwind_tether,0.27126,1,0.25500,0,1,0,1,0,0.30352,2.58206,0.51848,0.23186,0.55,0.09400,0.07328,0.15003,0.20603,0.20540,0.27126,0.12,0.55000
0,12018,combined_fixture_stress_0_12018_tether,combined_fixture_stress,random_forest_probe_classifier,tether,unknown,slot,follow_slot_axis,0.23352,0,0.80000,0,0,1,1,0,0.05400,2.77613,0.01571,0.00025,0.55,0.00182,0.11572,0.18550,0.23352,0.23098,0.23245,0.12,0.55000
0,12018,combined_fixture_stress_0_12018_tether,combined_fixture_stress,bayesian_fixture_belief,tether,unknown,tether,unwind_tether,0.24478,1,0.29280,1,1,0,0,0,0.67072,1.88338,0.49683,0.25318,0.55,0.12079,0.16922,0.14625,0.16140,0.15754,0.24478,0.12,0.00000
0,12018,combined_fixture_stress_0_12018_tether,combined_fixture_stress,robust_impedance_planner,tether,unknown,tether,cautious_probe_pull,0.26665,1,0.33983,0,1,0,0,1,0.29971,1.88503,0.17955,0.67313,0.55,0.09951,0.10265,0.14864,0.19222,0.19033,0.26665,0.12,0.45000
0,12018,combined_fixture_stress_0_12018_tether,combined_fixture_stress,adaptive_probe_then_act,tether,unknown,tether,cautious_probe_pull,0.34207,1,0.23263,0,0,1,1,0,0.02553,2.79828,0.19425,0.03773,0.55,0.08801,0.07864,0.12202,0.21836,0.15090,0.34207,0.12,0.55000
0,12018,combined_fixture_stress_0_12018_tether,combined_fixture_stress,particle_filter_fixture,tether,unknown,tether,unwind_tether,0.31878,1,0.28000,1,1,0,0,0,0.67200,1.88293,0.48871,0.26142,0.55,0.05840,0.20969,0.11077,0.15324,0.14913,0.31878,0.12,0.00000
0,12018,combined_fixture_stress_0_12018_tether,combined_fixture_stress,latent_fixture_inference_v5,tether,unknown,tether,cautious_probe_pull,0.31713,1,0.18780,0,0,1,1,1,0.02755,2.79671,0.21155,0.04475,0.55,0.06290,0.25452,0.10412,0.13340,0.12794,0.31713,0.12,1.00000
0,12019,combined_fixture_stress_0_12019_free,combined_fixture_stress,prototype_system_id,free,unknown,free,direct_translate,0.80933,1,0.25000,1,1,0,0,0,0.79500,1.85436,0.73164,0.07202,0.55,0.80933,0.00846,0.08129,0.04134,0.01860,0.04098,0.12,0.00000
0,12019,combined_fixture_stress_0_12019_free,combined_fixture_stress,calibrated_prototype_system_id,free,unknown,free,direct_translate,0.79650,1,0.25500,1,1,0,0,0,0.79450,1.85453,0.75574,0.05967,0.55,0.79650,0.02836,0.06195,0.04091,0.03154,0.04074,0.12,0.00000
0,12019,combined_fixture_stress_0_12019_free,combined_fixture_stress,random_forest_probe_classifier,free,unknown,free,direct_translate,0.76410,1,0.24887,0,1,0,1,0,0.35780,2.55432,0.75952,0.05783,0.55,0.76410,0.04667,0.05182,0.06336,0.03298,0.04108,0.12,0.55000
0,12019,combined_fixture_stress_0_12019_free,combined_fixture_stress,bayesian_fixture_belief,free,unknown,free,direct_translate,0.28069,1,0.29280,1,1,0,0,0,0.79072,1.85585,0.62295,0.14217,0.55,0.28069,0.12813,0.16423,0.14984,0.13255,0.14457,0.12,0.00000
0,12019,combined_fixture_stress_0_12019_free,combined_fixture_stress,robust_impedance_planner,free,unknown,free,direct_translate,0.65705,1,0.34115,1,1,0,0,0,0.78589,1.85755,0.73724,0.06904,0.55,0.65705,0.05078,0.09558,0.07145,0.05584,0.06930,0.12,0.00000
0,12019,combined_fixture_stress_0_12019_free,combined_fixture_stress,adaptive_probe_then_act,free,unknown,free,direct_translate,0.70714,1,0.20343,1,1,0,0,0,0.79966,1.85273,0.76825,0.05371,0.55,0.70714,0.04435,0.08828,0.05740,0.04729,0.05554,0.12,0.00000
0,12019,combined_fixture_stress_0_12019_free,combined_fixture_stress,particle_filter_fixture,free,unknown,free,direct_translate,0.57412,1,0.28000,0,1,0,0,1,0.35640,1.85541,0.66400,0.11290,0.55,0.57412,0.07088,0.11331,0.10973,0.05495,0.07700,0.12,0.45000
0,12019,combined_fixture_stress_0_12019_free,combined_fixture_stress,latent_fixture_inference_v5,free,unknown,free,cautious_probe_pull,0.37413,1,0.18381,0,0,1,0,1,0.02773,2.11104,0.44764,0.20038,0.55,0.37413,0.11459,0.14708,0.15331,0.09521,0.11568,0.12,0.45000
1,12012,combined_fixture_stress_1_12012_clamp,combined_fixture_stress,prototype_system_id,clamp,unknown,clamp,release_clamp_pull,0.39980,1,0.25000,1,0,0,0,0,0.79500,1.87739,0.52654,0.22417,0.55,0.01140,0.39980,0.10063,0.05496,0.12317,0.31004,0.12,0.00000
1,12012,combined_fixture_stress_1_12012_clamp,combined_fixture_stress,calibrated_prototype_system_id,clamp,unknown,clamp,release_clamp_pull,0.41691,1,0.25500,0,0,1,0,0,0.17450,2.09457,0.55342,0.30627,0.55,0.02997,0.41691,0.08799,0.05391,0.10709,0.30413,0.12,0.00000
1,12012,combined_fixture_stress_1_12012_clamp,combined_fixture_stress,random_forest_probe_classifier,clamp,unknown,clamp,release_clamp_pull,0.55010,1,0.26599,1,1,0,0,0,0.79340,1.87795,0.58394,0.17311,0.55,0.00049,0.55010,0.05169,0.09830,0.06876,0.23067,0.12,0.00000
1,12012,combined_fixture_stress_1_12012_clamp,combined_fixture_stress,bayesian_fixture_belief,clamp,unknown,clamp,release_clamp_pull,0.24682,1,0.29280,1,1,0,0,0,0.79072,1.87889,0.50508,0.24495,0.55,0.10335,0.24682,0.12425,0.11873,0.16493,0.24191,0.12,0.00000
1,12012,combined_fixture_stress_1_12012_clamp,combined_fixture_stress,robust_impedance_planner,clamp,unknown,clamp,cautious_probe_pull,0.36853,1,0.34324,0,0,1,1,0,0.02056,2.83965,0.11107,0.01234,0.55,0.04283,0.36853,0.09811,0.06942,0.12783,0.29328,0.12,0.55000
1,12012,combined_fixture_stress_1_12012_clamp,combined_fixture_stress,adaptive_probe_then_act,clamp,unknown,clamp,release_clamp_pull,0.47452,1,0.22204,1,1,0,0,0,0.79780,1.87641,0.58958,0.16845,0.55,0.03665,0.47452,0.08647,0.05271,0.09247,0.25718,0.12,0.00000
1,12012,combined_fixture_stress_1_12012_clamp,combined_fixture_stress,particle_filter_fixture,clamp,unknown,clamp,release_clamp_pull,0.37160,1,0.28000,1,1,0,0,0,0.79200,1.87844,0.50588,0.24415,0.55,0.00499,0.37160,0.06598,0.04326,0.16879,0.34537,0.12,0.00000
1,12012,combined_fixture_stress_1_12012_clamp,combined_fixture_stress,latent_fixture_inference_v5,clamp,unknown,tether,cautious_probe_pull,0.32559,0,0.66000,0,0,1,1,0,0.00630,2.85074,0.02425,0.00059,0.55,0.03319,0.31490,0.07279,0.06426,0.18928,0.32559,0.12,0.55000
1,12013,combined_fixture_stress_1_12013_hinge,combined_fixture_stress,prototype_system_id,hinge,slot,hinge,pivot_rotate,0.82867,1,0.25000,1,1,0,0,0,0.79500,1.83365,0.63110,0.13609,0.55,0.00893,0.02372,0.82867,0.05301,0.02535,0.06033,0.12,0.00000
1,12013,combined_fixture_stress_1_12013_hinge,combined_fixture_stress,calibrated_prototype_system_id,hinge,slot,hinge,pivot_rotate,0.79215,1,0.25500,0,1,0,0,1,0.35752,1.83383,0.65116,0.12169,0.55,0.01246,0.01731,0.79215,0.12622,0.01793,0.03392,0.12,0.45000
1,12013,combined_fixture_stress_1_12013_hinge,combined_fixture_stress,random_forest_probe_classifier,hinge,slot,hinge,pivot_rotate,0.78163,1,0.24747,1,1,0,0,0,0.79525,1.83357,0.66064,0.11517,0.55,0.00347,0.09288,0.78163,0.09230,0.02016,0.00955,0.12,0.00000
1,12013,combined_fixture_stress_1_12013_hinge,combined_fixture_stress,bayesian_fixture_belief,hinge,slot,hinge,pivot_rotate,0.29319,1,0.29280,1,1,0,0,0,0.79072,1.83515,0.53745,0.21395,0.55,0.11053,0.12978,0.29319,0.22272,0.11988,0.12391,0.12,0.00000
1,12013,combined_fixture_stress_1_12013_hinge,combined_fixture_stress,robust_impedance_planner,hinge,slot,hinge,pivot_rotate,0.67178,1,0.33926,1,1,0,0,0,0.78607,1.83678,0.64123,0.12872,0.55,0.04421,0.05660,0.67178,0.10409,0.05345,0.06987,0.12,0.00000
1,12013,combined_fixture_stress_1_12013_hinge,combined_fixture_stress,adaptive_probe_then_act,hinge,slot,hinge,pivot_rotate,0.73313,1,0.20135,1,1,0,0,0,0.79987,1.83195,0.67313,0.10684,0.55,0.03841,0.04715,0.73313,0.08459,0.04406,0.05266,0.12,0.00000
1,12013,combined_fixture_stress_1_12013_hinge,combined_fixture_stress,particle_filter_fixture,hinge,slot,hinge,pivot_rotate,0.61042,1,0.28000,0,0,1,0,0,0.17200,2.05170,0.57366,0.32909,0.55,0.00790,0.14466,0.61042,0.15760,0.03909,0.04033,0.12,0.00000
1,12013,combined_fixture_stress_1_12013_hinge,combined_fixture_stress,latent_fixture_inference_v5,hinge,slot,hinge,cautious_probe_pull,0.41057,1,0.18126,0,0,0,1,1,0.30684,2.57325,0.08644,0.83460,0.55,0.03958,0.19190,0.41057,0.22405,0.07172,0.06217,0.12,1.00000
1,12014,combined_fixture_stress_1_12014_slot,combined_fixture_stress,prototype_system_id,slot,slot,slot,follow_slot_axis,0.81312,1,0.25000,0,0,1,0,0,0.17500,2.26953,0.65664,0.43118,0.55,0.01413,0.01830,0.05762,0.81312,0.04509,0.05175,0.12,0.00000
1,12014,combined_fixture_stress_1_12014_slot,combined_fixture_stress,calibrated_prototype_system_id,slot,slot,slot,follow_slot_axis,0.88106,1,0.25500,1,1,0,0,0,0.79450,2.05271,0.69738,0.09158,0.55,0.01404,0.01544,0.03289,0.88106,0.02666,0.02991,0.12,0.00000
1,12014,combined_fixture_stress_1_12014_slot,combined_fixture_stress,random_forest_probe_classifier,slot,slot,slot,follow_slot_axis,0.78985,1,0.24681,1,1,0,0,0,0.79532,2.05242,0.69068,0.09568,0.55,0.00101,0.19165,0.00551,0.78985,0.00838,0.00361,0.12,0.00000
1,12014,combined_fixture_stress_1_12014_slot,combined_fixture_stress,bayesian_fixture_belief,slot,slot,slot,follow_slot_axis,0.38919,1,0.29280,0,0,1,0,0,0.17072,2.27103,0.58033,0.33679,0.55,0.11184,0.13506,0.12222,0.38919,0.12231,0.11938,0.12,0.00000
1,12014,combined_fixture_stress_1_12014_slot,combined_fixture_stress,robust_impedance_planner,slot,slot,slot,follow_slot_axis,0.70158,1,0.35916,1,1,0,0,0,0.78408,2.05635,0.66914,0.10947,0.55,0.04641,0.05668,0.06823,0.70158,0.06262,0.06447,0.12,0.00000
1,12014,combined_fixture_stress_1_12014_slot,combined_fixture_stress,adaptive_probe_then_act,slot,slot,slot,follow_slot_axis,0.76257,1,0.19899,1,1,0,0,0,0.80010,2.05075,0.70780,0.08538,0.55,0.03957,0.04809,0.05163,0.76257,0.04884,0.04931,0.12,0.00000
1,12014,combined_fixture_stress_1_12014_slot,combined_fixture_stress,particle_filter_fixture,slot,slot,slot,follow_slot_axis,0.61490,1,0.28000,0,0,1,0,0,0.17200,2.27058,0.60123,0.36148,0.55,0.00637,0.28674,0.03326,0.61490,0.03120,0.02753,0.12,0.00000
1,12014,combined_fixture_stress_1_12014_slot,combined_fixture_stress,latent_fixture_inference_v5,slot,slot,slot,follow_slot_axis,0.44979,1,0.17851,0,0,1,0,0,0.18215,2.26703,0.65505,0.42909,0.55,0.03670,0.35223,0.05471,0.44979,0.05694,0.04963,0.12,0.00000
1,12015,combined_fixture_stress_1_12015_suction,combined_fixture_stress,prototype_system_id,suction,slot,suction,peel_then_translate,0.55998,1,0.25000,1,1,0,0,0,0.67500,2.01503,0.56369,0.19037,0.55,0.00966,0.11998,0.04004,0.18631,0.55998,0.08404,0.12,0.00000
1,12015,combined_fixture_stress_1_12015_suction,combined_fixture_stress,calibrated_prototype_system_id,suction,slot,suction,peel_then_translate,0.58327,1,0.25500,1,1,0,0,0,0.67450,2.01521,0.59306,0.16560,0.55,0.01313,0.08317,0.02730,0.23750,0.58327,0.05564,0.12,0.00000
1,12015,combined_fixture_stress_1_12015_suction,combined_fixture_stress,random_forest_probe_classifier,suction,slot,suction,peel_then_translate,0.87616,1,0.23991,0,0,0,1,0,0.30420,2.71468,0.66214,0.11415,0.55,0.00026,0.06060,0.00173,0.05495,0.87616,0.00630,0.12,0.55000
1,12015,combined_fixture_stress_1_12015_suction,combined_fixture_stress,bayesian_fixture_belief,suction,slot,suction,peel_then_translate,0.36582,1,0.29280,0,0,1,0,0,0.05072,2.23353,0.53463,0.28583,0.55,0.09611,0.12678,0.10081,0.19907,0.36582,0.11141,0.12,0.00000
1,12015,combined_fixture_stress_1_12015_suction,combined_fixture_stress,robust_impedance_planner,suction,slot,suction,peel_then_translate,0.53698,1,0.35193,1,1,0,0,0,0.66481,2.01860,0.59386,0.16495,0.55,0.03930,0.10873,0.05414,0.17933,0.53698,0.08152,0.12,0.00000
1,12015,combined_fixture_stress_1_12015_suction,combined_fixture_stress,adaptive_probe_then_act,suction,slot,suction,peel_then_translate,0.61393,1,0.21089,1,1,0,0,0,0.67891,2.01366,0.62846,0.13804,0.55,0.03381,0.09238,0.04181,0.15982,0.61393,0.05824,0.12,0.00000
1,12015,combined_fixture_stress_1_12015_suction,combined_fixture_stress,particle_filter_fixture,suction,slot,suction,peel_then_translate,0.71039,1,0.28000,1,1,0,0,0,0.67200,2.01608,0.57331,0.18207,0.55,0.00380,0.08940,0.02056,0.12400,0.71039,0.05185,0.12,0.00000
1,12015,combined_fixture_stress_1_12015_suction,combined_fixture_stress,latent_fixture_inference_v5,suction,slot,suction,peel_then_translate,0.65303,1,0.16429,0,0,1,0,0,0.06357,2.22903,0.65783,0.43274,0.55,0.03032,0.09216,0.03971,0.12421,0.65303,0.06057,0.12,0.00000
1,12016,combined_fixture_stress_1_12016_tether,combined_fixture_stress,prototype_system_id,tether,unknown,tether,unwind_tether,0.51291,1,0.25000,0,0,0,0,1,0.30375,1.97872,0.53795,0.21349,0.55,0.01433,0.14403,0.17929,0.06177,0.08767,0.51291,0.12,0.45000
1,12016,combined_fixture_stress_1_12016_tether,combined_fixture_stress,calibrated_prototype_system_id,tether,unknown,tether,unwind_tether,0.55619,1,0.25500,1,1,0,0,0,0.67450,1.97889,0.57045,0.18451,0.55,0.03103,0.12304,0.15595,0.05762,0.07618,0.55619,0.12,0.00000
1,12016,combined_fixture_stress_1_12016_tether,combined_fixture_stress,random_forest_probe_classifier,tether,unknown,tether,unwind_tether,0.78881,1,0.24690,1,1,0,0,0,0.67531,1.97861,0.62458,0.14094,0.55,0.00145,0.12272,0.05722,0.01536,0.01444,0.78881,0.12,0.00000
1,12016,combined_fixture_stress_1_12016_tether,combined_fixture_stress,bayesian_fixture_belief,tether,unknown,tether,unwind_tether,0.29810,1,0.29280,1,1,0,0,0,0.67072,1.98021,0.50623,0.24381,0.55,0.10668,0.19449,0.14583,0.12490,0.12999,0.29810,0.12,0.00000
1,12016,combined_fixture_stress_1_12016_tether,combined_fixture_stress,robust_impedance_planner,tether,unknown,tether,cautious_probe_pull,0.47975,1,0.34863,0,0,1,1,0,0.02031,2.89917,0.19078,0.03640,0.55,0.04516,0.15151,0.15684,0.07504,0.09170,0.47975,0.12,0.55000
1,12016,combined_fixture_stress_1_12016_tether,combined_fixture_stress,adaptive_probe_then_act,tether,unknown,tether,unwind_tether,0.53849,1,0.21692,1,1,0,0,0,0.67831,1.97756,0.59459,0.16436,0.55,0.03826,0.10974,0.19041,0.05649,0.06661,0.53849,0.12,0.00000
1,12016,combined_fixture_stress_1_12016_tether,combined_fixture_stress,particle_filter_fixture,tether,unknown,tether,unwind_tether,0.48807,1,0.28000,1,1,0,0,0,0.67200,1.97977,0.51734,0.23296,0.55,0.00766,0.26037,0.12444,0.05281,0.06667,0.48807,0.12,0.00000
1,12016,combined_fixture_stress_1_12016_tether,combined_fixture_stress,latent_fixture_inference_v5,tether,unknown,tether,cautious_probe_pull,0.40704,1,0.18151,1,1,0,0,0,0.68185,1.97632,0.21971,0.60886,0.55,0.03620,0.29089,0.11101,0.07414,0.08073,0.40704,0.12,0.00000
1,12017,combined_fixture_stress_1_12017_free,combined_fixture_stress,prototype_system_id,free,unknown,free,direct_translate,0.94578,1,0.25000,0,1,0,0,1,0.35775,2.05688,0.76117,0.05704,0.55,0.94578,0.00208,0.01399,0.01848,0.00582,0.01385,0.12,0.45000
1,12017,combined_fixture_stress_1_12017_free,combined_fixture_stress,calibrated_prototype_system_id,free,unknown,free,direct_translate,0.85554,1,0.25500,1,1,0,0,0,0.79450,2.05706,0.76898,0.05337,0.55,0.85554,0.02689,0.02957,0.03089,0.02756,0.02954,0.12,0.00000
1,12017,combined_fixture_stress_1_12017_free,combined_fixture_stress,random_forest_probe_classifier,free,unknown,free,direct_translate,0.76872,1,0.24850,1,1,0,0,0,0.79515,2.05683,0.76068,0.05728,0.55,0.76872,0.04354,0.06158,0.05964,0.03437,0.03215,0.12,0.00000
1,12017,combined_fixture_stress_1_12017_free,combined_fixture_stress,bayesian_fixture_belief,free,unknown,free,direct_translate,0.32009,1,0.29280,0,1,0,1,1,0.35582,2.75838,0.63156,0.13575,0.55,0.32009,0.12893,0.13998,0.14281,0.13173,0.13647,0.12,1.00000
1,12017,combined_fixture_stress_1_12017_free,combined_fixture_stress,robust_impedance_planner,free,unknown,free,direct_translate,0.72815,1,0.35956,0,0,1,0,0,0.16404,2.27772,0.74838,0.56007,0.55,0.72815,0.04933,0.05671,0.05921,0.05126,0.05533,0.12,0.00000
1,12017,combined_fixture_stress_1_12017_free,combined_fixture_stress,adaptive_probe_then_act,free,unknown,free,direct_translate,0.76371,1,0.19890,1,0,0,0,0,0.80011,2.05510,0.78277,0.04719,0.55,0.76371,0.04395,0.04893,0.05048,0.04521,0.04771,0.12,0.00000
1,12017,combined_fixture_stress_1_12017_free,combined_fixture_stress,particle_filter_fixture,free,unknown,free,direct_translate,0.64469,1,0.28000,1,1,0,0,0,0.79200,2.05793,0.67890,0.10311,0.55,0.64469,0.06408,0.09452,0.09343,0.05183,0.05145,0.12,0.00000
1,12017,combined_fixture_stress_1_12017_free,combined_fixture_stress,latent_fixture_inference_v5,free,unknown,free,cautious_probe_pull,0.41734,1,0.18079,0,1,0,1,1,0.30686,2.79646,0.45497,0.29706,0.55,0.41734,0.10908,0.14281,0.14112,0.09544,0.09420,0.12,1.00000
1,12018,combined_fixture_stress_1_12018_clamp,combined_fixture_stress,prototype_system_id,clamp,unknown,clamp,release_clamp_pull,0.44965,1,0.25000,1,1,0,0,0,0.79500,1.88134,0.53537,0.21588,0.55,0.00571,0.44965,0.06932,0.02995,0.26143,0.18393,0.12,0.00000
1,12018,combined_fixture_stress_1_12018_clamp,combined_fixture_stress,calibrated_prototype_system_id,clamp,unknown,clamp,release_clamp_pull,0.46988,1,0.25500,0,0,1,0,0,0.17450,2.09851,0.56323,0.31722,0.55,0.02793,0.46988,0.06275,0.03837,0.24079,0.16027,0.12,0.00000
1,12018,combined_fixture_stress_1_12018_clamp,combined_fixture_stress,random_forest_probe_classifier,clamp,unknown,clamp,release_clamp_pull,0.59991,1,0.26201,1,1,0,0,0,0.79380,1.88176,0.59432,0.16458,0.55,0.00027,0.59991,0.05020,0.00266,0.31289,0.03408,0.12,0.00000
1,12018,combined_fixture_stress_1_12018_clamp,combined_fixture_stress,bayesian_fixture_belief,clamp,unknown,suction,peel_then_translate,0.26901,0,0.79000,0,0,1,0,0,0.00100,2.15924,0.01591,0.00025,0.55,0.10600,0.22334,0.12152,0.11143,0.26901,0.16869,0.12,0.00000
1,12018,combined_fixture_stress_1_12018_clamp,combined_fixture_stress,robust_impedance_planner,clamp,unknown,clamp,cautious_probe_pull,0.39583,1,0.34360,0,0,1,0,1,0.02054,2.14361,0.11201,0.01255,0.55,0.04178,0.39583,0.07782,0.05369,0.26249,0.16839,0.12,0.45000
1,12018,combined_fixture_stress_1_12018_clamp,combined_fixture_stress,adaptive_probe_then_act,clamp,unknown,clamp,release_clamp_pull,0.45757,1,0.22339,1,1,0,0,0,0.79766,1.88041,0.58595,0.17144,0.55,0.03663,0.45757,0.12352,0.04320,0.22128,0.11781,0.12,0.00000
1,12018,combined_fixture_stress_1_12018_clamp,combined_fixture_stress,particle_filter_fixture,clamp,unknown,suction,peel_then_translate,0.42758,0,0.78000,0,0,1,0,1,0.00090,2.15889,0.01679,0.00028,0.55,0.00226,0.35188,0.04435,0.01693,0.42758,0.15699,0.12,0.45000
1,12018,combined_fixture_stress_1_12018_clamp,combined_fixture_stress,latent_fixture_inference_v5,clamp,unknown,suction,peel_then_translate,0.44737,0,0.66000,0,0,1,0,0,0.01400,2.15469,0.01691,0.00029,0.55,0.03278,0.26438,0.06092,0.04246,0.44737,0.15209,0.12,0.00000
1,12019,combined_fixture_stress_1_12019_hinge,combined_fixture_stress,prototype_system_id,hinge,hinge,hinge,pivot_rotate,0.69780,1,0.25000,0,1,0,1,0,0.35775,2.68347,0.60681,0.15460,0.55,0.02152,0.03448,0.69780,0.08769,0.04329,0.11522,0.12,0.55000
1,12019,combined_fixture_stress_1_12019_hinge,combined_fixture_stress,calibrated_prototype_system_id,hinge,hinge,hinge,pivot_rotate,0.80535,1,0.25500,1,1,0,0,0,0.79450,1.98364,0.65372,0.11991,0.55,0.01723,0.02303,0.80535,0.05391,0.02744,0.07304,0.12,0.00000
1,12019,combined_fixture_stress_1_12019_hinge,combined_fixture_stress,random_forest_probe_classifier,hinge,hinge,hinge,pivot_rotate,0.79041,1,0.24677,1,1,0,0,0,0.79532,1.98335,0.66256,0.11386,0.55,0.00359,0.10690,0.79041,0.02517,0.01994,0.05398,0.12,0.00000
1,12019,combined_fixture_stress_1_12019_hinge,combined_fixture_stress,bayesian_fixture_belief,hinge,hinge,hinge,pivot_rotate,0.39390,1,0.29280,1,0,0,0,0,0.79072,1.98497,0.55635,0.19683,0.55,0.10487,0.12906,0.39390,0.13023,0.11672,0.12522,0.12,0.00000
1,12019,combined_fixture_stress_1_12019_hinge,combined_fixture_stress,robust_impedance_planner,hinge,hinge,hinge,pivot_rotate,0.64061,1,0.35288,1,1,0,0,0,0.78471,1.98707,0.63139,0.13587,0.55,0.04684,0.06147,0.64061,0.08840,0.06078,0.10191,0.12,0.00000
1,12019,combined_fixture_stress_1_12019_hinge,combined_fixture_stress,adaptive_probe_then_act,hinge,hinge,hinge,pivot_rotate,0.68052,1,0.20556,1,1,0,0,0,0.79944,1.98191,0.66127,0.11474,0.55,0.03864,0.04949,0.68052,0.06386,0.04729,0.12020,0.12,0.00000
1,12019,combined_fixture_stress_1_12019_hinge,combined_fixture_stress,particle_filter_fixture,hinge,hinge,hinge,pivot_rotate,0.61328,1,0.28000,1,1,0,0,0,0.79200,1.98452,0.57418,0.18132,0.55,0.01365,0.17080,0.61328,0.07981,0.04811,0.07434,0.12,0.00000
1,12019,combined_fixture_stress_1_12019_hinge,combined_fixture_stress,latent_fixture_inference_v5,hinge,hinge,hinge,pivot_rotate,0.49473,1,0.17537,1,1,0,0,0,0.80246,1.98086,0.63985,0.12971,0.55,0.04009,0.21657,0.49473,0.09646,0.07411,0.07804,0.12,0.00000
2,12012,combined_fixture_stress_2_12012_slot,combined_fixture_stress,prototype_system_id,slot,unknown,slot,follow_slot_axis,0.67404,1,0.25000,1,1,0,0,0,0.79500,1.99730,0.62966,0.13715,0.55,0.04332,0.03837,0.06875,0.67404,0.07304,0.10248,0.12,0.00000
2,12012,combined_fixture_stress_2_12012_slot,combined_fixture_stress,calibrated_prototype_system_id,slot,unknown,slot,follow_slot_axis,0.71294,1,0.25500,1,1,0,0,0,0.79450,1.99747,0.66342,0.11329,0.55,0.04394,0.04135,0.05877,0.71294,0.06149,0.08151,0.12,0.00000
2,12012,combined_fixture_stress_2_12012_slot,combined_fixture_stress,random_forest_probe_classifier,slot,unknown,slot,follow_slot_axis,0.66940,1,0.25645,0,1,0,0,1,0.35746,1.99752,0.66330,0.11337,0.55,0.08831,0.22031,0.00659,0.66940,0.01012,0.00528,0.12,0.45000
2,12012,combined_fixture_stress_2_12012_slot,combined_fixture_stress,bayesian_fixture_belief,slot,unknown,slot,follow_slot_axis,0.25615,1,0.29280,1,1,0,0,0,0.79072,1.99880,0.55425,0.19869,0.55,0.13071,0.17764,0.14242,0.25615,0.14699,0.14610,0.12,0.00000
2,12012,combined_fixture_stress_2_12012_slot,combined_fixture_stress,robust_impedance_planner,slot,unknown,slot,follow_slot_axis,0.57698,1,0.35414,0,0,1,0,0,0.16459,2.21794,0.64500,0.41602,0.55,0.06642,0.08194,0.08358,0.57698,0.08758,0.10350,0.12,0.00000
2,12012,combined_fixture_stress_2_12012_slot,combined_fixture_stress,adaptive_probe_then_act,slot,unknown,slot,follow_slot_axis,0.64454,1,0.20844,1,0,0,0,0,0.79916,1.99584,0.68019,0.10228,0.55,0.06874,0.06705,0.07943,0.64454,0.06575,0.07450,0.12,0.00000
2,12012,combined_fixture_stress_2_12012_slot,combined_fixture_stress,particle_filter_fixture,slot,unknown,slot,follow_slot_axis,0.48763,1,0.28000,1,1,0,0,0,0.79200,1.99835,0.57722,0.17874,0.55,0.02112,0.33870,0.04252,0.48763,0.05007,0.05997,0.12,0.00000
2,12012,combined_fixture_stress_2_12012_slot,combined_fixture_stress,latent_fixture_inference_v5,slot,unknown,clamp,cautious_probe_pull,0.41521,0,0.66000,0,0,1,1,0,0.00630,2.97065,0.16717,0.02795,0.55,0.04832,0.41521,0.06595,0.32335,0.07402,0.07314,0.12,0.55000
2,12013,combined_fixture_stress_2_12013_suction,combined_fixture_stress,prototype_system_id,suction,unknown,suction,peel_then_translate,0.42661,1,0.25000,0,1,0,0,1,0.30375,2.07677,0.53968,0.21189,0.55,0.00796,0.17328,0.03713,0.18363,0.42661,0.17138,0.12,0.45000
2,12013,combined_fixture_stress_2_12013_suction,combined_fixture_stress,calibrated_prototype_system_id,suction,unknown,suction,peel_then_translate,0.45562,1,0.25500,0,1,0,1,0,0.30352,2.77695,0.56906,0.18571,0.55,0.02872,0.15476,0.04289,0.16513,0.45562,0.15288,0.12,0.55000
2,12013,combined_fixture_stress_2_12013_suction,combined_fixture_stress,random_forest_probe_classifier,suction,unknown,suction,peel_then_translate,0.82937,1,0.24365,1,1,0,0,0,0.67563,2.07655,0.65209,0.12104,0.55,0.00055,0.09270,0.00457,0.05539,0.82937,0.01742,0.12,0.00000
2,12013,combined_fixture_stress_2_12013_suction,combined_fixture_stress,bayesian_fixture_belief,suction,unknown,suction,peel_then_translate,0.32494,1,0.29280,0,1,0,1,0,0.30182,2.77827,0.52719,0.22355,0.55,0.10336,0.17185,0.11096,0.14205,0.32494,0.14685,0.12,0.55000
2,12013,combined_fixture_stress_2_12013_suction,combined_fixture_stress,robust_impedance_planner,suction,unknown,suction,cautious_probe_pull,0.42216,1,0.35755,0,0,1,0,1,0.01991,2.29754,0.15141,0.02292,0.55,0.04158,0.16461,0.05727,0.16059,0.42216,0.15378,0.12,0.45000
2,12013,combined_fixture_stress_2_12013_suction,combined_fixture_stress,adaptive_probe_then_act,suction,unknown,suction,peel_then_translate,0.55152,1,0.21588,1,1,0,0,0,0.67841,2.07558,0.61484,0.14835,0.55,0.03609,0.13286,0.04508,0.12742,0.55152,0.10704,0.12,0.00000
2,12013,combined_fixture_stress_2_12013_suction,combined_fixture_stress,particle_filter_fixture,suction,unknown,suction,peel_then_translate,0.54703,1,0.28000,0,0,1,0,0,0.05200,2.29482,0.54477,0.29677,0.55,0.00362,0.17360,0.02372,0.12614,0.54703,0.12589,0.12,0.00000
2,12013,combined_fixture_stress_2_12013_suction,combined_fixture_stress,latent_fixture_inference_v5,suction,unknown,suction,peel_then_translate,0.51958,1,0.17363,1,1,0,0,0,0.68264,2.07410,0.62818,0.13825,0.55,0.03277,0.17529,0.04707,0.10942,0.51958,0.11587,0.12,0.00000
2,12014,combined_fixture_stress_2_12014_tether,combined_fixture_stress,prototype_system_id,tether,tether,tether,unwind_tether,0.48708,1,0.25000,1,1,0,0,0,0.67500,1.97235,0.53344,0.21768,0.55,0.03299,0.13117,0.08571,0.11099,0.15207,0.48708,0.12,0.00000
2,12014,combined_fixture_stress_2_12014_tether,combined_fixture_stress,calibrated_prototype_system_id,tether,tether,tether,unwind_tether,0.61774,1,0.25500,1,1,0,0,0,0.67450,1.97253,0.58168,0.17499,0.55,0.02447,0.09860,0.06035,0.08094,0.11789,0.61774,0.12,0.00000
2,12014,combined_fixture_stress_2_12014_tether,combined_fixture_stress,random_forest_probe_classifier,tether,tether,tether,unwind_tether,0.70306,1,0.25376,1,1,0,0,0,0.67462,1.97248,0.60675,0.15464,0.55,0.00146,0.09573,0.00795,0.18108,0.01072,0.70306,0.12,0.00000
2,12014,combined_fixture_stress_2_12014_tether,combined_fixture_stress,bayesian_fixture_belief,tether,tether,tether,unwind_tether,0.37148,1,0.29280,0,0,1,0,0,0.05072,2.19085,0.51918,0.26955,0.55,0.10083,0.16775,0.11484,0.11738,0.12772,0.37148,0.12,0.00000
2,12014,combined_fixture_stress_2_12014_tether,combined_fixture_stress,robust_impedance_planner,tether,tether,tether,unwind_tether,0.49282,1,0.34805,1,1,0,0,0,0.66519,1.97578,0.56926,0.18554,0.55,0.05141,0.13450,0.08570,0.10229,0.13330,0.49282,0.12,0.00000
2,12014,combined_fixture_stress_2_12014_tether,combined_fixture_stress,adaptive_probe_then_act,tether,tether,tether,unwind_tether,0.58803,1,0.21296,1,1,0,0,0,0.67870,1.97105,0.60511,0.15594,0.55,0.04054,0.09683,0.06154,0.07172,0.14134,0.58803,0.12,0.00000
2,12014,combined_fixture_stress_2_12014_tether,combined_fixture_stress,particle_filter_fixture,tether,tether,tether,unwind_tether,0.53820,1,0.28000,0,0,1,0,0,0.05200,2.19040,0.52581,0.27648,0.55,0.01701,0.21374,0.05669,0.07109,0.10328,0.53820,0.12,0.00000
2,12014,combined_fixture_stress_2_12014_tether,combined_fixture_stress,latent_fixture_inference_v5,tether,tether,tether,unwind_tether,0.49483,1,0.17536,1,1,0,0,0,0.68246,1.96974,0.60553,0.15561,0.55,0.03812,0.23624,0.06563,0.07192,0.09326,0.49483,0.12,0.00000
2,12015,combined_fixture_stress_2_12015_free,combined_fixture_stress,prototype_system_id,free,suction,free,direct_translate,0.91542,1,0.25000,1,1,0,0,0,0.79500,2.08925,0.75459,0.06022,0.55,0.91542,0.00318,0.02078,0.02843,0.01071,0.02148,0.12,0.00000
2,12015,combined_fixture_stress_2_12015_free,combined_fixture_stress,calibrated_prototype_system_id,free,suction,free,direct_translate,0.82994,1,0.25500,0,1,0,1,0,0.35752,2.78943,0.76324,0.05606,0.55,0.82994,0.01108,0.01577,0.01844,0.10877,0.01600,0.12,0.55000
2,12015,combined_fixture_stress_2_12015_free,combined_fixture_stress,random_forest_probe_classifier,free,suction,free,direct_translate,0.76533,1,0.24877,0,0,1,0,0,0.17512,2.30621,0.75983,0.57734,0.55,0.76533,0.04192,0.04350,0.05513,0.06560,0.02852,0.12,0.00000
2,12015,combined_fixture_stress_2_12015_free,combined_fixture_stress,bayesian_fixture_belief,free,suction,free,direct_translate,0.28128,1,0.29280,1,1,0,0,0,0.79072,2.09075,0.62308,0.14207,0.55,0.28128,0.11867,0.12972,0.13534,0.20744,0.12755,0.12,0.00000
2,12015,combined_fixture_stress_2_12015_free,combined_fixture_stress,robust_impedance_planner,free,suction,free,direct_translate,0.70322,1,0.36250,1,1,0,0,0,0.78375,2.09319,0.74191,0.06661,0.55,0.70322,0.04568,0.05513,0.05999,0.08143,0.05455,0.12,0.00000
2,12015,combined_fixture_stress_2_12015_free,combined_fixture_stress,adaptive_probe_then_act,free,suction,free,direct_translate,0.74617,1,0.20031,1,1,0,0,0,0.79997,2.08751,0.77826,0.04917,0.55,0.74617,0.04055,0.04643,0.04955,0.07150,0.04580,0.12,0.00000
2,12015,combined_fixture_stress_2_12015_free,combined_fixture_stress,particle_filter_fixture,free,suction,free,direct_translate,0.62746,1,0.28000,0,1,0,0,1,0.35640,2.09030,0.67526,0.10546,0.55,0.62746,0.06205,0.07089,0.09110,0.09924,0.04927,0.12,0.45000
2,12015,combined_fixture_stress_2_12015_free,combined_fixture_stress,latent_fixture_inference_v5,free,suction,free,cautious_probe_pull,0.39600,1,0.18228,0,1,0,1,1,0.30680,2.82888,0.45135,0.30102,0.55,0.39600,0.10348,0.11150,0.13311,0.16918,0.08674,0.12,1.00000
2,12016,combined_fixture_stress_2_12016_clamp,combined_fixture_stress,prototype_system_id,clamp,unknown,clamp,release_clamp_pull,0.48911,1,0.25000,0,1,0,0,1,0.35775,1.92353,0.54236,0.20943,0.55,0.00465,0.48911,0.05998,0.03319,0.16191,0.25116,0.12,0.45000
2,12016,combined_fixture_stress_2_12016_clamp,combined_fixture_stress,calibrated_prototype_system_id,clamp,unknown,clamp,release_clamp_pull,0.51366,1,0.25500,0,0,1,0,0,0.17450,2.14071,0.57133,0.32642,0.55,0.02761,0.51366,0.05583,0.03985,0.13719,0.22585,0.12,0.00000
2,12016,combined_fixture_stress_2_12016_clamp,combined_fixture_stress,random_forest_probe_classifier,clamp,unknown,clamp,release_clamp_pull,0.72326,1,0.25214,0,0,1,0,0,0.17479,2.14061,0.62017,0.38461,0.55,0.00040,0.72326,0.04821,0.00435,0.15415,0.06963,0.12,0.00000
2,12016,combined_fixture_stress_2_12016_clamp,combined_fixture_stress,bayesian_fixture_belief,clamp,unknown,clamp,release_clamp_pull,0.26802,1,0.29280,0,0,1,0,0,0.17072,2.14203,0.50888,0.25896,0.55,0.10373,0.26802,0.11532,0.11091,0.19563,0.20638,0.12,0.00000
2,12016,combined_fixture_stress_2_12016_clamp,combined_fixture_stress,robust_impedance_planner,clamp,unknown,clamp,cautious_probe_pull,0.44263,1,0.34743,0,0,1,1,0,0.02037,2.88594,0.11281,0.01273,0.55,0.04057,0.44263,0.07003,0.05486,0.16258,0.22933,0.12,0.55000
2,12016,combined_fixture_stress_2_12016_clamp,combined_fixture_stress,adaptive_probe_then_act,clamp,unknown,clamp,release_clamp_pull,0.54196,1,0.21664,1,1,0,0,0,0.79834,1.92236,0.60404,0.15678,0.55,0.03571,0.54196,0.06888,0.04369,0.11653,0.19322,0.12,0.00000
2,12016,combined_fixture_stress_2_12016_clamp,combined_fixture_stress,particle_filter_fixture,clamp,unknown,clamp,release_clamp_pull,0.43333,1,0.28000,1,1,0,0,0,0.79200,1.92458,0.51649,0.23378,0.55,0.00202,0.43333,0.03588,0.02094,0.25346,0.25436,0.12,0.00000
2,12016,combined_fixture_stress_2_12016_clamp,combined_fixture_stress,latent_fixture_inference_v5,clamp,unknown,clamp,cautious_probe_pull,0.35021,1,0.18549,0,0,1,0,0,0.06145,2.18027,0.14091,0.01986,0.55,0.03216,0.35021,0.05343,0.04562,0.27649,0.24209,0.12,0.00000
2,12017,combined_fixture_stress_2_12017_hinge,combined_fixture_stress,prototype_system_id,hinge,tether,hinge,pivot_rotate,0.48526,1,0.25000,1,1,0,0,0,0.79500,1.93578,0.56736,0.18718,0.55,0.03449,0.05814,0.48526,0.14020,0.07016,0.21175,0.12,0.00000
2,12017,combined_fixture_stress_2_12017_hinge,combined_fixture_stress,calibrated_prototype_system_id,hinge,tether,hinge,pivot_rotate,0.51084,1,0.25500,0,0,1,0,0,0.17450,2.15295,0.59670,0.35605,0.55,0.02508,0.03971,0.51084,0.10524,0.04803,0.27110,0.12,0.00000
2,12017,combined_fixture_stress_2_12017_hinge,combined_fixture_stress,random_forest_probe_classifier,hinge,tether,hinge,pivot_rotate,0.51085,1,0.26913,0,0,1,0,0,0.17309,2.15345,0.60168,0.36201,0.55,0.04829,0.14627,0.51085,0.06477,0.02919,0.20063,0.12,0.00000
2,12017,combined_fixture_stress_2_12017_hinge,combined_fixture_stress,bayesian_fixture_belief,hinge,tether,tether,unwind_tether,0.23693,0,0.79000,0,0,1,0,1,0.00045,2.21368,0.01573,0.00025,0.55,0.11092,0.15398,0.22129,0.14462,0.13226,0.23693,0.12,0.45000
2,12017,combined_fixture_stress_2_12017_hinge,combined_fixture_stress,robust_impedance_planner,hinge,tether,hinge,cautious_probe_pull,0.43036,1,0.34855,0,0,1,0,0,0.04515,2.19823,0.05323,0.00283,0.55,0.05582,0.08441,0.43036,0.13088,0.08284,0.21570,0.12,0.00000
2,12017,combined_fixture_stress_2_12017_hinge,combined_fixture_stress,adaptive_probe_then_act,hinge,tether,hinge,pivot_rotate,0.53203,1,0.21744,1,1,0,0,0,0.79826,1.93464,0.62798,0.13840,0.55,0.04425,0.06551,0.53203,0.09197,0.06189,0.20435,0.12,0.00000
2,12017,combined_fixture_stress_2_12017_hinge,combined_fixture_stress,particle_filter_fixture,hinge,tether,hinge,pivot_rotate,0.38044,1,0.28000,1,1,0,0,0,0.79200,1.93683,0.53220,0.21884,0.55,0.02252,0.24229,0.38044,0.11020,0.07813,0.16642,0.12,0.00000
2,12017,combined_fixture_stress_2_12017_hinge,combined_fixture_stress,latent_fixture_inference_v5,hinge,tether,clamp,cautious_probe_pull,0.29360,0,0.66000,0,0,1,1,1,0.00630,2.90913,0.01604,0.00026,0.55,0.04674,0.29360,0.27716,0.11130,0.10093,0.17026,0.12,1.00000
2,12018,combined_fixture_stress_2_12018_slot,combined_fixture_stress,prototype_system_id,slot,unknown,slot,follow_slot_axis,0.62053,1,0.25000,1,1,0,0,0,0.79500,1.92917,0.61928,0.14495,0.55,0.03391,0.02232,0.16753,0.62053,0.08081,0.07490,0.12,0.00000
2,12018,combined_fixture_stress_2_12018_slot,combined_fixture_stress,calibrated_prototype_system_id,slot,unknown,slot,follow_slot_axis,0.65919,1,0.25500,1,1,0,0,0,0.79450,1.92934,0.65256,0.12072,0.55,0.03948,0.03398,0.13587,0.65919,0.06773,0.06375,0.12,0.00000
2,12018,combined_fixture_stress_2_12018_slot,combined_fixture_stress,random_forest_probe_classifier,slot,unknown,slot,follow_slot_axis,0.55054,1,0.26596,0,0,1,0,1,0.07803,2.14673,0.63648,0.40511,0.55,0.00193,0.19214,0.23400,0.55054,0.01468,0.00671,0.12,0.45000
2,12018,combined_fixture_stress_2_12018_slot,combined_fixture_stress,bayesian_fixture_belief,slot,unknown,slot,follow_slot_axis,0.26982,1,0.29280,0,0,1,0,0,0.17072,2.14767,0.55693,0.31017,0.55,0.12545,0.15260,0.16734,0.26982,0.14682,0.13797,0.12,0.00000
2,12018,combined_fixture_stress_2_12018_slot,combined_fixture_stress,robust_impedance_planner,slot,unknown,slot,follow_slot_axis,0.54354,1,0.34795,1,1,0,0,0,0.78521,1.93260,0.63977,0.12977,0.55,0.06030,0.06557,0.15259,0.54354,0.09230,0.08570,0.12,0.00000
2,12018,combined_fixture_stress_2_12018_slot,combined_fixture_stress,adaptive_probe_then_act,slot,unknown,slot,follow_slot_axis,0.65780,1,0.20738,0,0,1,0,0,0.17926,2.14468,0.68328,0.46687,0.55,0.04847,0.05521,0.10632,0.65780,0.06851,0.06370,0.12,0.00000
2,12018,combined_fixture_stress_2_12018_slot,combined_fixture_stress,particle_filter_fixture,slot,unknown,slot,follow_slot_axis,0.46717,1,0.28000,1,1,0,0,0,0.79200,1.93022,0.57336,0.18202,0.55,0.01746,0.28981,0.11743,0.46717,0.06158,0.04655,0.12,0.00000
2,12018,combined_fixture_stress_2_12018_slot,combined_fixture_stress,latent_fixture_inference_v5,slot,unknown,clamp,cautious_probe_pull,0.35925,0,0.66000,0,0,1,0,1,0.00630,2.20252,0.16404,0.02691,0.55,0.04602,0.35925,0.11599,0.32872,0.08350,0.06653,0.12,0.45000
2,12019,combined_fixture_stress_2_12019_suction,combined_fixture_stress,prototype_system_id,suction,unknown,suction,peel_then_translate,0.43306,1,0.25000,1,1,0,0,0,0.67500,2.00248,0.54084,0.21082,0.55,0.01788,0.25065,0.05932,0.08045,0.43306,0.15865,0.12,0.00000
2,12019,combined_fixture_stress_2_12019_suction,combined_fixture_stress,calibrated_prototype_system_id,suction,unknown,suction,peel_then_translate,0.46232,1,0.25500,1,1,0,0,0,0.67450,2.00265,0.57032,0.18463,0.55,0.03272,0.23587,0.05693,0.07221,0.46232,0.13994,0.12,0.00000
2,12019,combined_fixture_stress_2_12019_suction,combined_fixture_stress,random_forest_probe_classifier,suction,unknown,suction,peel_then_translate,0.75141,1,0.24989,0,0,1,0,0,0.05501,2.21947,0.63540,0.40373,0.55,0.00031,0.23692,0.00208,0.00193,0.75141,0.00735,0.12,0.00000
2,12019,combined_fixture_stress_2_12019_suction,combined_fixture_stress,bayesian_fixture_belief,suction,unknown,suction,peel_then_translate,0.36224,1,0.29280,0,0,1,0,1,0.02282,2.22098,0.53398,0.28513,0.55,0.10646,0.16714,0.11372,0.11546,0.36224,0.13498,0.12,0.45000
2,12019,combined_fixture_stress_2_12019_suction,combined_fixture_stress,robust_impedance_planner,suction,unknown,suction,cautious_probe_pull,0.44130,1,0.35079,0,1,0,1,0,0.29921,2.70601,0.15409,0.71557,0.55,0.04663,0.21915,0.06995,0.08268,0.44130,0.14029,0.12,0.55000
2,12019,combined_fixture_stress_2_12019_suction,combined_fixture_stress,adaptive_probe_then_act,suction,unknown,suction,peel_then_translate,0.56723,1,0.21462,1,1,0,0,0,0.67854,2.00124,0.61826,0.14572,0.55,0.03895,0.18441,0.05237,0.05988,0.56723,0.09715,0.12,0.00000
2,12019,combined_fixture_stress_2_12019_suction,combined_fixture_stress,particle_filter_fixture,suction,unknown,suction,peel_then_translate,0.62868,1,0.28000,1,1,0,0,0,0.67200,2.00353,0.55903,0.19445,0.55,0.00772,0.18415,0.03237,0.04458,0.62868,0.10250,0.12,0.00000
2,12019,combined_fixture_stress_2_12019_suction,combined_fixture_stress,latent_fixture_inference_v5,suction,unknown,suction,peel_then_translate,0.61795,1,0.16674,1,1,0,0,0,0.68333,1.99956,0.65001,0.12249,0.55,0.03496,0.15153,0.04900,0.05464,0.61795,0.09193,0.12,0.00000
3,12012,combined_fixture_stress_3_12012_tether,combined_fixture_stress,prototype_system_id,tether,unknown,tether,unwind_tether,0.43791,1,0.25000,0,0,1,0,0,0.05500,2.34825,0.52486,0.27548,0.55,0.02355,0.09432,0.19806,0.12980,0.11636,0.43791,0.12,0.00000
3,12012,combined_fixture_stress_3_12012_tether,combined_fixture_stress,calibrated_prototype_system_id,tether,unknown,tether,unwind_tether,0.47902,1,0.25500,1,1,0,0,0,0.67450,2.13143,0.55638,0.19680,0.55,0.03564,0.08435,0.18270,0.11518,0.10311,0.47902,0.12,0.00000
3,12012,combined_fixture_stress_3_12012_tether,combined_fixture_stress,random_forest_probe_classifier,tether,unknown,tether,unwind_tether,0.63974,1,0.25882,0,0,1,0,1,0.02435,2.34856,0.59365,0.35242,0.55,0.00161,0.13488,0.18579,0.02333,0.01465,0.63974,0.12,0.45000
3,12012,combined_fixture_stress_3_12012_tether,combined_fixture_stress,bayesian_fixture_belief,tether,unknown,tether,unwind_tether,0.27097,1,0.29280,0,0,1,0,0,0.05072,2.34975,0.50145,0.25145,0.55,0.11049,0.17929,0.14998,0.14982,0.13944,0.27097,0.12,0.00000
3,12012,combined_fixture_stress_3_12012_tether,combined_fixture_stress,robust_impedance_planner,tether,unknown,tether,cautious_probe_pull,0.41538,1,0.36250,0,0,1,1,1,0.01969,3.05219,0.18328,0.03359,0.55,0.05076,0.11597,0.17545,0.12760,0.11482,0.41538,0.12,1.00000
3,12012,combined_fixture_stress_3_12012_tether,combined_fixture_stress,adaptive_probe_then_act,tether,unknown,tether,unwind_tether,0.47789,1,0.22177,1,1,0,0,0,0.67782,2.13026,0.58176,0.17492,0.55,0.04164,0.08707,0.15453,0.10746,0.13140,0.47789,0.12,0.00000
3,12012,combined_fixture_stress_3_12012_tether,combined_fixture_stress,particle_filter_fixture,tether,unknown,tether,unwind_tether,0.40884,1,0.28000,1,1,0,0,0,0.67200,2.13230,0.50394,0.24608,0.55,0.01248,0.24789,0.13706,0.10758,0.08615,0.40884,0.12,0.00000
3,12012,combined_fixture_stress_3_12012_tether,combined_fixture_stress,latent_fixture_inference_v5,tether,unknown,tether,cautious_probe_pull,0.34422,1,0.18590,0,0,1,1,1,0.02763,3.04601,0.21400,0.04579,0.55,0.03939,0.29264,0.11706,0.11391,0.09278,0.34422,0.12,1.00000
3,12013,combined_fixture_stress_3_12013_free,combined_fixture_stress,prototype_system_id,free,unknown,free,direct_translate,0.90612,1,0.25000,1,0,0,0,0,0.79500,1.87899,0.75258,0.06122,0.55,0.90612,0.00362,0.02650,0.02932,0.01060,0.02383,0.12,0.00000
3,12013,combined_fixture_stress_3_12013_free,combined_fixture_stress,calibrated_prototype_system_id,free,unknown,free,direct_translate,0.84256,1,0.25500,0,0,1,0,0,0.17450,2.09617,0.76607,0.58687,0.55,0.84256,0.02716,0.03381,0.03485,0.02876,0.03286,0.12,0.00000
3,12013,combined_fixture_stress_3_12013_free,combined_fixture_stress,random_forest_probe_classifier,free,unknown,free,direct_translate,0.76667,1,0.24867,1,1,0,0,0,0.79513,1.87895,0.76017,0.05752,0.55,0.76667,0.05101,0.05198,0.06607,0.03249,0.03177,0.12,0.00000
3,12013,combined_fixture_stress_3_12013_free,combined_fixture_stress,bayesian_fixture_belief,free,unknown,free,direct_translate,0.30652,1,0.29280,1,1,0,0,0,0.79072,1.88049,0.62859,0.13794,0.55,0.30652,0.12879,0.14442,0.14830,0.13265,0.13932,0.12,0.00000
3,12013,combined_fixture_stress_3_12013_free,combined_fixture_stress,robust_impedance_planner,free,unknown,free,direct_translate,0.70939,1,0.34339,0,1,0,0,1,0.35355,1.88226,0.74858,0.06321,0.55,0.70939,0.04964,0.06279,0.06530,0.05299,0.05989,0.12,0.45000
3,12013,combined_fixture_stress_3_12013_free,combined_fixture_stress,adaptive_probe_then_act,free,unknown,free,direct_translate,0.75323,1,0.19974,0,0,1,0,0,0.18003,2.09423,0.78008,0.60852,0.55,0.75323,0.04403,0.05235,0.05414,0.04606,0.05019,0.12,0.00000
3,12013,combined_fixture_stress_3_12013_free,combined_fixture_stress,particle_filter_fixture,free,unknown,free,direct_translate,0.62540,1,0.28000,1,1,0,0,0,0.79200,1.88004,0.67482,0.10574,0.55,0.62540,0.07548,0.08572,0.10754,0.05082,0.05505,0.12,0.00000
3,12013,combined_fixture_stress_3_12013_free,combined_fixture_stress,latent_fixture_inference_v5,free,unknown,free,cautious_probe_pull,0.40430,1,0.18170,1,1,0,0,0,0.68183,1.91860,0.45275,0.29948,0.55,0.40430,0.12125,0.13047,0.15485,0.09324,0.09590,0.12,0.00000
3,12014,combined_fixture_stress_3_12014_clamp,combined_fixture_stress,prototype_system_id,clamp,suction,clamp,release_clamp_pull,0.40392,1,0.25000,1,1,0,0,0,0.79500,1.96117,0.52727,0.22348,0.55,0.00727,0.40392,0.09918,0.06967,0.20162,0.21833,0.12,0.00000
3,12014,combined_fixture_stress_3_12014_clamp,combined_fixture_stress,calibrated_prototype_system_id,clamp,suction,clamp,release_clamp_pull,0.41392,1,0.25500,1,1,0,0,0,0.79450,1.96135,0.55286,0.19993,0.55,0.01251,0.41392,0.07197,0.04884,0.26544,0.18734,0.12,0.00000
3,12014,combined_fixture_stress_3_12014_clamp,combined_fixture_stress,random_forest_probe_classifier,clamp,suction,clamp,release_clamp_pull,0.56879,1,0.26450,0,1,0,0,1,0.35710,1.96168,0.58783,0.16988,0.55,0.00024,0.56879,0.04864,0.00937,0.24329,0.12966,0.12,0.45000
3,12014,combined_fixture_stress_3_12014_clamp,combined_fixture_stress,bayesian_fixture_belief,clamp,suction,suction,peel_then_translate,0.28680,0,0.79000,0,0,1,1,1,0.00045,2.93907,0.01601,0.00026,0.55,0.09804,0.21449,0.11477,0.11494,0.28680,0.17096,0.12,1.00000
3,12014,combined_fixture_stress_3_12014_clamp,combined_fixture_stress,robust_impedance_planner,clamp,suction,clamp,cautious_probe_pull,0.36294,1,0.35086,0,0,1,1,1,0.02021,2.92370,0.10898,0.01188,0.55,0.03933,0.36294,0.09419,0.07653,0.22936,0.19765,0.12,1.00000
3,12014,combined_fixture_stress_3_12014_clamp,combined_fixture_stress,adaptive_probe_then_act,clamp,suction,clamp,release_clamp_pull,0.45294,1,0.22376,0,0,1,0,0,0.17762,2.17725,0.58496,0.34218,0.55,0.03418,0.45294,0.11616,0.05636,0.18582,0.15453,0.12,0.00000
3,12014,combined_fixture_stress_3_12014_clamp,combined_fixture_stress,particle_filter_fixture,clamp,suction,suction,peel_then_translate,0.35023,0,0.78000,0,1,0,1,1,0.27990,2.72172,0.01636,0.96755,0.55,0.00289,0.34064,0.06105,0.04926,0.35023,0.19593,0.12,1.00000
3,12014,combined_fixture_stress_3_12014_clamp,combined_fixture_stress,latent_fixture_inference_v5,clamp,suction,suction,cautious_probe_pull,0.39244,0,0.66000,0,0,1,1,0,0.00630,2.93452,0.02481,0.00062,0.55,0.03058,0.26841,0.06491,0.06387,0.39244,0.17978,0.12,0.55000
3,12015,combined_fixture_stress_3_12015_hinge,combined_fixture_stress,prototype_system_id,hinge,clamp,hinge,pivot_rotate,0.42608,1,0.25000,1,1,0,0,0,0.79500,1.97654,0.55637,0.19680,0.55,0.14228,0.03159,0.42608,0.19556,0.09074,0.11375,0.12,0.00000
3,12015,combined_fixture_stress_3_12015_hinge,combined_fixture_stress,calibrated_prototype_system_id,hinge,clamp,hinge,pivot_rotate,0.45102,1,0.25500,1,1,0,0,0,0.79450,1.97672,0.58512,0.17212,0.55,0.11178,0.12009,0.45102,0.16559,0.06597,0.08556,0.12,0.00000
3,12015,combined_fixture_stress_3_12015_hinge,combined_fixture_stress,random_forest_probe_classifier,hinge,clamp,hinge,pivot_rotate,0.39055,1,0.27876,0,1,0,1,0,0.35645,2.67755,0.57580,0.17995,0.55,0.04635,0.17772,0.39055,0.31582,0.01771,0.05186,0.12,0.55000
3,12015,combined_fixture_stress_3_12015_hinge,combined_fixture_stress,bayesian_fixture_belief,hinge,clamp,hinge,pivot_rotate,0.23508,1,0.29280,0,0,1,0,0,0.17072,2.19504,0.52655,0.27725,0.55,0.12562,0.22075,0.23508,0.14926,0.13691,0.13239,0.12,0.00000
3,12015,combined_fixture_stress_3_12015_hinge,combined_fixture_stress,robust_impedance_planner,hinge,clamp,hinge,cautious_probe_pull,0.39334,1,0.35225,0,0,1,1,0,0.02015,2.93912,0.05165,0.00267,0.55,0.12729,0.09653,0.39334,0.17408,0.09793,0.11083,0.12,0.55000
3,12015,combined_fixture_stress_3_12015_hinge,combined_fixture_stress,adaptive_probe_then_act,hinge,clamp,hinge,pivot_rotate,0.44380,1,0.22450,1,1,0,0,0,0.79755,1.97565,0.60833,0.15340,0.55,0.08847,0.08115,0.44380,0.21964,0.07158,0.09537,0.12,0.00000
3,12015,combined_fixture_stress_3_12015_hinge,combined_fixture_stress,particle_filter_fixture,hinge,clamp,hinge,pivot_rotate,0.35450,1,0.28000,1,1,0,0,0,0.79200,1.97759,0.52752,0.22324,0.55,0.08623,0.27405,0.35450,0.13507,0.07461,0.07553,0.12,0.00000
3,12015,combined_fixture_stress_3_12015_hinge,combined_fixture_stress,latent_fixture_inference_v5,hinge,clamp,clamp,cautious_probe_pull,0.35863,0,0.66000,0,0,1,1,0,0.00630,2.94989,0.01641,0.00027,0.55,0.07761,0.35863,0.27853,0.11554,0.08979,0.07990,0.12,0.55000
3,12016,combined_fixture_stress_3_12016_slot,combined_fixture_stress,prototype_system_id,slot,slot,slot,follow_slot_axis,0.63763,1,0.25000,0,1,0,0,1,0.35775,1.97662,0.62260,0.14243,0.55,0.05996,0.02579,0.11100,0.63763,0.07500,0.09061,0.12,0.45000
3,12016,combined_fixture_stress_3_12016_slot,combined_fixture_stress,calibrated_prototype_system_id,slot,slot,slot,follow_slot_axis,0.76244,1,0.25500,1,1,0,0,0,0.79450,1.97679,0.67341,0.10666,0.55,0.03818,0.01954,0.07351,0.76244,0.04781,0.05853,0.12,0.00000
3,12016,combined_fixture_stress_3_12016_slot,combined_fixture_stress,random_forest_probe_classifier,slot,slot,slot,follow_slot_axis,0.74255,1,0.25060,1,1,0,0,0,0.79494,1.97664,0.67990,0.10246,0.55,0.04469,0.19287,0.00747,0.74255,0.00853,0.00388,0.12,0.00000
3,12016,combined_fixture_stress_3_12016_slot,combined_fixture_stress,bayesian_fixture_belief,slot,slot,slot,follow_slot_axis,0.35794,1,0.29280,0,0,1,0,0,0.17072,2.19511,0.57421,0.32971,0.55,0.11554,0.14243,0.13227,0.35794,0.12766,0.12416,0.12,0.00000
3,12016,combined_fixture_stress_3_12016_slot,combined_fixture_stress,robust_impedance_planner,slot,slot,slot,follow_slot_axis,0.59234,1,0.35226,1,1,0,0,0,0.78477,1.98020,0.64864,0.12345,0.55,0.06928,0.06317,0.10413,0.59234,0.08187,0.08921,0.12,0.00000
3,12016,combined_fixture_stress_3_12016_slot,combined_fixture_stress,adaptive_probe_then_act,slot,slot,slot,follow_slot_axis,0.68181,1,0.20546,1,1,0,0,0,0.79945,1.97506,0.68889,0.09679,0.55,0.06821,0.05245,0.07342,0.68181,0.06022,0.06388,0.12,0.00000
3,12016,combined_fixture_stress_3_12016_slot,combined_fixture_stress,particle_filter_fixture,slot,slot,slot,follow_slot_axis,0.50751,1,0.28000,0,1,0,0,1,0.35640,1.97767,0.58097,0.17558,0.55,0.03013,0.29255,0.06896,0.50751,0.04931,0.05154,0.12,0.45000
3,12016,combined_fixture_stress_3_12016_slot,combined_fixture_stress,latent_fixture_inference_v5,slot,slot,slot,cautious_probe_pull,0.39130,1,0.18261,0,1,0,1,0,0.30678,2.71626,0.28464,0.51174,0.55,0.04738,0.35801,0.07520,0.39130,0.06642,0.06169,0.12,0.55000
3,12017,combined_fixture_stress_3_12017_suction,combined_fixture_stress,prototype_system_id,suction,unknown,suction,peel_then_translate,0.52318,1,0.25000,0,0,1,1,0,0.02475,2.96185,0.55707,0.31032,0.55,0.00960,0.19231,0.05039,0.10596,0.52318,0.11856,0.12,0.55000
3,12017,combined_fixture_stress_3_12017_suction,combined_fixture_stress,calibrated_prototype_system_id,suction,unknown,suction,peel_then_translate,0.56406,1,0.25500,0,0,1,0,0,0.05450,2.26203,0.58945,0.34745,0.55,0.02919,0.16702,0.04995,0.08976,0.56406,0.10002,0.12,0.00000
3,12017,combined_fixture_stress_3_12017_suction,combined_fixture_stress,random_forest_probe_classifier,suction,unknown,suction,peel_then_translate,0.87750,1,0.23980,1,1,0,0,0,0.67602,2.04449,0.66243,0.11395,0.55,0.00029,0.10859,0.00207,0.00404,0.87750,0.00749,0.12,0.00000
3,12017,combined_fixture_stress_3_12017_suction,combined_fixture_stress,bayesian_fixture_belief,suction,unknown,suction,peel_then_translate,0.38417,1,0.29280,0,0,1,0,0,0.05072,2.26335,0.53797,0.28941,0.55,0.10371,0.15518,0.11039,0.11982,0.38417,0.12673,0.12,0.00000
3,12017,combined_fixture_stress_3_12017_suction,combined_fixture_stress,robust_impedance_planner,suction,unknown,suction,peel_then_translate,0.51857,1,0.35465,1,0,0,0,0,0.66454,2.04851,0.58964,0.16840,0.55,0.04222,0.16861,0.06328,0.09845,0.51857,0.10887,0.12,0.00000
3,12017,combined_fixture_stress_3_12017_suction,combined_fixture_stress,adaptive_probe_then_act,suction,unknown,suction,peel_then_translate,0.62071,1,0.21034,1,1,0,0,0,0.67897,2.04346,0.62995,0.13694,0.55,0.03642,0.11627,0.04808,0.08576,0.62071,0.09276,0.12,0.00000
3,12017,combined_fixture_stress_3_12017_suction,combined_fixture_stress,particle_filter_fixture,suction,unknown,suction,peel_then_translate,0.68752,1,0.28000,1,1,0,0,0,0.67200,2.04590,0.56931,0.18549,0.55,0.00387,0.14413,0.02687,0.06236,0.68752,0.07525,0.12,0.00000
3,12017,combined_fixture_stress_3_12017_suction,combined_fixture_stress,latent_fixture_inference_v5,suction,unknown,suction,peel_then_translate,0.64916,1,0.16456,1,1,0,0,0,0.68354,2.04186,0.65697,0.11767,0.55,0.03267,0.13021,0.04556,0.06562,0.64916,0.07677,0.12,0.00000
3,12018,combined_fixture_stress_3_12018_tether,combined_fixture_stress,prototype_system_id,tether,unknown,tether,unwind_tether,0.32196,1,0.25000,1,1,0,0,0,0.67500,2.00479,0.50464,0.24538,0.55,0.08974,0.08627,0.12760,0.19309,0.18135,0.32196,0.12,0.00000
3,12018,combined_fixture_stress_3_12018_tether,combined_fixture_stress,calibrated_prototype_system_id,tether,unknown,tether,unwind_tether,0.34891,1,0.25500,0,1,0,1,0,0.30352,2.70496,0.53265,0.21842,0.55,0.08474,0.08174,0.11978,0.18897,0.17587,0.34891,0.12,0.55000
3,12018,combined_fixture_stress_3_12018_tether,combined_fixture_stress,random_forest_probe_classifier,tether,unknown,tether,unwind_tether,0.48869,1,0.27090,1,1,0,0,0,0.67291,2.00552,0.56262,0.19130,0.55,0.00159,0.11898,0.01877,0.18490,0.18707,0.48869,0.12,0.00000
3,12018,combined_fixture_stress_3_12018_tether,combined_fixture_stress,bayesian_fixture_belief,tether,unknown,tether,unwind_tether,0.26024,1,0.29280,1,1,0,0,0,0.67072,2.00629,0.49955,0.25045,0.55,0.11794,0.17386,0.14728,0.14961,0.15107,0.26024,0.12,0.00000
3,12018,combined_fixture_stress_3_12018_tether,combined_fixture_stress,robust_impedance_planner,tether,unknown,tether,cautious_probe_pull,0.32324,1,0.35100,0,0,1,0,1,0.02021,2.22532,0.18042,0.03255,0.55,0.09190,0.11093,0.12835,0.17695,0.16864,0.32324,0.12,0.45000
3,12018,combined_fixture_stress_3_12018_tether,combined_fixture_stress,adaptive_probe_then_act,tether,unknown,tether,cautious_probe_pull,0.33307,1,0.23335,0,0,1,0,1,0.02550,2.22121,0.19347,0.03743,0.55,0.08285,0.08404,0.09221,0.23956,0.16827,0.33307,0.12,0.45000
3,12018,combined_fixture_stress_3_12018_tether,combined_fixture_stress,particle_filter_fixture,tether,unknown,tether,unwind_tether,0.35892,1,0.28000,0,0,1,0,0,0.05200,2.22284,0.49550,0.24552,0.55,0.05173,0.22108,0.10172,0.13589,0.13065,0.35892,0.12,0.00000
3,12018,combined_fixture_stress_3_12018_tether,combined_fixture_stress,latent_fixture_inference_v5,tether,unknown,tether,cautious_probe_pull,0.33754,1,0.18637,0,0,1,1,0,0.02761,2.91956,0.21339,0.04554,0.55,0.05869,0.26409,0.10674,0.11654,0.11640,0.33754,0.12,0.55000
3,12019,combined_fixture_stress_3_12019_free,combined_fixture_stress,prototype_system_id,free,hinge,free,direct_translate,0.68406,1,0.25000,1,0,0,0,0,0.79500,1.95741,0.70453,0.08730,0.55,0.68406,0.02012,0.07087,0.09833,0.03360,0.09302,0.12,0.00000
3,12019,combined_fixture_stress_3_12019_free,combined_fixture_stress,calibrated_prototype_system_id,free,hinge,free,direct_translate,0.70085,1,0.25500,1,1,0,0,0,0.79450,1.95758,0.73427,0.07061,0.55,0.70085,0.01675,0.13964,0.06183,0.02278,0.05815,0.12,0.00000
3,12019,combined_fixture_stress_3_12019_free,combined_fixture_stress,random_forest_probe_classifier,free,hinge,free,direct_translate,0.67460,1,0.25603,1,1,0,0,0,0.79440,1.95762,0.73719,0.06907,0.55,0.67460,0.03996,0.05026,0.16555,0.02962,0.04002,0.12,0.00000
3,12019,combined_fixture_stress_3_12019_free,combined_fixture_stress,bayesian_fixture_belief,free,hinge,free,direct_translate,0.23180,1,0.29280,0,1,0,0,1,0.35582,1.95891,0.61227,0.15033,0.55,0.23180,0.11951,0.21755,0.16174,0.12316,0.14624,0.12,0.45000
3,12019,combined_fixture_stress_3_12019_free,combined_fixture_stress,robust_impedance_planner,free,hinge,free,direct_translate,0.57175,1,0.35051,0,1,0,0,1,0.35323,1.96093,0.71529,0.08106,0.55,0.57175,0.05191,0.11295,0.10664,0.05896,0.09778,0.12,0.45000
3,12019,combined_fixture_stress_3_12019_free,combined_fixture_stress,adaptive_probe_then_act,free,hinge,free,direct_translate,0.65449,1,0.20764,0,0,1,0,0,0.17924,2.17293,0.75477,0.56968,0.55,0.65449,0.04340,0.08890,0.09462,0.04737,0.07122,0.12,0.00000
3,12019,combined_fixture_stress_3_12019_free,combined_fixture_stress,particle_filter_fixture,free,hinge,free,direct_translate,0.49990,1,0.28000,0,0,0,0,1,0.35640,1.95846,0.64833,0.12367,0.55,0.49990,0.06622,0.10728,0.16422,0.05751,0.10486,0.12,0.45000
3,12019,combined_fixture_stress_3_12019_free,combined_fixture_stress,latent_fixture_inference_v5,free,hinge,free,cautious_probe_pull,0.32614,1,0.18717,0,0,1,0,0,0.06128,2.21421,0.43953,0.19319,0.55,0.32614,0.10302,0.15939,0.19489,0.08985,0.12672,0.12,0.00000
4,12012,combined_fixture_stress_4_12012_clamp,combined_fixture_stress,prototype_system_id,clamp,unknown,clamp,release_clamp_pull,0.43447,1,0.25000,0,0,1,0,0,0.17500,2.26951,0.53268,0.28375,0.55,0.00492,0.43447,0.03039,0.03769,0.31118,0.18135,0.12,0.00000
4,12012,combined_fixture_stress_4_12012_clamp,combined_fixture_stress,calibrated_prototype_system_id,clamp,unknown,clamp,release_clamp_pull,0.44311,1,0.25500,1,1,0,0,0,0.79450,2.05268,0.55827,0.19513,0.55,0.02769,0.44311,0.03841,0.04235,0.29280,0.15565,0.12,0.00000
4,12012,combined_fixture_stress_4_12012_clamp,combined_fixture_stress,random_forest_probe_classifier,clamp,unknown,suction,peel_then_translate,0.55945,0,0.80000,0,0,1,1,1,0.00000,3.03076,0.01753,0.00031,0.55,0.00020,0.39133,0.00243,0.00158,0.55945,0.04502,0.12,1.00000
4,12012,combined_fixture_stress_4_12012_clamp,combined_fixture_stress,bayesian_fixture_belief,clamp,unknown,suction,peel_then_translate,0.27770,0,0.79000,0,0,1,1,1,0.00045,3.03041,0.01596,0.00025,0.55,0.10396,0.22764,0.10926,0.10905,0.27770,0.17238,0.12,1.00000
4,12012,combined_fixture_stress_4_12012_clamp,combined_fixture_stress,robust_impedance_planner,clamp,unknown,clamp,cautious_probe_pull,0.38145,1,0.35916,0,0,0,1,0,0.29884,2.79833,0.10761,0.79636,0.55,0.04074,0.38145,0.05294,0.05630,0.30167,0.16689,0.12,0.55000
4,12012,combined_fixture_stress_4_12012_clamp,combined_fixture_stress,adaptive_probe_then_act,clamp,unknown,clamp,release_clamp_pull,0.43045,1,0.22556,0,0,1,0,1,0.07985,2.26865,0.58016,0.33658,0.55,0.03583,0.43045,0.04248,0.04419,0.33008,0.11698,0.12,0.45000
4,12012,combined_fixture_stress_4_12012_clamp,combined_fixture_stress,particle_filter_fixture,clamp,unknown,suction,peel_then_translate,0.44082,0,0.78000,0,0,1,1,0,0.00090,3.03006,0.01687,0.00028,0.55,0.00183,0.35099,0.01672,0.01922,0.44082,0.17042,0.12,0.55000
4,12012,combined_fixture_stress_4_12012_clamp,combined_fixture_stress,latent_fixture_inference_v5,clamp,unknown,suction,peel_then_translate,0.44298,0,0.66000,0,0,1,1,1,0.00630,3.02586,0.01688,0.00028,0.55,0.03193,0.27257,0.04148,0.04153,0.44298,0.16951,0.12,1.00000
4,12013,combined_fixture_stress_4_12013_hinge,combined_fixture_stress,prototype_system_id,hinge,unknown,hinge,pivot_rotate,0.68808,1,0.25000,1,1,0,0,0,0.79500,1.96887,0.60500,0.15602,0.55,0.01934,0.04766,0.68808,0.04911,0.05825,0.13756,0.12,0.00000
4,12013,combined_fixture_stress_4_12013_hinge,combined_fixture_stress,calibrated_prototype_system_id,hinge,unknown,hinge,pivot_rotate,0.71693,1,0.25500,1,1,0,0,0,0.79450,1.96904,0.63660,0.13206,0.55,0.03240,0.04588,0.71693,0.04667,0.05181,0.10631,0.12,0.00000
4,12013,combined_fixture_stress_4_12013_hinge,combined_fixture_stress,random_forest_probe_classifier,hinge,unknown,hinge,pivot_rotate,0.76781,1,0.24858,0,0,1,0,0,0.17514,2.18582,0.65760,0.43244,0.55,0.00493,0.12651,0.76781,0.01509,0.02779,0.05786,0.12,0.00000
4,12013,combined_fixture_stress_4_12013_hinge,combined_fixture_stress,bayesian_fixture_belief,hinge,unknown,hinge,pivot_rotate,0.32502,1,0.29280,1,1,0,0,0,0.79072,1.97036,0.54342,0.20846,0.55,0.11507,0.15224,0.32502,0.12717,0.13536,0.14514,0.12,0.00000
4,12013,combined_fixture_stress_4_12013_hinge,combined_fixture_stress,robust_impedance_planner,hinge,unknown,hinge,pivot_rotate,0.60812,1,0.35156,0,0,1,0,0,0.16484,2.18942,0.62536,0.39107,0.55,0.04989,0.07640,0.60812,0.06756,0.07513,0.12290,0.12,0.00000
4,12013,combined_fixture_stress_4_12013_hinge,combined_fixture_stress,adaptive_probe_then_act,hinge,unknown,hinge,pivot_rotate,0.65329,1,0.20774,0,0,1,0,0,0.17923,2.18439,0.65514,0.42921,0.55,0.04173,0.06047,0.65329,0.05230,0.05741,0.13479,0.12,0.00000
4,12013,combined_fixture_stress_4_12013_hinge,combined_fixture_stress,particle_filter_fixture,hinge,unknown,hinge,pivot_rotate,0.57396,1,0.28000,0,0,1,0,0,0.17200,2.18692,0.56709,0.32159,0.55,0.01465,0.20617,0.57396,0.04408,0.06746,0.09369,0.12,0.00000
4,12013,combined_fixture_stress_4_12013_hinge,combined_fixture_stress,latent_fixture_inference_v5,hinge,unknown,hinge,pivot_rotate,0.43472,1,0.17957,1,1,0,0,0,0.80204,1.96640,0.62627,0.13968,0.55,0.04497,0.25784,0.43472,0.07064,0.09555,0.09628,0.12,0.00000
4,12014,combined_fixture_stress_4_12014_slot,combined_fixture_stress,prototype_system_id,slot,slot,slot,follow_slot_axis,0.81477,1,0.25000,1,1,0,0,0,0.79500,1.85432,0.65696,0.11767,0.55,0.01451,0.01478,0.06348,0.81477,0.04466,0.04779,0.12,0.00000
4,12014,combined_fixture_stress_4_12014_slot,combined_fixture_stress,calibrated_prototype_system_id,slot,slot,slot,follow_slot_axis,0.88135,1,0.25500,0,0,0,0,1,0.35752,1.85449,0.69743,0.09155,0.55,0.01415,0.01424,0.03592,0.88135,0.02642,0.02792,0.12,0.45000
4,12014,combined_fixture_stress_4_12014_slot,combined_fixture_stress,random_forest_probe_classifier,slot,slot,slot,follow_slot_axis,0.77770,1,0.24778,1,1,0,0,0,0.79522,1.85424,0.68791,0.09740,0.55,0.00114,0.20256,0.00600,0.77770,0.00858,0.00401,0.12,0.00000
4,12014,combined_fixture_stress_4_12014_slot,combined_fixture_stress,bayesian_fixture_belief,slot,slot,slot,follow_slot_axis,0.37596,1,0.29280,1,1,0,0,0,0.79072,1.85582,0.57774,0.17831,0.55,0.11473,0.13525,0.12659,0.37596,0.12531,0.12216,0.12,0.00000
4,12014,combined_fixture_stress_4_12014_slot,combined_fixture_stress,robust_impedance_planner,slot,slot,slot,follow_slot_axis,0.69699,1,0.34114,1,1,0,0,0,0.78589,1.85751,0.67315,0.10683,0.55,0.04763,0.05552,0.07259,0.69699,0.06355,0.06373,0.12,0.00000
4,12014,combined_fixture_stress_4_12014_slot,combined_fixture_stress,adaptive_probe_then_act,slot,slot,slot,follow_slot_axis,0.75820,1,0.19934,0,0,1,0,0,0.18007,2.06954,0.70677,0.49952,0.55,0.04060,0.04762,0.05448,0.75820,0.04975,0.04936,0.12,0.00000
4,12014,combined_fixture_stress_4_12014_slot,combined_fixture_stress,particle_filter_fixture,slot,slot,slot,follow_slot_axis,0.59773,1,0.28000,1,1,0,0,0,0.79200,1.85537,0.59799,0.16161,0.55,0.00672,0.30122,0.03695,0.59773,0.03127,0.02612,0.12,0.00000
4,12014,combined_fixture_stress_4_12014_slot,combined_fixture_stress,latent_fixture_inference_v5,slot,slot,slot,follow_slot_axis,0.42636,1,0.18015,1,1,0,0,0,0.80198,1.85187,0.64956,0.12281,0.55,0.03784,0.36940,0.05799,0.42636,0.05807,0.05034,0.12,0.00000
4,12015,combined_fixture_stress_4_12015_suction,combined_fixture_stress,prototype_system_id,suction,unknown,suction,peel_then_translate,0.37968,1,0.25000,1,1,0,0,0,0.67500,1.92845,0.53124,0.21974,0.55,0.00447,0.33968,0.05700,0.08317,0.37968,0.13599,0.12,0.00000
4,12015,combined_fixture_stress_4_12015_suction,combined_fixture_stress,calibrated_prototype_system_id,suction,unknown,suction,peel_then_translate,0.38794,1,0.25500,1,1,0,0,0,0.67450,1.92862,0.55634,0.19684,0.55,0.02760,0.33783,0.05505,0.07379,0.38794,0.11780,0.12,0.00000
4,12015,combined_fixture_stress_4_12015_suction,combined_fixture_stress,random_forest_probe_classifier,suction,unknown,suction,peel_then_translate,0.81463,1,0.24483,0,0,1,0,0,0.05552,2.14527,0.64893,0.42111,0.55,0.00041,0.11624,0.00401,0.01036,0.81463,0.05436,0.12,0.00000
4,12015,combined_fixture_stress_4_12015_suction,combined_fixture_stress,bayesian_fixture_belief,suction,unknown,suction,peel_then_translate,0.32517,1,0.29280,0,0,1,0,0,0.05072,2.14695,0.52723,0.27797,0.55,0.10452,0.19408,0.11512,0.12579,0.32517,0.13533,0.12,0.00000
4,12015,combined_fixture_stress_4_12015_suction,combined_fixture_stress,robust_impedance_planner,suction,unknown,suction,cautious_probe_pull,0.38007,1,0.34406,0,0,1,0,1,0.02052,2.14874,0.15262,0.02329,0.55,0.04084,0.29763,0.06901,0.08790,0.38007,0.12455,0.12,0.45000
4,12015,combined_fixture_stress_4_12015_suction,combined_fixture_stress,adaptive_probe_then_act,suction,unknown,suction,peel_then_translate,0.42219,1,0.22622,1,1,0,0,0,0.67738,1.92762,0.58678,0.17075,0.55,0.03597,0.32202,0.05200,0.08057,0.42219,0.08725,0.12,0.00000
4,12015,combined_fixture_stress_4_12015_suction,combined_fixture_stress,particle_filter_fixture,suction,unknown,suction,peel_then_translate,0.55089,1,0.28000,1,1,0,0,0,0.67200,1.92950,0.54544,0.20662,0.55,0.00200,0.26301,0.03369,0.05828,0.55089,0.09213,0.12,0.00000
4,12015,combined_fixture_stress_4_12015_suction,combined_fixture_stress,latent_fixture_inference_v5,suction,unknown,suction,peel_then_translate,0.54628,1,0.17176,1,1,0,0,0,0.68282,1.92571,0.63409,0.13389,0.55,0.03240,0.20709,0.05186,0.07192,0.54628,0.09044,0.12,0.00000
4,12016,combined_fixture_stress_4_12016_tether,combined_fixture_stress,prototype_system_id,tether,suction,tether,unwind_tether,0.48363,1,0.25000,0,0,1,0,0,0.05500,2.12971,0.53284,0.28392,0.55,0.03618,0.12901,0.12136,0.09450,0.13532,0.48363,0.12,0.00000
4,12016,combined_fixture_stress_4_12016_tether,combined_fixture_stress,calibrated_prototype_system_id,tether,suction,tether,unwind_tether,0.51968,1,0.25500,1,1,0,0,0,0.67450,1.91289,0.56379,0.19028,0.55,0.02638,0.09714,0.09033,0.06762,0.19886,0.51968,0.12,0.00000
4,12016,combined_fixture_stress_4_12016_tether,combined_fixture_stress,random_forest_probe_classifier,tether,suction,tether,unwind_tether,0.62336,1,0.26013,1,1,0,0,0,0.67399,1.91307,0.59027,0.16788,0.55,0.00175,0.10747,0.00997,0.01360,0.24385,0.62336,0.12,0.00000
4,12016,combined_fixture_stress_4_12016_tether,combined_fixture_stress,bayesian_fixture_belief,tether,suction,tether,unwind_tether,0.27748,1,0.29280,0,1,0,1,0,0.30182,2.61421,0.50260,0.24741,0.55,0.10151,0.17050,0.12233,0.12123,0.20695,0.27748,0.12,0.55000
4,12016,combined_fixture_stress_4_12016_tether,combined_fixture_stress,robust_impedance_planner,tether,suction,tether,cautious_probe_pull,0.45528,1,0.34263,0,0,0,0,1,0.29958,1.91595,0.19078,0.65484,0.55,0.05328,0.13436,0.11105,0.09362,0.15240,0.45528,0.12,0.45000
4,12016,combined_fixture_stress_4_12016_tether,combined_fixture_stress,adaptive_probe_then_act,tether,suction,tether,unwind_tether,0.57160,1,0.21427,0,0,1,0,0,0.05857,2.12846,0.60162,0.36194,0.55,0.04164,0.09710,0.07765,0.06700,0.14502,0.57160,0.12,0.00000
4,12016,combined_fixture_stress_4_12016_tether,combined_fixture_stress,particle_filter_fixture,tether,suction,tether,unwind_tether,0.48337,1,0.28000,1,0,0,0,0,0.67200,1.91376,0.51654,0.23373,0.55,0.01917,0.22966,0.08220,0.07048,0.11513,0.48337,0.12,0.00000
4,12016,combined_fixture_stress_4_12016_tether,combined_fixture_stress,latent_fixture_inference_v5,tether,suction,tether,cautious_probe_pull,0.40738,1,0.18148,0,0,1,1,1,0.02783,2.82731,0.21974,0.04829,0.55,0.03950,0.25550,0.08128,0.07915,0.13718,0.40738,0.12,1.00000
4,12017,combined_fixture_stress_4_12017_free,combined_fixture_stress,prototype_system_id,free,slot,free,direct_translate,0.81997,1,0.25000,0,0,1,0,0,0.17500,1.99838,0.73394,0.53867,0.55,0.81997,0.00603,0.04500,0.06885,0.02025,0.03990,0.12,0.00000
4,12017,combined_fixture_stress_4_12017_free,combined_fixture_stress,calibrated_prototype_system_id,free,slot,free,direct_translate,0.78694,1,0.25500,1,1,0,0,0,0.79450,1.78155,0.75359,0.06072,0.55,0.78694,0.01173,0.02648,0.13464,0.01609,0.02412,0.12,0.00000
4,12017,combined_fixture_stress_4_12017_free,combined_fixture_stress,random_forest_probe_classifier,free,slot,free,direct_translate,0.75933,1,0.24925,0,0,1,0,0,0.17507,1.99835,0.75833,0.57506,0.55,0.75933,0.03793,0.04244,0.10822,0.02837,0.02371,0.12,0.00000
4,12017,combined_fixture_stress_4_12017_free,combined_fixture_stress,bayesian_fixture_belief,free,slot,free,direct_translate,0.25006,1,0.29280,1,1,0,0,0,0.79072,1.78287,0.61626,0.14726,0.55,0.25006,0.11748,0.13706,0.24166,0.12386,0.12988,0.12,0.00000
4,12017,combined_fixture_stress_4_12017_free,combined_fixture_stress,robust_impedance_planner,free,slot,free,direct_translate,0.65088,1,0.33451,1,1,0,0,0,0.78655,1.78433,0.73763,0.06884,0.55,0.65088,0.04601,0.06808,0.11874,0.05310,0.06317,0.12,0.00000
4,12017,combined_fixture_stress_4_12017_free,combined_fixture_stress,adaptive_probe_then_act,free,slot,free,direct_translate,0.68318,1,0.20535,1,0,0,0,0,0.79947,1.77981,0.76211,0.05659,0.55,0.68318,0.04044,0.05377,0.12776,0.04458,0.05026,0.12,0.00000
4,12017,combined_fixture_stress_4_12017_free,combined_fixture_stress,particle_filter_fixture,free,slot,free,direct_translate,0.57299,1,0.28000,1,0,0,0,0,0.79200,1.78243,0.66376,0.11306,0.55,0.57299,0.05722,0.08086,0.18901,0.04889,0.05103,0.12,0.00000
4,12017,combined_fixture_stress_4_12017_free,combined_fixture_stress,latent_fixture_inference_v5,free,slot,free,cautious_probe_pull,0.35963,1,0.18483,0,1,0,1,0,0.30668,2.52110,0.44519,0.30782,0.55,0.35963,0.09699,0.11633,0.25868,0.08539,0.08298,0.12,0.55000
4,12018,combined_fixture_stress_4_12018_clamp,combined_fixture_stress,prototype_system_id,clamp,suction,tether,unwind_tether,0.34513,0,0.82000,0,0,1,1,1,0.00000,2.88323,0.01633,0.00027,0.55,0.01094,0.24481,0.06596,0.07385,0.25931,0.34513,0.12,1.00000
4,12018,combined_fixture_stress_4_12018_clamp,combined_fixture_stress,calibrated_prototype_system_id,clamp,suction,tether,unwind_tether,0.33916,0,0.74000,0,0,1,0,0,0.00600,2.18113,0.01630,0.00027,0.55,0.01387,0.21790,0.04635,0.05218,0.33053,0.33916,0.12,0.00000
4,12018,combined_fixture_stress_4_12018_clamp,combined_fixture_stress,random_forest_probe_classifier,clamp,suction,clamp,release_clamp_pull,0.37947,1,0.27964,0,0,1,0,1,0.07742,2.12302,0.54864,0.30100,0.55,0.00058,0.37947,0.00656,0.00484,0.35543,0.25312,0.12,0.45000
4,12018,combined_fixture_stress_4_12018_clamp,combined_fixture_stress,bayesian_fixture_belief,clamp,suction,suction,peel_then_translate,0.27387,0,0.79000,0,0,1,1,1,0.00045,2.88288,0.01593,0.00025,0.55,0.09575,0.19241,0.10849,0.10780,0.27387,0.22167,0.12,1.00000
4,12018,combined_fixture_stress_4_12018_clamp,combined_fixture_stress,robust_impedance_planner,clamp,suction,tether,cautious_probe_pull,0.31721,0,0.86000,0,0,1,0,0,0.00000,2.18323,0.01618,0.00026,0.55,0.03981,0.22623,0.07205,0.07635,0.26834,0.31721,0.12,0.00000
4,12018,combined_fixture_stress_4_12018_clamp,combined_fixture_stress,adaptive_probe_then_act,clamp,suction,tether,cautious_probe_pull,0.35571,0,0.70000,0,0,1,1,0,0.00450,2.87973,0.01639,0.00027,0.55,0.03402,0.25797,0.06951,0.07191,0.21087,0.35571,0.12,0.55000
4,12018,combined_fixture_stress_4_12018_clamp,combined_fixture_stress,particle_filter_fixture,clamp,suction,tether,unwind_tether,0.34315,0,0.78000,0,0,1,1,1,0.00090,2.88253,0.01632,0.00027,0.55,0.00496,0.26233,0.04303,0.04520,0.30133,0.34315,0.12,1.00000
4,12018,combined_fixture_stress_4_12018_clamp,combined_fixture_stress,latent_fixture_inference_v5,clamp,suction,suction,cautious_probe_pull,0.30881,0,0.66000,0,0,1,0,0,0.01400,2.17833,0.02411,0.00058,0.55,0.03101,0.24776,0.05650,0.05555,0.30881,0.30038,0.12,0.00000
4,12019,combined_fixture_stress_4_12019_hinge,combined_fixture_stress,prototype_system_id,hinge,suction,hinge,pivot_rotate,0.54242,1,0.25000,1,1,0,0,0,0.79500,1.95354,0.57797,0.17811,0.55,0.03916,0.03789,0.54242,0.20906,0.05431,0.11716,0.12,0.00000
4,12019,combined_fixture_stress_4_12019_hinge,combined_fixture_stress,calibrated_prototype_system_id,hinge,suction,hinge,pivot_rotate,0.56713,1,0.25500,1,1,0,0,0,0.79450,1.95372,0.60760,0.15398,0.55,0.02704,0.02634,0.56713,0.16554,0.13206,0.08189,0.12,0.00000
4,12019,combined_fixture_stress_4_12019_hinge,combined_fixture_stress,random_forest_probe_classifier,hinge,suction,hinge,pivot_rotate,0.38384,1,0.27929,1,1,0,0,0,0.79207,1.95457,0.57436,0.18117,0.55,0.00428,0.11347,0.38384,0.35298,0.08945,0.05599,0.12,0.00000
4,12019,combined_fixture_stress_4_12019_hinge,combined_fixture_stress,bayesian_fixture_belief,hinge,suction,hinge,pivot_rotate,0.23498,1,0.29280,1,1,0,0,0,0.79072,1.95504,0.52653,0.22418,0.55,0.11124,0.13650,0.23498,0.18018,0.20521,0.13189,0.12,0.00000
4,12019,combined_fixture_stress_4_12019_hinge,combined_fixture_stress,robust_impedance_planner,hinge,suction,hinge,cautious_probe_pull,0.47571,1,0.35016,0,1,0,1,0,0.29924,2.69905,0.05362,0.89563,0.55,0.05783,0.06682,0.47571,0.18897,0.10118,0.10949,0.12,0.55000
4,12019,combined_fixture_stress_4_12019_hinge,combined_fixture_stress,adaptive_probe_then_act,hinge,suction,hinge,pivot_rotate,0.47982,1,0.22161,1,0,0,0,0,0.79784,1.95255,0.61634,0.14719,0.55,0.04525,0.05352,0.47982,0.21366,0.08127,0.12647,0.12,0.00000
4,12019,combined_fixture_stress_4_12019_hinge,combined_fixture_stress,particle_filter_fixture,hinge,suction,hinge,pivot_rotate,0.42468,1,0.28000,1,1,0,0,0,0.79200,1.95459,0.54017,0.21144,0.55,0.02395,0.18287,0.42468,0.19415,0.09300,0.08134,0.12,0.00000
4,12019,combined_fixture_stress_4_12019_hinge,combined_fixture_stress,latent_fixture_inference_v5,hinge,suction,hinge,cautious_probe_pull,0.30528,1,0.18863,0,0,1,1,0,0.02751,2.91039,0.08160,0.00666,0.55,0.04685,0.23054,0.30528,0.18593,0.14567,0.08573,0.12,0.55000
5,12012,combined_fixture_stress_5_12012_slot,combined_fixture_stress,prototype_system_id,slot,unknown,slot,follow_slot_axis,0.58944,1,0.25000,0,1,0,0,1,0.35775,2.02858,0.61325,0.14958,0.55,0.06347,0.03113,0.10175,0.58944,0.12449,0.08973,0.12,0.45000
5,12012,combined_fixture_stress_5_12012_slot,combined_fixture_stress,calibrated_prototype_system_id,slot,unknown,slot,follow_slot_axis,0.64042,1,0.25500,1,1,0,0,0,0.79450,2.02876,0.64877,0.12336,0.55,0.05754,0.03854,0.08482,0.64042,0.10289,0.07580,0.12,0.00000
5,12012,combined_fixture_stress_5_12012_slot,combined_fixture_stress,random_forest_probe_classifier,slot,unknown,slot,follow_slot_axis,0.67199,1,0.25624,1,1,0,0,0,0.79438,2.02880,0.66389,0.11297,0.55,0.00262,0.20476,0.05406,0.67199,0.01543,0.05115,0.12,0.00000
5,12012,combined_fixture_stress_5_12012_slot,combined_fixture_stress,bayesian_fixture_belief,slot,unknown,slot,follow_slot_axis,0.24794,1,0.29280,0,0,1,0,0,0.17072,2.24708,0.55264,0.30541,0.55,0.13243,0.16544,0.14994,0.24794,0.16015,0.14410,0.12,0.00000
5,12012,combined_fixture_stress_5_12012_slot,combined_fixture_stress,robust_impedance_planner,slot,unknown,slot,follow_slot_axis,0.51899,1,0.35698,1,1,0,0,0,0.78430,2.03233,0.63238,0.13515,0.55,0.07819,0.07454,0.10660,0.51899,0.12436,0.09732,0.12,0.00000
5,12012,combined_fixture_stress_5_12012_slot,combined_fixture_stress,adaptive_probe_then_act,slot,unknown,slot,follow_slot_axis,0.62540,1,0.20997,1,1,0,0,0,0.79900,2.02718,0.67573,0.10515,0.55,0.07547,0.06164,0.07730,0.62540,0.08895,0.07124,0.12,0.00000
5,12012,combined_fixture_stress_5_12012_slot,combined_fixture_stress,particle_filter_fixture,slot,unknown,slot,follow_slot_axis,0.43654,1,0.28000,1,1,0,0,0,0.79200,2.02963,0.56758,0.18699,0.55,0.03469,0.31275,0.06877,0.43654,0.08996,0.05728,0.12,0.00000
5,12012,combined_fixture_stress_5_12012_slot,combined_fixture_stress,latent_fixture_inference_v5,slot,unknown,clamp,cautious_probe_pull,0.38526,0,0.66000,0,0,1,1,1,0.00630,3.00193,0.16549,0.02739,0.55,0.05591,0.38526,0.08363,0.30038,0.10080,0.07402,0.12,1.00000
5,12013,combined_fixture_stress_5_12013_suction,combined_fixture_stress,prototype_system_id,suction,unknown,suction,peel_then_translate,0.46481,1,0.25000,1,1,0,0,0,0.67500,2.05167,0.54656,0.20561,0.55,0.01900,0.18385,0.06756,0.12773,0.46481,0.13705,0.12,0.00000
5,12013,combined_fixture_stress_5_12013_suction,combined_fixture_stress,calibrated_prototype_system_id,suction,unknown,suction,peel_then_translate,0.50715,1,0.25500,1,1,0,0,0,0.67450,2.05184,0.57875,0.17745,0.55,0.03326,0.16513,0.06282,0.11161,0.50715,0.12003,0.12,0.00000
5,12013,combined_fixture_stress_5_12013_suction,combined_fixture_stress,random_forest_probe_classifier,suction,unknown,suction,peel_then_translate,0.79516,1,0.24639,1,1,0,0,0,0.67536,2.05154,0.64475,0.12620,0.55,0.00031,0.06145,0.04551,0.09042,0.79516,0.00715,0.12,0.00000
5,12013,combined_fixture_stress_5_12013_suction,combined_fixture_stress,bayesian_fixture_belief,suction,unknown,suction,peel_then_translate,0.37363,1,0.29280,1,1,0,0,0,0.67072,2.05316,0.53605,0.21525,0.55,0.10594,0.15272,0.11378,0.12286,0.37363,0.13107,0.12,0.00000
5,12013,combined_fixture_stress_5_12013_suction,combined_fixture_stress,robust_impedance_planner,suction,unknown,suction,cautious_probe_pull,0.47395,1,0.35527,0,0,1,1,0,0.02001,2.97235,0.15461,0.02391,0.55,0.04692,0.16488,0.07467,0.11515,0.47395,0.12442,0.12,0.55000
5,12013,combined_fixture_stress_5_12013_suction,combined_fixture_stress,adaptive_probe_then_act,suction,unknown,suction,peel_then_translate,0.55846,1,0.21532,1,1,0,0,0,0.67847,2.05045,0.61635,0.14719,0.55,0.03902,0.14751,0.05506,0.09668,0.55846,0.10328,0.12,0.00000
5,12013,combined_fixture_stress_5_12013_suction,combined_fixture_stress,particle_filter_fixture,suction,unknown,suction,peel_then_translate,0.65479,1,0.28000,1,1,0,0,0,0.67200,2.05272,0.56359,0.19045,0.55,0.00827,0.13530,0.03710,0.07649,0.65479,0.08806,0.12,0.00000
5,12013,combined_fixture_stress_5_12013_suction,combined_fixture_stress,latent_fixture_inference_v5,suction,unknown,suction,peel_then_translate,0.63505,1,0.16555,1,1,0,0,0,0.68345,2.04871,0.65382,0.11984,0.55,0.03501,0.12251,0.05096,0.07258,0.63505,0.08390,0.12,0.00000
5,12014,combined_fixture_stress_5_12014_tether,combined_fixture_stress,prototype_system_id,tether,unknown,tether,unwind_tether,0.40394,1,0.25000,1,1,0,0,0,0.67500,2.05156,0.51894,0.23142,0.55,0.02997,0.12999,0.21526,0.13192,0.08892,0.40394,0.12,0.00000
5,12014,combined_fixture_stress_5_12014_tether,combined_fixture_stress,calibrated_prototype_system_id,tether,unknown,tether,unwind_tether,0.43984,1,0.25500,1,1,0,0,0,0.67450,2.05174,0.54923,0.20319,0.55,0.03928,0.11695,0.20427,0.11875,0.08091,0.43984,0.12,0.00000
5,12014,combined_fixture_stress_5_12014_tether,combined_fixture_stress,random_forest_probe_classifier,tether,unknown,tether,unwind_tether,0.55322,1,0.26574,0,0,1,0,0,0.05343,2.26911,0.57584,0.33159,0.55,0.00192,0.12580,0.27171,0.03189,0.01546,0.55322,0.12,0.00000
5,12014,combined_fixture_stress_5_12014_tether,combined_fixture_stress,bayesian_fixture_belief,tether,unknown,tether,unwind_tether,0.26001,1,0.29280,0,1,0,1,1,0.30182,2.75306,0.49951,0.25049,0.55,0.11032,0.19291,0.14903,0.15483,0.13289,0.26001,0.12,1.00000
5,12014,combined_fixture_stress_5_12014_tether,combined_fixture_stress,robust_impedance_planner,tether,unknown,tether,cautious_probe_pull,0.38491,1,0.35526,0,0,1,1,1,0.02001,2.97225,0.18321,0.03356,0.55,0.05383,0.14487,0.18920,0.13170,0.09549,0.38491,0.12,1.00000
5,12014,combined_fixture_stress_5_12014_tether,combined_fixture_stress,adaptive_probe_then_act,tether,unknown,tether,unwind_tether,0.48937,1,0.22085,1,1,0,0,0,0.67791,2.05054,0.58419,0.17290,0.55,0.04323,0.10645,0.18043,0.11078,0.06974,0.48937,0.12,0.00000
5,12014,combined_fixture_stress_5_12014_tether,combined_fixture_stress,particle_filter_fixture,tether,unknown,tether,unwind_tether,0.38475,1,0.28000,0,0,1,0,1,0.02340,2.26961,0.49987,0.24987,0.55,0.01632,0.25801,0.14855,0.12204,0.07034,0.38475,0.12,0.45000
5,12014,combined_fixture_stress_5_12014_tether,combined_fixture_stress,latent_fixture_inference_v5,tether,unknown,tether,cautious_probe_pull,0.32959,1,0.18693,0,0,0,1,1,0.30659,2.74936,0.21267,0.61988,0.55,0.04121,0.29282,0.12154,0.13029,0.08455,0.32959,0.12,1.00000
5,12015,combined_fixture_stress_5_12015_free,combined_fixture_stress,prototype_system_id,free,suction,free,direct_translate,0.95396,1,0.25000,1,1,0,0,0,0.79500,1.97235,0.76294,0.05620,0.55,0.95396,0.00202,0.01505,0.01178,0.00471,0.01247,0.12,0.00000
5,12015,combined_fixture_stress_5_12015_free,combined_fixture_stress,calibrated_prototype_system_id,free,suction,free,direct_translate,0.84184,1,0.25500,1,1,0,0,0,0.79450,1.97253,0.76591,0.05480,0.55,0.84184,0.01088,0.01385,0.01296,0.10734,0.01314,0.12,0.00000
5,12015,combined_fixture_stress_5_12015_free,combined_fixture_stress,random_forest_probe_classifier,free,suction,free,direct_translate,0.76715,1,0.24863,1,1,0,0,0,0.79514,1.97230,0.76028,0.05746,0.55,0.76715,0.03619,0.06305,0.04405,0.05444,0.03513,0.12,0.00000
5,12015,combined_fixture_stress_5_12015_free,combined_fixture_stress,bayesian_fixture_belief,free,suction,free,direct_translate,0.29280,1,0.29280,1,1,0,0,0,0.79072,1.97385,0.62560,0.14018,0.55,0.29280,0.11913,0.13045,0.12659,0.20500,0.12603,0.12,0.00000
5,12015,combined_fixture_stress_5_12015_free,combined_fixture_stress,robust_impedance_planner,free,suction,free,direct_translate,0.72032,1,0.35187,1,0,0,0,0,0.78481,1.97592,0.74872,0.06314,0.55,0.72032,0.04560,0.05339,0.05094,0.07882,0.05093,0.12,0.00000
5,12015,combined_fixture_stress_5_12015_free,combined_fixture_stress,adaptive_probe_then_act,free,suction,free,direct_translate,0.75548,1,0.19956,1,0,0,0,0,0.80004,1.97059,0.78065,0.04811,0.55,0.75548,0.04062,0.04581,0.04409,0.07002,0.04399,0.12,0.00000
5,12015,combined_fixture_stress_5_12015_free,combined_fixture_stress,particle_filter_fixture,free,suction,free,direct_translate,0.64552,1,0.28000,1,1,0,0,0,0.79200,1.97340,0.67907,0.10299,0.55,0.64552,0.05331,0.09704,0.06806,0.08080,0.05527,0.12,0.00000
5,12015,combined_fixture_stress_5_12015_free,combined_fixture_stress,latent_fixture_inference_v5,free,suction,free,cautious_probe_pull,0.40766,1,0.18146,1,1,0,0,0,0.68185,2.01195,0.45333,0.29885,0.55,0.40766,0.09425,0.14245,0.11020,0.14973,0.09570,0.12,0.00000
5,12016,combined_fixture_stress_5_12016_clamp,combined_fixture_stress,prototype_system_id,clamp,unknown,clamp,release_clamp_pull,0.47245,1,0.25000,1,1,0,0,0,0.79500,1.97975,0.53941,0.21214,0.55,0.00306,0.47245,0.03544,0.06264,0.21093,0.21548,0.12,0.00000
5,12016,combined_fixture_stress_5_12016_clamp,combined_fixture_stress,calibrated_prototype_system_id,clamp,unknown,clamp,release_clamp_pull,0.49687,1,0.25500,0,0,1,0,0,0.17450,2.19692,0.56822,0.32288,0.55,0.02721,0.49687,0.04123,0.05794,0.18606,0.19069,0.12,0.00000
5,12016,combined_fixture_stress_5_12016_clamp,combined_fixture_stress,random_forest_probe_classifier,clamp,unknown,clamp,release_clamp_pull,0.60314,1,0.26175,1,1,0,0,0,0.79383,1.98016,0.59499,0.16403,0.55,0.00036,0.60314,0.04827,0.01543,0.17216,0.16064,0.12,0.00000
5,12016,combined_fixture_stress_5_12016_clamp,combined_fixture_stress,bayesian_fixture_belief,clamp,unknown,clamp,release_clamp_pull,0.27024,1,0.29280,1,1,0,0,0,0.79072,1.98125,0.50928,0.24081,0.55,0.10200,0.27024,0.10998,0.12220,0.20001,0.19556,0.12,0.00000
5,12016,combined_fixture_stress_5_12016_clamp,combined_fixture_stress,robust_impedance_planner,clamp,unknown,clamp,cautious_probe_pull,0.43157,1,0.35255,0,1,0,1,0,0.29914,2.72534,0.11111,0.79013,0.55,0.03946,0.43157,0.05567,0.07427,0.19874,0.20030,0.12,0.55000
5,12016,combined_fixture_stress_5_12016_clamp,combined_fixture_stress,adaptive_probe_then_act,clamp,unknown,clamp,release_clamp_pull,0.48572,1,0.22114,1,1,0,0,0,0.79789,1.97874,0.59197,0.16648,0.55,0.03494,0.48572,0.06046,0.05571,0.15659,0.20657,0.12,0.00000
5,12016,combined_fixture_stress_5_12016_clamp,combined_fixture_stress,particle_filter_fixture,clamp,unknown,clamp,release_clamp_pull,0.43703,1,0.28000,1,1,0,0,0,0.79200,1.98080,0.51713,0.23316,0.55,0.00139,0.43703,0.02277,0.05321,0.24965,0.23595,0.12,0.00000
5,12016,combined_fixture_stress_5_12016_clamp,combined_fixture_stress,latent_fixture_inference_v5,clamp,unknown,clamp,cautious_probe_pull,0.36227,1,0.18464,0,0,0,1,0,0.30669,2.71946,0.14170,0.73667,0.55,0.03138,0.36227,0.04651,0.07356,0.25236,0.23391,0.12,0.55000
5,12017,combined_fixture_stress_5_12017_hinge,combined_fixture_stress,prototype_system_id,hinge,unknown,hinge,pivot_rotate,0.65736,1,0.25000,0,0,1,0,0,0.17500,2.20195,0.59930,0.35916,0.55,0.01609,0.03760,0.65736,0.12842,0.04873,0.11180,0.12,0.00000
5,12017,combined_fixture_stress_5_12017_hinge,combined_fixture_stress,calibrated_prototype_system_id,hinge,unknown,hinge,pivot_rotate,0.69140,1,0.25500,1,1,0,0,0,0.79450,1.98512,0.63166,0.13568,0.55,0.03125,0.04098,0.69140,0.10102,0.04694,0.08841,0.12,0.00000
5,12017,combined_fixture_stress_5_12017_hinge,combined_fixture_stress,random_forest_probe_classifier,hinge,unknown,hinge,pivot_rotate,0.69906,1,0.25407,0,0,1,0,0,0.17459,2.20209,0.64255,0.41287,0.55,0.00415,0.13524,0.69906,0.12453,0.02403,0.01298,0.12,0.00000
5,12017,combined_fixture_stress_5_12017_hinge,combined_fixture_stress,bayesian_fixture_belief,hinge,unknown,hinge,pivot_rotate,0.29136,1,0.29280,0,0,1,1,0,0.07682,2.90344,0.53711,0.28848,0.55,0.11672,0.15049,0.29136,0.16471,0.13419,0.14254,0.12,0.55000
5,12017,combined_fixture_stress_5_12017_hinge,combined_fixture_stress,robust_impedance_planner,hinge,unknown,hinge,pivot_rotate,0.57575,1,0.35302,1,1,0,0,0,0.78470,1.98855,0.61860,0.14546,0.55,0.04935,0.07127,0.57575,0.12579,0.07033,0.10751,0.12,0.00000
5,12017,combined_fixture_stress_5_12017_hinge,combined_fixture_stress,adaptive_probe_then_act,hinge,unknown,hinge,pivot_rotate,0.66323,1,0.20694,1,1,0,0,0,0.79931,1.98344,0.65738,0.11739,0.55,0.04178,0.05766,0.66323,0.08966,0.05481,0.09287,0.12,0.00000
5,12017,combined_fixture_stress_5_12017_hinge,combined_fixture_stress,particle_filter_fixture,hinge,unknown,hinge,pivot_rotate,0.51737,1,0.28000,1,1,0,0,0,0.79200,1.98600,0.55689,0.19635,0.55,0.01213,0.21397,0.51737,0.12263,0.05716,0.07673,0.12,0.00000
5,12017,combined_fixture_stress_5_12017_hinge,combined_fixture_stress,latent_fixture_inference_v5,hinge,unknown,hinge,cautious_probe_pull,0.37507,1,0.18374,0,0,1,1,0,0.02773,2.94163,0.08479,0.00719,0.55,0.04371,0.26950,0.37507,0.13757,0.08724,0.08691,0.12,0.55000
5,12018,combined_fixture_stress_5_12018_slot,combined_fixture_stress,prototype_system_id,slot,unknown,slot,follow_slot_axis,0.67339,1,0.25000,0,1,0,1,0,0.35775,2.68019,0.62953,0.13724,0.55,0.02749,0.02504,0.11666,0.67339,0.07650,0.08091,0.12,0.55000
5,12018,combined_fixture_stress_5_12018_slot,combined_fixture_stress,calibrated_prototype_system_id,slot,unknown,slot,follow_slot_axis,0.70775,1,0.25500,1,1,0,0,0,0.79450,1.98037,0.66237,0.11400,0.55,0.03599,0.03490,0.09151,0.70775,0.06348,0.06636,0.12,0.00000
5,12018,combined_fixture_stress_5_12018_slot,combined_fixture_stress,random_forest_probe_classifier,slot,unknown,slot,follow_slot_axis,0.71657,1,0.25267,0,0,1,0,0,0.17473,2.19729,0.67400,0.45427,0.55,0.00149,0.21184,0.05263,0.71657,0.01207,0.00540,0.12,0.00000
5,12018,combined_fixture_stress_5_12018_slot,combined_fixture_stress,bayesian_fixture_belief,slot,unknown,slot,follow_slot_axis,0.26551,1,0.29280,0,0,1,1,0,0.07682,2.89869,0.55609,0.30923,0.55,0.12841,0.16214,0.15338,0.26551,0.14856,0.14201,0.12,0.55000
5,12018,combined_fixture_stress_5_12018_slot,combined_fixture_stress,robust_impedance_planner,slot,unknown,slot,follow_slot_axis,0.57767,1,0.35259,0,0,1,0,0,0.16474,2.20078,0.64555,0.41673,0.55,0.05836,0.07015,0.11423,0.57767,0.08986,0.08974,0.12,0.00000
5,12018,combined_fixture_stress_5_12018_slot,combined_fixture_stress,adaptive_probe_then_act,slot,unknown,slot,follow_slot_axis,0.66183,1,0.20705,1,1,0,0,0,0.79929,1.97869,0.68422,0.09972,0.55,0.04789,0.05887,0.09797,0.66183,0.06718,0.06626,0.12,0.00000
5,12018,combined_fixture_stress_5_12018_slot,combined_fixture_stress,particle_filter_fixture,slot,unknown,slot,follow_slot_axis,0.49075,1,0.28000,0,0,1,0,0,0.17200,2.19824,0.57781,0.33386,0.55,0.01347,0.31974,0.07383,0.49075,0.05473,0.04748,0.12,0.00000
5,12018,combined_fixture_stress_5_12018_slot,combined_fixture_stress,latent_fixture_inference_v5,slot,unknown,clamp,cautious_probe_pull,0.39434,0,0.66000,0,0,1,1,0,0.00630,2.95354,0.16600,0.02756,0.55,0.04486,0.39434,0.08507,0.33066,0.07838,0.06670,0.12,0.55000
5,12019,combined_fixture_stress_5_12019_suction,combined_fixture_stress,prototype_system_id,suction,unknown,suction,peel_then_translate,0.67509,1,0.25000,0,0,1,0,1,0.02475,2.31827,0.58441,0.34154,0.55,0.00862,0.06917,0.03585,0.14428,0.67509,0.06699,0.12,0.45000
5,12019,combined_fixture_stress_5_12019_suction,combined_fixture_stress,calibrated_prototype_system_id,suction,unknown,suction,peel_then_translate,0.70370,1,0.25500,0,0,1,0,0,0.05450,2.31845,0.61570,0.37908,0.55,0.02862,0.05853,0.03986,0.11210,0.70370,0.05719,0.12,0.00000
5,12019,combined_fixture_stress_5_12019_suction,combined_fixture_stress,random_forest_probe_classifier,suction,unknown,suction,peel_then_translate,0.96597,1,0.23272,1,1,0,0,0,0.67673,2.10067,0.68153,0.10142,0.55,0.00028,0.02174,0.00199,0.00294,0.96597,0.00708,0.12,0.00000
5,12019,combined_fixture_stress_5_12019_suction,combined_fixture_stress,bayesian_fixture_belief,suction,unknown,suction,peel_then_translate,0.42533,1,0.29280,0,0,1,0,0,0.05072,2.31977,0.54546,0.29753,0.55,0.10292,0.12693,0.10777,0.11984,0.42533,0.11721,0.12,0.00000
5,12019,combined_fixture_stress_5_12019_suction,combined_fixture_stress,robust_impedance_planner,suction,unknown,suction,peel_then_translate,0.63661,1,0.35977,1,1,0,0,0,0.66402,2.10511,0.61078,0.15149,0.55,0.04141,0.07756,0.05409,0.11758,0.63661,0.07275,0.12,0.00000
5,12019,combined_fixture_stress_5_12019_suction,combined_fixture_stress,adaptive_probe_then_act,suction,unknown,suction,peel_then_translate,0.73081,1,0.20154,0,0,1,0,0,0.05985,2.31658,0.65412,0.42787,0.55,0.03589,0.05759,0.04263,0.07941,0.73081,0.05368,0.12,0.00000
5,12019,combined_fixture_stress_5_12019_suction,combined_fixture_stress,particle_filter_fixture,suction,unknown,suction,peel_then_translate,0.79062,1,0.28000,1,1,0,0,0,0.67200,2.10232,0.58732,0.17030,0.55,0.00329,0.06461,0.01821,0.08130,0.79062,0.04198,0.12,0.00000
5,12019,combined_fixture_stress_5_12019_suction,combined_fixture_stress,latent_fixture_inference_v5,suction,unknown,suction,peel_then_translate,0.71025,1,0.16028,1,1,0,0,0,0.68397,2.09813,0.67060,0.10850,0.55,0.03218,0.08573,0.04101,0.07221,0.71025,0.05863,0.12,0.00000
6,12012,combined_fixture_stress_6_12012_tether,combined_fixture_stress,prototype_system_id,tether,unknown,tether,unwind_tether,0.41543,1,0.25000,1,1,0,0,0,0.67500,2.01576,0.52094,0.22950,0.55,0.01342,0.16886,0.20655,0.09799,0.09777,0.41543,0.12,0.00000
6,12012,combined_fixture_stress_6_12012_tether,combined_fixture_stress,calibrated_prototype_system_id,tether,unknown,tether,unwind_tether,0.44916,1,0.25500,0,1,0,0,1,0.30352,2.01593,0.55093,0.20166,0.55,0.03089,0.15295,0.19214,0.08752,0.08734,0.44916,0.12,0.45000
6,12012,combined_fixture_stress_6_12012_tether,combined_fixture_stress,random_forest_probe_classifier,tether,unknown,tether,unwind_tether,0.69731,1,0.25422,1,1,0,0,0,0.67458,2.01591,0.60556,0.15558,0.55,0.00148,0.16272,0.09931,0.02669,0.01248,0.69731,0.12,0.00000
6,12012,combined_fixture_stress_6_12012_tether,combined_fixture_stress,bayesian_fixture_belief,tether,unknown,tether,unwind_tether,0.27000,1,0.29280,0,0,1,1,1,0.02282,2.93426,0.50128,0.25128,0.55,0.10620,0.20475,0.14825,0.14049,0.13031,0.27000,0.12,1.00000
6,12012,combined_fixture_stress_6_12012_tether,combined_fixture_stress,robust_impedance_planner,tether,unknown,tether,cautious_probe_pull,0.39571,1,0.35200,0,0,0,0,1,0.29916,2.01933,0.18469,0.66474,0.55,0.04477,0.17534,0.18111,0.10354,0.09953,0.39571,0.12,0.45000
6,12012,combined_fixture_stress_6_12012_tether,combined_fixture_stress,adaptive_probe_then_act,tether,unknown,tether,unwind_tether,0.51345,1,0.21892,1,0,0,0,0,0.67811,2.01467,0.58928,0.16869,0.55,0.03804,0.12676,0.17467,0.07531,0.07177,0.51345,0.12,0.00000
6,12012,combined_fixture_stress_6_12012_tether,combined_fixture_stress,particle_filter_fixture,tether,unknown,tether,unwind_tether,0.41160,1,0.28000,0,0,1,0,0,0.05200,2.23381,0.50441,0.25443,0.55,0.00741,0.27391,0.14385,0.09206,0.07116,0.41160,0.12,0.00000
6,12012,combined_fixture_stress_6_12012_tether,combined_fixture_stress,latent_fixture_inference_v5,tether,unknown,tether,cautious_probe_pull,0.35762,1,0.18497,0,0,1,0,0,0.06150,2.23048,0.21521,0.04632,0.55,0.03602,0.29753,0.12035,0.10728,0.08121,0.35762,0.12,0.00000
6,12013,combined_fixture_stress_6_12013_free,combined_fixture_stress,prototype_system_id,free,suction,free,direct_translate,0.86668,1,0.25000,1,1,0,0,0,0.79500,1.90566,0.74405,0.06551,0.55,0.86668,0.00357,0.02043,0.06123,0.02385,0.02425,0.12,0.00000
6,12013,combined_fixture_stress_6_12013_free,combined_fixture_stress,calibrated_prototype_system_id,free,suction,free,direct_translate,0.80908,1,0.25500,0,1,0,1,0,0.35752,2.60583,0.75856,0.05829,0.55,0.80908,0.01117,0.01590,0.03349,0.11311,0.01725,0.12,0.55000
6,12013,combined_fixture_stress_6_12013_free,combined_fixture_stress,random_forest_probe_classifier,free,suction,free,direct_translate,0.76903,1,0.24848,0,0,1,0,0,0.17515,2.12261,0.76076,0.57875,0.55,0.76903,0.04317,0.03923,0.05314,0.06294,0.03249,0.12,0.00000
6,12013,combined_fixture_stress_6_12013_free,combined_fixture_stress,bayesian_fixture_belief,free,suction,free,direct_translate,0.27868,1,0.29280,0,0,1,0,0,0.17072,2.12416,0.62251,0.38752,0.55,0.27868,0.11554,0.12525,0.14541,0.20931,0.12581,0.12,0.00000
6,12013,combined_fixture_stress_6_12013_free,combined_fixture_stress,robust_impedance_planner,free,suction,free,direct_translate,0.68227,1,0.34581,1,1,0,0,0,0.78542,1.90901,0.74173,0.06671,0.55,0.68227,0.04460,0.05350,0.07785,0.08667,0.05509,0.12,0.00000
6,12013,combined_fixture_stress_6_12013_free,combined_fixture_stress,adaptive_probe_then_act,free,suction,free,direct_translate,0.71939,1,0.20245,1,1,0,0,0,0.79976,1.90400,0.77139,0.05226,0.55,0.71939,0.03953,0.06143,0.05978,0.07410,0.04577,0.12,0.00000
6,12013,combined_fixture_stress_6_12013_free,combined_fixture_stress,particle_filter_fixture,free,suction,free,direct_translate,0.61011,1,0.28000,1,1,0,0,0,0.79200,1.90671,0.67160,0.10785,0.55,0.61011,0.06402,0.06468,0.10398,0.10077,0.05644,0.12,0.00000
6,12013,combined_fixture_stress_6_12013_free,combined_fixture_stress,latent_fixture_inference_v5,free,suction,free,cautious_probe_pull,0.39270,1,0.18251,0,0,1,1,1,0.02779,2.86230,0.45079,0.20321,0.55,0.39270,0.10460,0.10329,0.13893,0.16732,0.09315,0.12,1.00000
6,12014,combined_fixture_stress_6_12014_clamp,combined_fixture_stress,prototype_system_id,clamp,unknown,clamp,release_clamp_pull,0.32698,1,0.25000,0,1,0,1,0,0.35775,2.56922,0.51363,0.23655,0.55,0.00902,0.32698,0.05119,0.08283,0.31228,0.21770,0.12,0.55000
6,12014,combined_fixture_stress_6_12014_clamp,combined_fixture_stress,calibrated_prototype_system_id,clamp,unknown,clamp,release_clamp_pull,0.32999,1,0.25500,0,0,1,0,0,0.17450,2.08639,0.53732,0.28871,0.55,0.02912,0.32999,0.05188,0.07474,0.31184,0.20242,0.12,0.00000
6,12014,combined_fixture_stress_6_12014_clamp,combined_fixture_stress,random_forest_probe_classifier,clamp,unknown,clamp,release_clamp_pull,0.47808,1,0.27175,1,0,0,0,0,0.79282,1.86998,0.56899,0.18577,0.55,0.00035,0.47808,0.00451,0.00753,0.46885,0.04067,0.12,0.00000
6,12014,combined_fixture_stress_6_12014_clamp,combined_fixture_stress,bayesian_fixture_belief,clamp,unknown,suction,peel_then_translate,0.27763,0,0.79000,0,0,1,1,1,0.00045,2.84712,0.01595,0.00025,0.55,0.10357,0.20539,0.11349,0.12157,0.27763,0.17834,0.12,1.00000
6,12014,combined_fixture_stress_6_12014_clamp,combined_fixture_stress,robust_impedance_planner,clamp,unknown,suction,cautious_probe_pull,0.31069,0,0.86000,0,0,1,1,1,0.00000,2.84747,0.01614,0.00026,0.55,0.04205,0.29510,0.06563,0.08672,0.31069,0.19979,0.12,1.00000
6,12014,combined_fixture_stress_6_12014_clamp,combined_fixture_stress,adaptive_probe_then_act,clamp,unknown,suction,cautious_probe_pull,0.33867,0,0.70000,0,0,1,1,1,0.00450,2.84397,0.01630,0.00027,0.55,0.03634,0.27292,0.05001,0.09603,0.33867,0.20602,0.12,1.00000
6,12014,combined_fixture_stress_6_12014_clamp,combined_fixture_stress,particle_filter_fixture,clamp,unknown,suction,peel_then_translate,0.44208,0,0.78000,0,0,1,1,1,0.00090,2.84677,0.01688,0.00028,0.55,0.00379,0.27584,0.03143,0.05441,0.44208,0.19246,0.12,1.00000
6,12014,combined_fixture_stress_6_12014_clamp,combined_fixture_stress,latent_fixture_inference_v5,clamp,unknown,suction,peel_then_translate,0.44180,0,0.66000,0,0,1,1,0,0.00630,2.84257,0.01687,0.00028,0.55,0.03268,0.22968,0.05099,0.06632,0.44180,0.17853,0.12,0.55000
6,12015,combined_fixture_stress_6_12015_hinge,combined_fixture_stress,prototype_system_id,hinge,free,hinge,pivot_rotate,0.55116,1,0.25000,0,1,0,0,1,0.35775,1.86100,0.57959,0.17675,0.55,0.01502,0.05156,0.55116,0.18847,0.06049,0.13329,0.12,0.45000
6,12015,combined_fixture_stress_6_12015_hinge,combined_fixture_stress,calibrated_prototype_system_id,hinge,free,hinge,pivot_rotate,0.57547,1,0.25500,1,0,0,0,0,0.79450,1.86117,0.60922,0.15271,0.55,0.11117,0.03419,0.57547,0.14456,0.03982,0.09479,0.12,0.00000
6,12015,combined_fixture_stress_6_12015_hinge,combined_fixture_stress,random_forest_probe_classifier,hinge,free,hinge,pivot_rotate,0.63294,1,0.25936,0,0,1,0,0,0.17406,2.07833,0.62814,0.39456,0.55,0.00750,0.13030,0.63294,0.14819,0.06914,0.01192,0.12,0.00000
6,12015,combined_fixture_stress_6_12015_hinge,combined_fixture_stress,bayesian_fixture_belief,hinge,free,hinge,pivot_rotate,0.21792,1,0.29280,0,0,1,1,0,0.07682,2.77950,0.52333,0.27387,0.55,0.18348,0.14899,0.21792,0.18454,0.12931,0.13575,0.12,0.55000
6,12015,combined_fixture_stress_6_12015_hinge,combined_fixture_stress,robust_impedance_planner,hinge,free,hinge,cautious_probe_pull,0.47509,1,0.34175,0,0,1,1,0,0.02062,2.82321,0.05577,0.00311,0.55,0.07452,0.07829,0.47509,0.17581,0.07549,0.12079,0.12,0.55000
6,12015,combined_fixture_stress_6_12015_hinge,combined_fixture_stress,adaptive_probe_then_act,hinge,free,hinge,pivot_rotate,0.52720,1,0.21782,1,1,0,0,0,0.79822,1.85987,0.62690,0.13921,0.55,0.06443,0.06132,0.52720,0.17272,0.05717,0.11716,0.12,0.00000
6,12015,combined_fixture_stress_6_12015_hinge,combined_fixture_stress,particle_filter_fixture,hinge,free,hinge,pivot_rotate,0.41288,1,0.28000,1,1,0,0,0,0.79200,1.86205,0.53805,0.21340,0.55,0.01674,0.21471,0.41288,0.19852,0.06668,0.09047,0.12,0.00000
6,12015,combined_fixture_stress_6_12015_hinge,combined_fixture_stress,latent_fixture_inference_v5,hinge,free,hinge,cautious_probe_pull,0.28349,1,0.19016,0,0,1,1,0,0.02744,2.81790,0.08062,0.00650,0.55,0.06908,0.26441,0.28349,0.20112,0.09148,0.09041,0.12,0.55000
6,12016,combined_fixture_stress_6_12016_slot,combined_fixture_stress,prototype_system_id,slot,unknown,slot,follow_slot_axis,0.77844,1,0.25000,1,1,0,0,0,0.79500,2.02202,0.64992,0.12256,0.55,0.02325,0.01705,0.07444,0.77844,0.05854,0.04828,0.12,0.00000
6,12016,combined_fixture_stress_6_12016_slot,combined_fixture_stress,calibrated_prototype_system_id,slot,unknown,slot,follow_slot_axis,0.78143,1,0.25500,1,1,0,0,0,0.79450,2.02219,0.67725,0.10417,0.55,0.03346,0.03115,0.05905,0.78143,0.05013,0.04478,0.12,0.00000
6,12016,combined_fixture_stress_6_12016_slot,combined_fixture_stress,random_forest_probe_classifier,slot,unknown,slot,follow_slot_axis,0.72568,1,0.25195,1,1,0,0,0,0.79481,2.02208,0.67607,0.10493,0.55,0.00126,0.20884,0.05019,0.72568,0.00975,0.00428,0.12,0.00000
6,12016,combined_fixture_stress_6_12016_slot,combined_fixture_stress,bayesian_fixture_belief,slot,unknown,slot,follow_slot_axis,0.30166,1,0.29280,1,1,0,0,0,0.79072,2.02351,0.56317,0.19082,0.55,0.12744,0.15204,0.14208,0.30166,0.14195,0.13484,0.12,0.00000
6,12016,combined_fixture_stress_6_12016_slot,combined_fixture_stress,robust_impedance_planner,slot,unknown,slot,follow_slot_axis,0.65117,1,0.35639,1,1,0,0,0,0.78436,2.02574,0.65959,0.11588,0.55,0.05577,0.06280,0.08444,0.65117,0.07664,0.06918,0.12,0.00000
6,12016,combined_fixture_stress_6_12016_slot,combined_fixture_stress,adaptive_probe_then_act,slot,unknown,slot,follow_slot_axis,0.72392,1,0.20209,1,1,0,0,0,0.79979,2.02034,0.69874,0.09076,0.55,0.04642,0.05374,0.06297,0.72392,0.05889,0.05405,0.12,0.00000
6,12016,combined_fixture_stress_6_12016_slot,combined_fixture_stress,particle_filter_fixture,slot,unknown,slot,follow_slot_axis,0.56615,1,0.28000,0,0,1,0,1,0.07740,2.24007,0.59204,0.35051,0.55,0.01075,0.31143,0.04423,0.56615,0.04033,0.02711,0.12,0.45000
6,12016,combined_fixture_stress_6_12016_slot,combined_fixture_stress,latent_fixture_inference_v5,slot,unknown,clamp,cautious_probe_pull,0.38496,0,0.66000,0,0,1,0,0,0.01400,2.29537,0.16548,0.02738,0.55,0.04323,0.38496,0.06635,0.38269,0.06790,0.05487,0.12,0.00000
6,12017,combined_fixture_stress_6_12017_suction,combined_fixture_stress,prototype_system_id,suction,suction,suction,peel_then_translate,0.52560,1,0.25000,0,0,1,0,0,0.05500,2.12867,0.55750,0.31081,0.55,0.02347,0.14963,0.04412,0.11218,0.52560,0.14500,0.12,0.00000
6,12017,combined_fixture_stress_6_12017_suction,combined_fixture_stress,calibrated_prototype_system_id,suction,suction,suction,peel_then_translate,0.65194,1,0.25500,0,0,1,0,0,0.05450,2.12885,0.60597,0.36720,0.55,0.01909,0.11174,0.03031,0.07935,0.65194,0.10757,0.12,0.00000
6,12017,combined_fixture_stress_6_12017_suction,combined_fixture_stress,random_forest_probe_classifier,suction,suction,suction,peel_then_translate,0.84838,1,0.24213,1,1,0,0,0,0.67579,1.91140,0.65617,0.11822,0.55,0.00024,0.14339,0.00145,0.00126,0.84838,0.00528,0.12,0.00000
6,12017,combined_fixture_stress_6_12017_suction,combined_fixture_stress,bayesian_fixture_belief,suction,suction,suction,peel_then_translate,0.44088,1,0.29280,0,1,0,0,1,0.30182,1.91317,0.54829,0.20404,0.55,0.09868,0.13070,0.10276,0.10731,0.44088,0.11967,0.12,0.45000
6,12017,combined_fixture_stress_6_12017_suction,combined_fixture_stress,robust_impedance_planner,suction,suction,suction,peel_then_translate,0.54449,1,0.34254,1,1,0,0,0,0.66575,1.91491,0.59775,0.16180,0.55,0.04593,0.13083,0.05730,0.09786,0.54449,0.12358,0.12,0.00000
6,12017,combined_fixture_stress_6_12017_suction,combined_fixture_stress,adaptive_probe_then_act,suction,suction,suction,peel_then_translate,0.64356,1,0.20852,1,1,0,0,0,0.67915,1.91022,0.63495,0.13326,0.55,0.03738,0.10664,0.04384,0.06757,0.64356,0.10101,0.12,0.00000
6,12017,combined_fixture_stress_6_12017_suction,combined_fixture_stress,particle_filter_fixture,suction,suction,suction,peel_then_translate,0.71210,1,0.28000,1,0,0,0,0,0.67200,1.91272,0.57361,0.18181,0.55,0.01020,0.10337,0.02264,0.06242,0.71210,0.08928,0.12,0.00000
6,12017,combined_fixture_stress_6_12017_suction,combined_fixture_stress,latent_fixture_inference_v5,suction,suction,suction,peel_then_translate,0.69154,1,0.16159,0,0,1,0,0,0.06384,2.12558,0.66642,0.44412,0.55,0.03347,0.09587,0.04091,0.05925,0.69154,0.07895,0.12,0.00000
6,12018,combined_fixture_stress_6_12018_tether,combined_fixture_stress,prototype_system_id,tether,unknown,tether,unwind_tether,0.45734,1,0.25000,1,1,0,0,0,0.67500,1.96341,0.52825,0.22254,0.55,0.01790,0.20848,0.17154,0.07161,0.07312,0.45734,0.12,0.00000
6,12018,combined_fixture_stress_6_12018_tether,combined_fixture_stress,calibrated_prototype_system_id,tether,unknown,tether,unwind_tether,0.49371,1,0.25500,1,0,0,0,0,0.67450,1.96359,0.55906,0.19443,0.55,0.03271,0.18948,0.15200,0.06549,0.06660,0.49371,0.12,0.00000
6,12018,combined_fixture_stress_6_12018_tether,combined_fixture_stress,random_forest_probe_classifier,tether,unknown,tether,unwind_tether,0.71509,1,0.25279,1,1,0,0,0,0.67472,1.96351,0.60925,0.15269,0.55,0.00172,0.15658,0.09685,0.01645,0.01332,0.71509,0.12,0.00000
6,12018,combined_fixture_stress_6_12018_tether,combined_fixture_stress,bayesian_fixture_belief,tether,unknown,tether,unwind_tether,0.29103,1,0.29280,1,1,0,0,0,0.67072,1.96491,0.50499,0.24504,0.55,0.10588,0.21485,0.13752,0.12621,0.12450,0.29103,0.12,0.00000
6,12018,combined_fixture_stress_6_12018_tether,combined_fixture_stress,robust_impedance_planner,tether,unknown,tether,cautious_probe_pull,0.43459,1,0.34724,1,0,0,0,0,0.66528,1.96682,0.18831,0.65884,0.55,0.04640,0.20568,0.14999,0.08156,0.08178,0.43459,0.12,0.00000
6,12018,combined_fixture_stress_6_12018_tether,combined_fixture_stress,adaptive_probe_then_act,tether,unknown,tether,unwind_tether,0.49136,1,0.22069,1,1,0,0,0,0.67793,1.96239,0.58461,0.17255,0.55,0.03875,0.16318,0.18580,0.06049,0.06041,0.49136,0.12,0.00000
6,12018,combined_fixture_stress_6_12018_tether,combined_fixture_stress,particle_filter_fixture,tether,unknown,tether,unwind_tether,0.46720,1,0.28000,1,1,0,0,0,0.67200,1.96446,0.51381,0.23638,0.55,0.00978,0.29102,0.11469,0.06049,0.05681,0.46720,0.12,0.00000
6,12018,combined_fixture_stress_6_12018_tether,combined_fixture_stress,latent_fixture_inference_v5,tether,unknown,tether,cautious_probe_pull,0.40682,1,0.18152,1,1,0,0,0,0.68185,1.96102,0.21969,0.60889,0.55,0.03706,0.30266,0.10065,0.07899,0.07381,0.40682,0.12,0.00000
6,12019,combined_fixture_stress_6_12019_free,combined_fixture_stress,prototype_system_id,free,unknown,free,direct_translate,0.72482,1,0.25000,1,1,0,0,0,0.79500,1.96176,0.71335,0.08217,0.55,0.72482,0.00857,0.04977,0.12652,0.03545,0.05487,0.12,0.00000
6,12019,combined_fixture_stress_6_12019_free,combined_fixture_stress,calibrated_prototype_system_id,free,unknown,free,direct_translate,0.74150,1,0.25500,1,1,0,0,0,0.79450,1.96194,0.74340,0.06585,0.55,0.74150,0.02852,0.04633,0.09542,0.03914,0.04908,0.12,0.00000
6,12019,combined_fixture_stress_6_12019_free,combined_fixture_stress,random_forest_probe_classifier,free,unknown,free,direct_translate,0.72106,1,0.25232,1,1,0,0,0,0.79477,1.96184,0.74877,0.06312,0.55,0.72106,0.04692,0.03102,0.13982,0.03223,0.02895,0.12,0.00000
6,12019,combined_fixture_stress_6_12019_free,combined_fixture_stress,bayesian_fixture_belief,free,unknown,free,direct_translate,0.26435,1,0.29280,1,1,0,0,0,0.79072,1.96326,0.61938,0.14487,0.55,0.26435,0.12404,0.14064,0.19372,0.13560,0.14165,0.12,0.00000
6,12019,combined_fixture_stress_6_12019_free,combined_fixture_stress,robust_impedance_planner,free,unknown,free,direct_translate,0.60519,1,0.35091,1,1,0,0,0,0.78491,1.96530,0.72279,0.07684,0.55,0.60519,0.04936,0.07255,0.13339,0.06415,0.07536,0.12,0.00000
6,12019,combined_fixture_stress_6_12019_free,combined_fixture_stress,adaptive_probe_then_act,free,unknown,free,direct_translate,0.67671,1,0.20586,1,0,0,0,0,0.79941,1.96022,0.76045,0.05738,0.55,0.67671,0.04303,0.07319,0.09698,0.05177,0.05832,0.12,0.00000
6,12019,combined_fixture_stress_6_12019_free,combined_fixture_stress,particle_filter_fixture,free,unknown,free,direct_translate,0.52670,1,0.28000,1,1,0,0,0,0.79200,1.96281,0.65399,0.11972,0.55,0.52670,0.07138,0.06734,0.20568,0.06193,0.06696,0.12,0.00000
6,12019,combined_fixture_stress_6_12019_free,combined_fixture_stress,latent_fixture_inference_v5,free,unknown,free,cautious_probe_pull,0.34988,1,0.18551,0,0,1,1,0,0.02765,2.91851,0.44354,0.19673,0.55,0.34988,0.11383,0.10034,0.23963,0.09797,0.09835,0.12,0.55000
7,12012,combined_fixture_stress_7_12012_clamp,combined_fixture_stress,prototype_system_id,clamp,unknown,suction,peel_then_translate,0.37902,0,0.82000,0,0,1,1,1,0.00000,2.82100,0.01652,0.00027,0.55,0.00760,0.33336,0.07281,0.04350,0.37902,0.16371,0.12,1.00000
7,12012,combined_fixture_stress_7_12012_clamp,combined_fixture_stress,calibrated_prototype_system_id,clamp,unknown,suction,peel_then_translate,0.38633,0,0.74000,0,0,1,1,1,0.00270,2.81890,0.01656,0.00027,0.55,0.02856,0.32943,0.06600,0.04638,0.38633,0.14329,0.12,1.00000
7,12012,combined_fixture_stress_7_12012_clamp,combined_fixture_stress,random_forest_probe_classifier,clamp,unknown,clamp,release_clamp_pull,0.50892,1,0.26929,1,1,0,0,0,0.79307,1.84342,0.57538,0.18030,0.55,0.00030,0.50892,0.00271,0.00186,0.45629,0.02991,0.12,0.00000
7,12012,combined_fixture_stress_7_12012_clamp,combined_fixture_stress,bayesian_fixture_belief,clamp,unknown,suction,peel_then_translate,0.31897,0,0.79000,0,1,0,1,1,0.27945,2.60365,0.01619,0.96789,0.55,0.10433,0.19353,0.11478,0.11020,0.31897,0.15819,0.12,1.00000
7,12012,combined_fixture_stress_7_12012_clamp,combined_fixture_stress,robust_impedance_planner,clamp,unknown,suction,cautious_probe_pull,0.37681,0,0.86000,0,0,1,0,1,0.00000,2.12100,0.01651,0.00027,0.55,0.04180,0.29202,0.07765,0.06001,0.37681,0.15172,0.12,0.45000
7,12012,combined_fixture_stress_7_12012_clamp,combined_fixture_stress,adaptive_probe_then_act,clamp,unknown,clamp,cautious_probe_pull,0.38389,1,0.22929,1,0,0,0,0,0.67707,1.88402,0.12339,0.76845,0.55,0.03635,0.38389,0.10623,0.04640,0.32057,0.10656,0.12,0.00000
7,12012,combined_fixture_stress_7_12012_clamp,combined_fixture_stress,particle_filter_fixture,clamp,unknown,suction,peel_then_translate,0.53519,0,0.78000,0,0,1,1,1,0.00090,2.82030,0.01740,0.00030,0.55,0.00307,0.25959,0.04091,0.02304,0.53519,0.13821,0.12,1.00000
7,12012,combined_fixture_stress_7_12012_clamp,combined_fixture_stress,latent_fixture_inference_v5,clamp,unknown,suction,peel_then_translate,0.52746,0,0.66000,0,0,1,1,0,0.00630,2.81610,0.01735,0.00030,0.55,0.03259,0.20610,0.05356,0.04378,0.52746,0.13650,0.12,0.55000
7,12013,combined_fixture_stress_7_12013_hinge,combined_fixture_stress,prototype_system_id,hinge,unknown,hinge,pivot_rotate,0.74402,1,0.25000,0,0,1,0,0,0.17500,2.20037,0.61539,0.37870,0.55,0.01866,0.03350,0.74402,0.06640,0.03432,0.10310,0.12,0.00000
7,12013,combined_fixture_stress_7_12013_hinge,combined_fixture_stress,calibrated_prototype_system_id,hinge,unknown,hinge,pivot_rotate,0.75803,1,0.25500,1,0,0,0,0,0.79450,1.98354,0.64456,0.12634,0.55,0.03188,0.03809,0.75803,0.05527,0.03847,0.07827,0.12,0.00000
7,12013,combined_fixture_stress_7_12013_hinge,combined_fixture_stress,random_forest_probe_classifier,hinge,unknown,hinge,pivot_rotate,0.78334,1,0.24733,1,1,0,0,0,0.79527,1.98327,0.66101,0.11491,0.55,0.00401,0.13418,0.78334,0.03971,0.02605,0.01271,0.12,0.00000
7,12013,combined_fixture_stress_7_12013_hinge,combined_fixture_stress,bayesian_fixture_belief,hinge,unknown,hinge,pivot_rotate,0.30534,1,0.29280,1,1,0,0,0,0.79072,1.98486,0.53973,0.21185,0.55,0.11985,0.15009,0.30534,0.14879,0.13264,0.14329,0.12,0.00000
7,12013,combined_fixture_stress_7_12013_hinge,combined_fixture_stress,robust_impedance_planner,hinge,unknown,hinge,pivot_rotate,0.63338,1,0.35287,1,1,0,0,0,0.78471,1.98697,0.62997,0.13692,0.55,0.05126,0.06873,0.63338,0.08353,0.06245,0.10066,0.12,0.00000
7,12013,combined_fixture_stress_7_12013_hinge,combined_fixture_stress,adaptive_probe_then_act,hinge,unknown,hinge,pivot_rotate,0.68166,1,0.20547,1,1,0,0,0,0.79945,1.98181,0.66152,0.11457,0.55,0.04312,0.05622,0.68166,0.06354,0.05045,0.10501,0.12,0.00000
7,12013,combined_fixture_stress_7_12013_hinge,combined_fixture_stress,particle_filter_fixture,hinge,unknown,hinge,pivot_rotate,0.56677,1,0.28000,1,1,0,0,0,0.79200,1.98442,0.56579,0.18854,0.55,0.01285,0.20992,0.56677,0.08863,0.05229,0.06954,0.12,0.00000
7,12013,combined_fixture_stress_7_12013_hinge,combined_fixture_stress,latent_fixture_inference_v5,hinge,unknown,hinge,cautious_probe_pull,0.39818,1,0.18213,0,1,0,1,0,0.30681,2.72299,0.08586,0.83565,0.55,0.04472,0.26660,0.39818,0.12024,0.08685,0.08342,0.12,0.55000
7,12014,combined_fixture_stress_7_12014_slot,combined_fixture_stress,prototype_system_id,slot,unknown,slot,follow_slot_axis,0.76561,1,0.25000,0,0,1,0,0,0.17500,2.25044,0.64743,0.41916,0.55,0.03620,0.01452,0.07081,0.76561,0.05738,0.05547,0.12,0.00000
7,12014,combined_fixture_stress_7_12014_slot,combined_fixture_stress,calibrated_prototype_system_id,slot,unknown,slot,follow_slot_axis,0.77459,1,0.25500,1,1,0,0,0,0.79450,2.03362,0.67587,0.10506,0.55,0.03914,0.03033,0.05735,0.77459,0.04981,0.04878,0.12,0.00000
7,12014,combined_fixture_stress_7_12014_slot,combined_fixture_stress,random_forest_probe_classifier,slot,unknown,slot,follow_slot_axis,0.77383,1,0.24809,0,1,0,1,0,0.35784,2.73338,0.68702,0.09796,0.55,0.00127,0.20558,0.00632,0.77383,0.00893,0.00409,0.12,0.55000
7,12014,combined_fixture_stress_7_12014_slot,combined_fixture_stress,bayesian_fixture_belief,slot,unknown,slot,follow_slot_axis,0.30930,1,0.29280,0,0,1,1,1,0.07682,2.95194,0.56467,0.31885,0.55,0.12798,0.14785,0.14004,0.30930,0.14004,0.13479,0.12,1.00000
7,12014,combined_fixture_stress_7_12014_slot,combined_fixture_stress,robust_impedance_planner,slot,unknown,slot,follow_slot_axis,0.64793,1,0.35743,1,1,0,0,0,0.78426,2.03720,0.65864,0.11652,0.55,0.06136,0.06035,0.08212,0.64793,0.07557,0.07267,0.12,0.00000
7,12014,combined_fixture_stress_7_12014_slot,combined_fixture_stress,adaptive_probe_then_act,slot,unknown,slot,follow_slot_axis,0.69050,1,0.20476,0,0,1,0,0,0.17952,2.24886,0.69092,0.47736,0.55,0.08210,0.05194,0.06151,0.69050,0.05810,0.05585,0.12,0.00000
7,12014,combined_fixture_stress_7_12014_slot,combined_fixture_stress,particle_filter_fixture,slot,unknown,slot,follow_slot_axis,0.56620,1,0.28000,1,1,0,0,0,0.79200,2.03449,0.59205,0.16643,0.55,0.01687,0.30563,0.04197,0.56620,0.03869,0.03063,0.12,0.00000
7,12014,combined_fixture_stress_7_12014_slot,combined_fixture_stress,latent_fixture_inference_v5,slot,unknown,slot,cautious_probe_pull,0.38981,1,0.18271,0,0,0,1,1,0.30678,2.77309,0.28447,0.51199,0.55,0.04570,0.37807,0.06449,0.38981,0.06585,0.05607,0.12,1.00000
7,12015,combined_fixture_stress_7_12015_suction,combined_fixture_stress,prototype_system_id,suction,unknown,suction,peel_then_translate,0.46035,1,0.25000,1,1,0,0,0,0.67500,1.87761,0.54576,0.20634,0.55,0.01223,0.23519,0.07262,0.04796,0.46035,0.17164,0.12,0.00000
7,12015,combined_fixture_stress_7_12015_suction,combined_fixture_stress,calibrated_prototype_system_id,suction,unknown,suction,peel_then_translate,0.49019,1,0.25500,1,1,0,0,0,0.67450,1.87779,0.57556,0.18015,0.55,0.03023,0.21495,0.06559,0.04897,0.49019,0.15006,0.12,0.00000
7,12015,combined_fixture_stress_7_12015_suction,combined_fixture_stress,random_forest_probe_classifier,suction,unknown,suction,peel_then_translate,0.79124,1,0.24670,0,0,1,0,0,0.05533,2.09450,0.64391,0.41462,0.55,0.00035,0.01949,0.00406,0.00190,0.79124,0.18297,0.12,0.00000
7,12015,combined_fixture_stress_7_12015_suction,combined_fixture_stress,bayesian_fixture_belief,suction,unknown,suction,peel_then_translate,0.36623,1,0.29280,1,1,0,0,0,0.67072,1.87911,0.53470,0.21650,0.55,0.10511,0.16262,0.11721,0.11105,0.36623,0.13778,0.12,0.00000
7,12015,combined_fixture_stress_7_12015_suction,combined_fixture_stress,robust_impedance_planner,suction,unknown,suction,cautious_probe_pull,0.46224,1,0.33944,0,0,1,0,0,0.04606,2.09774,0.15805,0.02498,0.55,0.04377,0.20397,0.07835,0.06256,0.46224,0.14910,0.12,0.00000
7,12015,combined_fixture_stress_7_12015_suction,combined_fixture_stress,adaptive_probe_then_act,suction,unknown,suction,peel_then_translate,0.59766,1,0.21219,1,1,0,0,0,0.67878,1.87629,0.62491,0.14069,0.55,0.03737,0.14048,0.05748,0.04787,0.59766,0.11915,0.12,0.00000
7,12015,combined_fixture_stress_7_12015_suction,combined_fixture_stress,particle_filter_fixture,suction,unknown,suction,peel_then_translate,0.64205,1,0.28000,0,0,1,0,0,0.05200,2.09566,0.56137,0.31513,0.55,0.00513,0.17199,0.04270,0.02548,0.64205,0.11265,0.12,0.00000
7,12015,combined_fixture_stress_7_12015_suction,combined_fixture_stress,latent_fixture_inference_v5,suction,unknown,suction,peel_then_translate,0.62210,1,0.16645,1,0,0,0,0,0.68335,1.87469,0.65094,0.12185,0.55,0.03362,0.14410,0.05636,0.04506,0.62210,0.09876,0.12,0.00000
7,12016,combined_fixture_stress_7_12016_tether,combined_fixture_stress,prototype_system_id,tether,unknown,tether,unwind_tether,0.37118,1,0.25000,0,0,1,0,0,0.05500,2.05312,0.51323,0.26340,0.55,0.04099,0.10070,0.14186,0.22011,0.12515,0.37118,0.12,0.00000
7,12016,combined_fixture_stress_7_12016_tether,combined_fixture_stress,calibrated_prototype_system_id,tether,unknown,tether,unwind_tether,0.40340,1,0.25500,1,1,0,0,0,0.67450,1.83629,0.54258,0.20923,0.55,0.04627,0.09213,0.13034,0.21356,0.11430,0.40340,0.12,0.00000
7,12016,combined_fixture_stress_7_12016_tether,combined_fixture_stress,random_forest_probe_classifier,tether,unknown,tether,unwind_tether,0.55531,1,0.26558,0,1,0,0,1,0.30305,1.83666,0.57627,0.17955,0.55,0.00251,0.09548,0.14154,0.14576,0.05940,0.55531,0.12,0.45000
7,12016,combined_fixture_stress_7_12016_tether,combined_fixture_stress,bayesian_fixture_belief,tether,unknown,tether,unwind_tether,0.25019,1,0.29280,1,1,0,0,0,0.67072,1.83762,0.49778,0.25222,0.55,0.11089,0.16852,0.13666,0.19473,0.13900,0.25019,0.12,0.00000
7,12016,combined_fixture_stress_7_12016_tether,combined_fixture_stress,robust_impedance_planner,tether,unknown,tether,cautious_probe_pull,0.35644,1,0.33567,0,0,1,1,0,0.02089,2.75612,0.18626,0.03469,0.55,0.05983,0.11710,0.13260,0.21200,0.12203,0.35644,0.12,0.55000
7,12016,combined_fixture_stress_7_12016_tether,combined_fixture_stress,adaptive_probe_then_act,tether,unknown,tether,unwind_tether,0.46955,1,0.22244,1,0,0,0,0,0.67776,1.83515,0.58000,0.17640,0.55,0.04659,0.08693,0.12631,0.18370,0.08692,0.46955,0.12,0.00000
7,12016,combined_fixture_stress_7_12016_tether,combined_fixture_stress,particle_filter_fixture,tether,unknown,tether,unwind_tether,0.36429,1,0.28000,1,1,0,0,0,0.67200,1.83717,0.49641,0.25361,0.55,0.02328,0.19520,0.09886,0.22355,0.09482,0.36429,0.12,0.00000
7,12016,combined_fixture_stress_7_12016_tether,combined_fixture_stress,latent_fixture_inference_v5,tether,unknown,tether,cautious_probe_pull,0.31861,1,0.18770,0,0,0,1,0,0.30655,2.53394,0.21168,0.62145,0.55,0.04488,0.22818,0.09470,0.21556,0.09808,0.31861,0.12,0.55000
7,12017,combined_fixture_stress_7_12017_free,combined_fixture_stress,prototype_system_id,free,free,free,direct_translate,0.75811,1,0.25000,1,1,0,0,0,0.79500,1.94897,0.72055,0.07809,0.55,0.75811,0.00755,0.04224,0.09290,0.03876,0.06044,0.12,0.00000
7,12017,combined_fixture_stress_7_12017_free,combined_fixture_stress,calibrated_prototype_system_id,free,free,free,direct_translate,0.84687,1,0.25500,1,1,0,0,0,0.79450,1.94915,0.76704,0.05427,0.55,0.84687,0.01220,0.02605,0.05496,0.02438,0.03555,0.12,0.00000
7,12017,combined_fixture_stress_7_12017_free,combined_fixture_stress,random_forest_probe_classifier,free,free,free,direct_translate,0.74752,1,0.25020,1,1,0,0,0,0.79498,1.94898,0.75538,0.05984,0.55,0.74752,0.05211,0.03431,0.05207,0.08105,0.03294,0.12,0.00000
7,12017,combined_fixture_stress_7_12017_free,combined_fixture_stress,bayesian_fixture_belief,free,free,free,direct_translate,0.36305,1,0.29280,0,0,1,0,0,0.17072,2.16747,0.64094,0.41080,0.55,0.36305,0.11104,0.12459,0.14707,0.12414,0.13012,0.12,0.00000
7,12017,combined_fixture_stress_7_12017_free,combined_fixture_stress,robust_impedance_planner,free,free,free,direct_translate,0.66266,1,0.34975,1,1,0,0,0,0.78503,1.95246,0.73619,0.06960,0.55,0.66266,0.04407,0.06273,0.09621,0.06103,0.07329,0.12,0.00000
7,12017,combined_fixture_stress_7_12017_free,combined_fixture_stress,adaptive_probe_then_act,free,free,free,direct_translate,0.70528,1,0.20358,1,1,0,0,0,0.79964,1.94735,0.76777,0.05393,0.55,0.70528,0.03846,0.04934,0.10299,0.04843,0.05551,0.12,0.00000
7,12017,combined_fixture_stress_7_12017_free,combined_fixture_stress,particle_filter_fixture,free,free,free,direct_translate,0.58580,1,0.28000,0,0,1,0,0,0.17200,2.16702,0.66647,0.44418,0.55,0.58580,0.07855,0.06812,0.12099,0.07114,0.07540,0.12,0.00000
7,12017,combined_fixture_stress_7_12017_free,combined_fixture_stress,latent_fixture_inference_v5,free,free,free,direct_translate,0.43114,1,0.17982,1,1,0,0,0,0.80202,1.94651,0.71793,0.07956,0.55,0.43114,0.11817,0.09921,0.14553,0.10363,0.10232,0.12,0.00000
7,12018,combined_fixture_stress_7_12018_clamp,combined_fixture_stress,prototype_system_id,clamp,unknown,clamp,release_clamp_pull,0.50023,1,0.25000,0,0,1,0,0,0.17500,2.21578,0.54433,0.29630,0.55,0.00448,0.50023,0.03896,0.03595,0.22262,0.19776,0.12,0.00000
7,12018,combined_fixture_stress_7_12018_clamp,combined_fixture_stress,calibrated_prototype_system_id,clamp,unknown,clamp,release_clamp_pull,0.52396,1,0.25500,1,1,0,0,0,0.79450,1.99896,0.57324,0.18212,0.55,0.02756,0.52396,0.04286,0.04121,0.19453,0.16988,0.12,0.00000
7,12018,combined_fixture_stress_7_12018_clamp,combined_fixture_stress,random_forest_probe_classifier,clamp,unknown,clamp,release_clamp_pull,0.70896,1,0.25328,1,1,0,0,0,0.79467,1.99890,0.61716,0.14657,0.55,0.00028,0.70896,0.00349,0.00439,0.18065,0.10223,0.12,0.00000
7,12018,combined_fixture_stress_7_12018_clamp,combined_fixture_stress,bayesian_fixture_belief,clamp,unknown,clamp,release_clamp_pull,0.25640,1,0.29280,1,1,0,0,0,0.79072,2.00028,0.50679,0.24325,0.55,0.10420,0.25640,0.11167,0.11202,0.23035,0.18536,0.12,0.00000
7,12018,combined_fixture_stress_7_12018_clamp,combined_fixture_stress,robust_impedance_planner,clamp,unknown,clamp,cautious_probe_pull,0.44559,1,0.35428,0,0,1,1,0,0.02006,2.96143,0.11119,0.01236,0.55,0.04069,0.44559,0.05781,0.05650,0.21697,0.18243,0.12,0.55000
7,12018,combined_fixture_stress_7_12018_clamp,combined_fixture_stress,adaptive_probe_then_act,clamp,unknown,clamp,release_clamp_pull,0.49327,1,0.22054,0,0,1,0,0,0.17795,2.21475,0.59359,0.35235,0.55,0.03585,0.49327,0.04531,0.04468,0.23660,0.14429,0.12,0.00000
7,12018,combined_fixture_stress_7_12018_clamp,combined_fixture_stress,particle_filter_fixture,clamp,unknown,clamp,release_clamp_pull,0.41968,1,0.28000,1,1,0,0,0,0.79200,1.99983,0.51415,0.23605,0.55,0.00178,0.41968,0.02260,0.02235,0.33257,0.20102,0.12,0.00000
7,12018,combined_fixture_stress_7_12018_clamp,combined_fixture_stress,latent_fixture_inference_v5,clamp,unknown,suction,cautious_probe_pull,0.34846,0,0.66000,0,0,1,1,1,0.00630,2.97213,0.02445,0.00060,0.55,0.03208,0.32697,0.04561,0.04655,0.34846,0.20032,0.12,1.00000
7,12019,combined_fixture_stress_7_12019_hinge,combined_fixture_stress,prototype_system_id,hinge,unknown,hinge,pivot_rotate,0.54287,1,0.25000,0,0,1,0,0,0.17500,2.02010,0.57805,0.33414,0.55,0.03967,0.03250,0.54287,0.20641,0.05259,0.12597,0.12,0.00000
7,12019,combined_fixture_stress_7_12019_hinge,combined_fixture_stress,calibrated_prototype_system_id,hinge,unknown,hinge,pivot_rotate,0.58273,1,0.25500,0,1,0,1,0,0.35752,2.50327,0.61062,0.15162,0.55,0.04330,0.03939,0.58273,0.17863,0.05094,0.10502,0.12,0.55000
7,12019,combined_fixture_stress_7_12019_hinge,combined_fixture_stress,random_forest_probe_classifier,hinge,unknown,hinge,pivot_rotate,0.68982,1,0.25481,1,1,0,0,0,0.79452,1.80327,0.64053,0.12922,0.55,0.00413,0.09738,0.68982,0.17536,0.02188,0.01142,0.12,0.00000
7,12019,combined_fixture_stress_7_12019_hinge,combined_fixture_stress,bayesian_fixture_belief,hinge,unknown,hinge,pivot_rotate,0.25301,1,0.29280,0,0,1,0,0,0.17072,2.02160,0.52991,0.28081,0.55,0.11864,0.13994,0.25301,0.21513,0.13216,0.14112,0.12,0.00000
7,12019,combined_fixture_stress_7_12019_hinge,combined_fixture_stress,robust_impedance_planner,hinge,unknown,hinge,pivot_rotate,0.48245,1,0.33649,1,1,0,0,0,0.78635,1.80613,0.60451,0.15641,0.55,0.06086,0.06555,0.48245,0.20023,0.07250,0.11842,0.12,0.00000
7,12019,combined_fixture_stress_7_12019_hinge,combined_fixture_stress,adaptive_probe_then_act,hinge,unknown,hinge,pivot_rotate,0.51870,1,0.21850,1,1,0,0,0,0.79815,1.80200,0.62500,0.14062,0.55,0.06434,0.05335,0.51870,0.22423,0.05593,0.08344,0.12,0.00000
7,12019,combined_fixture_stress_7_12019_hinge,combined_fixture_stress,particle_filter_fixture,hinge,unknown,hinge,pivot_rotate,0.42670,1,0.28000,1,1,0,0,0,0.79200,1.80415,0.54054,0.21110,0.55,0.02398,0.15656,0.42670,0.25062,0.05688,0.08525,0.12,0.00000
7,12019,combined_fixture_stress_7_12019_hinge,combined_fixture_stress,latent_fixture_inference_v5,hinge,unknown,hinge,cautious_probe_pull,0.31286,1,0.18810,0,0,1,0,1,0.02754,2.05993,0.08195,0.00672,0.55,0.04892,0.20447,0.31286,0.26003,0.08450,0.08922,0.12,0.45000
0,12018,combined_fixture_stress_0_12018_tether,combined_fixture_stress,prototype_system_id,tether,unknown,tether,unwind_tether,0.25918,1,0.25000,1,1,0,0,0,0.67500,1.88188,0.49369,0.25635,0.55,0.09908,0.07532,0.15560,0.20568,0.20514,0.25918,0.18,0.00000
0,12018,combined_fixture_stress_0_12018_tether,combined_fixture_stress,calibrated_prototype_system_id,tether,unknown,tether,unwind_tether,0.27126,1,0.25500,0,1,0,1,0,0.30352,2.58206,0.51848,0.23186,0.55,0.09400,0.07328,0.15003,0.20603,0.20540,0.27126,0.18,0.55000
0,12018,combined_fixture_stress_0_12018_tether,combined_fixture_stress,random_forest_probe_classifier,tether,unknown,slot,follow_slot_axis,0.23352,0,0.80000,0,0,1,1,0,0.05400,2.77613,0.01571,0.00025,0.55,0.00182,0.11572,0.18550,0.23352,0.23098,0.23245,0.18,0.55000
0,12018,combined_fixture_stress_0_12018_tether,combined_fixture_stress,bayesian_fixture_belief,tether,unknown,tether,unwind_tether,0.24478,1,0.29280,1,1,0,0,0,0.67072,1.88338,0.49683,0.25318,0.55,0.12079,0.16922,0.14625,0.16140,0.15754,0.24478,0.18,0.00000
0,12018,combined_fixture_stress_0_12018_tether,combined_fixture_stress,robust_impedance_planner,tether,unknown,tether,cautious_probe_pull,0.26665,1,0.33983,0,1,0,0,1,0.29971,1.88503,0.17955,0.67313,0.55,0.09951,0.10265,0.14864,0.19222,0.19033,0.26665,0.18,0.45000
0,12018,combined_fixture_stress_0_12018_tether,combined_fixture_stress,adaptive_probe_then_act,tether,unknown,tether,cautious_probe_pull,0.34207,1,0.23263,0,0,1,1,0,0.02553,2.79828,0.19425,0.03773,0.55,0.08801,0.07864,0.12202,0.21836,0.15090,0.34207,0.18,0.55000
0,12018,combined_fixture_stress_0_12018_tether,combined_fixture_stress,particle_filter_fixture,tether,unknown,tether,unwind_tether,0.31878,1,0.28000,1,1,0,0,0,0.67200,1.88293,0.48871,0.26142,0.55,0.05840,0.20969,0.11077,0.15324,0.14913,0.31878,0.18,0.00000
0,12018,combined_fixture_stress_0_12018_tether,combined_fixture_stress,latent_fixture_inference_v5,tether,unknown,tether,cautious_probe_pull,0.31713,1,0.18780,0,0,1,1,1,0.02755,2.79671,0.21155,0.04475,0.55,0.06290,0.25452,0.10412,0.13340,0.12794,0.31713,0.18,1.00000
0,12019,combined_fixture_stress_0_12019_free,combined_fixture_stress,prototype_system_id,free,unknown,free,direct_translate,0.80933,1,0.25000,1,1,0,0,0,0.79500,1.85436,0.73164,0.07202,0.55,0.80933,0.00846,0.08129,0.04134,0.01860,0.04098,0.18,0.00000
0,12019,combined_fixture_stress_0_12019_free,combined_fixture_stress,calibrated_prototype_system_id,free,unknown,free,direct_translate,0.79650,1,0.25500,1,1,0,0,0,0.79450,1.85453,0.75574,0.05967,0.55,0.79650,0.02836,0.06195,0.04091,0.03154,0.04074,0.18,0.00000
0,12019,combined_fixture_stress_0_12019_free,combined_fixture_stress,random_forest_probe_classifier,free,unknown,free,direct_translate,0.76410,1,0.24887,0,1,0,1,0,0.35780,2.55432,0.75952,0.05783,0.55,0.76410,0.04667,0.05182,0.06336,0.03298,0.04108,0.18,0.55000
0,12019,combined_fixture_stress_0_12019_free,combined_fixture_stress,bayesian_fixture_belief,free,unknown,free,direct_translate,0.28069,1,0.29280,1,1,0,0,0,0.79072,1.85585,0.62295,0.14217,0.55,0.28069,0.12813,0.16423,0.14984,0.13255,0.14457,0.18,0.00000
0,12019,combined_fixture_stress_0_12019_free,combined_fixture_stress,robust_impedance_planner,free,unknown,free,direct_translate,0.65705,1,0.34115,1,1,0,0,0,0.78589,1.85755,0.73724,0.06904,0.55,0.65705,0.05078,0.09558,0.07145,0.05584,0.06930,0.18,0.00000
0,12019,combined_fixture_stress_0_12019_free,combined_fixture_stress,adaptive_probe_then_act,free,unknown,free,direct_translate,0.70714,1,0.20343,1,1,0,0,0,0.79966,1.85273,0.76825,0.05371,0.55,0.70714,0.04435,0.08828,0.05740,0.04729,0.05554,0.18,0.00000
0,12019,combined_fixture_stress_0_12019_free,combined_fixture_stress,particle_filter_fixture,free,unknown,free,direct_translate,0.57412,1,0.28000,0,1,0,0,1,0.35640,1.85541,0.66400,0.11290,0.55,0.57412,0.07088,0.11331,0.10973,0.05495,0.07700,0.18,0.45000
0,12019,combined_fixture_stress_0_12019_free,combined_fixture_stress,latent_fixture_inference_v5,free,unknown,free,cautious_probe_pull,0.37413,1,0.18381,0,0,1,0,1,0.02773,2.11104,0.44764,0.20038,0.55,0.37413,0.11459,0.14708,0.15331,0.09521,0.11568,0.18,0.45000
0,12020,combined_fixture_stress_0_12020_clamp,combined_fixture_stress,prototype_system_id,clamp,unknown,hinge,pivot_rotate,0.25301,0,0.82000,0,0,1,1,0,0.05310,2.82990,0.01582,0.00025,0.55,0.01271,0.24478,0.25301,0.07156,0.18778,0.23015,0.18,0.55000
0,12020,combined_fixture_stress_0_12020_clamp,combined_fixture_stress,calibrated_prototype_system_id,clamp,unknown,hinge,pivot_rotate,0.25311,0,0.74000,0,0,1,1,1,0.05670,2.82710,0.01582,0.00025,0.55,0.03076,0.24328,0.25311,0.06828,0.17846,0.22610,0.18,1.00000
0,12020,combined_fixture_stress_0_12020_clamp,combined_fixture_stress,random_forest_probe_classifier,clamp,unknown,clamp,release_clamp_pull,0.36148,1,0.28108,0,0,1,0,0,0.17189,2.11104,0.54494,0.29696,0.55,0.00039,0.36148,0.31530,0.00940,0.17300,0.14042,0.18,0.00000
0,12020,combined_fixture_stress_0_12020_clamp,combined_fixture_stress,bayesian_fixture_belief,clamp,unknown,suction,peel_then_translate,0.21925,0,0.79000,0,0,1,1,0,0.00045,2.87085,0.01563,0.00024,0.55,0.10567,0.20206,0.15378,0.12374,0.21925,0.19550,0.18,0.55000
0,12020,combined_fixture_stress_0_12020_clamp,combined_fixture_stress,robust_impedance_planner,clamp,unknown,clamp,cautious_probe_pull,0.23409,1,0.34465,0,1,0,1,1,0.29949,2.63826,0.10566,0.79985,0.55,0.04439,0.23409,0.22223,0.08201,0.19709,0.22018,0.18,1.00000
0,12020,combined_fixture_stress_0_12020_clamp,combined_fixture_stress,adaptive_probe_then_act,clamp,unknown,hinge,cautious_probe_pull,0.28646,0,0.70000,0,0,1,1,0,0.00450,2.86770,0.01600,0.00026,0.55,0.03780,0.26550,0.28646,0.06091,0.15970,0.18963,0.18,0.55000
0,12020,combined_fixture_stress_0_12020_clamp,combined_fixture_stress,particle_filter_fixture,clamp,unknown,suction,peel_then_translate,0.30382,0,0.78000,0,0,1,1,1,0.00090,2.87050,0.01610,0.00026,0.55,0.00558,0.23889,0.17748,0.05118,0.30382,0.22305,0.18,1.00000
0,12020,combined_fixture_stress_0_12020_clamp,combined_fixture_stress,latent_fixture_inference_v5,clamp,unknown,suction,cautious_probe_pull,0.32609,0,0.66000,0,0,1,0,1,0.00630,2.16630,0.02426,0.00059,0.55,0.03403,0.22376,0.13769,0.06756,0.32609,0.21086,0.18,0.45000
0,12021,combined_fixture_stress_0_12021_hinge,combined_fixture_stress,prototype_system_id,hinge,unknown,hinge,pivot_rotate,0.70333,1,0.25000,1,1,0,0,0,0.79500,1.82475,0.60784,0.15379,0.55,0.03641,0.04339,0.70333,0.06514,0.05020,0.10152,0.18,0.00000
0,12021,combined_fixture_stress_0_12021_hinge,combined_fixture_stress,calibrated_prototype_system_id,hinge,unknown,hinge,pivot_rotate,0.73416,1,0.25500,0,0,1,0,0,0.17450,2.04193,0.63994,0.40952,0.55,0.03999,0.04353,0.73416,0.05575,0.04717,0.07940,0.18,0.00000
0,12021,combined_fixture_stress_0_12021_hinge,combined_fixture_stress,random_forest_probe_classifier,hinge,unknown,hinge,pivot_rotate,0.78735,1,0.24701,1,1,0,0,0,0.79530,1.82465,0.66189,0.11432,0.55,0.00604,0.12678,0.78735,0.02946,0.03190,0.01848,0.18,0.00000
0,12021,combined_fixture_stress_0_12021_hinge,combined_fixture_stress,bayesian_fixture_belief,hinge,unknown,hinge,pivot_rotate,0.30080,1,0.29280,1,0,0,0,0,0.79072,1.82625,0.53888,0.21263,0.55,0.12202,0.15318,0.30080,0.14152,0.13746,0.14502,0.18,0.00000
0,12021,combined_fixture_stress_0_12021_hinge,combined_fixture_stress,robust_impedance_planner,hinge,unknown,hinge,pivot_rotate,0.61102,1,0.33845,1,1,0,0,0,0.78615,1.82785,0.62943,0.13732,0.55,0.05969,0.07471,0.61102,0.08089,0.07195,0.10174,0.18,0.00000
0,12021,combined_fixture_stress_0_12021_hinge,combined_fixture_stress,adaptive_probe_then_act,hinge,unknown,hinge,pivot_rotate,0.66932,1,0.20645,0,0,1,0,0,0.17935,2.04023,0.65875,0.43395,0.55,0.04753,0.05972,0.66932,0.06129,0.05603,0.10611,0.18,0.00000
0,12021,combined_fixture_stress_0_12021_hinge,combined_fixture_stress,particle_filter_fixture,hinge,unknown,hinge,pivot_rotate,0.55045,1,0.28000,1,1,0,0,0,0.79200,1.82580,0.56285,0.19110,0.55,0.02436,0.20434,0.55045,0.07358,0.06918,0.07808,0.18,0.00000
0,12021,combined_fixture_stress_0_12021_hinge,combined_fixture_stress,latent_fixture_inference_v5,hinge,unknown,hinge,cautious_probe_pull,0.39428,1,0.18240,0,0,0,1,1,0.30679,2.56439,0.08568,0.83598,0.55,0.05190,0.25766,0.39428,0.10158,0.10108,0.09350,0.18,1.00000
0,12022,combined_fixture_stress_0_12022_slot,combined_fixture_stress,prototype_system_id,slot,unknown,slot,follow_slot_axis,0.63984,1,0.25000,1,1,0,0,0,0.79500,2.02314,0.62302,0.14211,0.55,0.04120,0.03011,0.13311,0.63984,0.07718,0.07857,0.18,0.00000
0,12022,combined_fixture_stress_0_12022_slot,combined_fixture_stress,calibrated_prototype_system_id,slot,unknown,slot,follow_slot_axis,0.68184,1,0.25500,0,1,0,1,0,0.35752,2.72331,0.65714,0.11756,0.55,0.04320,0.03752,0.10640,0.68184,0.06505,0.06598,0.18,0.55000
0,12022,combined_fixture_stress_0_12022_slot,combined_fixture_stress,random_forest_probe_classifier,slot,unknown,slot,follow_slot_axis,0.64949,1,0.25804,1,1,0,0,0,0.79420,2.02342,0.65880,0.11642,0.55,0.00196,0.18597,0.14046,0.64949,0.01557,0.00655,0.18,0.00000
0,12022,combined_fixture_stress_0_12022_slot,combined_fixture_stress,bayesian_fixture_belief,slot,unknown,slot,follow_slot_axis,0.29128,1,0.29280,1,1,0,0,0,0.79072,2.02463,0.56114,0.19260,0.55,0.12386,0.15649,0.14919,0.29128,0.14360,0.13558,0.18,0.00000
0,12022,combined_fixture_stress_0_12022_slot,combined_fixture_stress,robust_impedance_planner,slot,unknown,slot,follow_slot_axis,0.56722,1,0.35649,0,0,1,0,0,0.16435,2.24386,0.64238,0.41265,0.55,0.06305,0.07036,0.12369,0.56722,0.08899,0.08669,0.18,0.00000
0,12022,combined_fixture_stress_0_12022_slot,combined_fixture_stress,adaptive_probe_then_act,slot,unknown,slot,follow_slot_axis,0.67534,1,0.20597,1,1,0,0,0,0.79940,2.02159,0.68738,0.09773,0.55,0.04961,0.05813,0.08681,0.67534,0.06620,0.06390,0.18,0.00000
0,12022,combined_fixture_stress_0_12022_slot,combined_fixture_stress,particle_filter_fixture,slot,unknown,slot,follow_slot_axis,0.49926,1,0.28000,1,0,0,0,0,0.79200,2.02419,0.57941,0.17689,0.55,0.02119,0.28453,0.08594,0.49926,0.06073,0.04834,0.18,0.00000
0,12022,combined_fixture_stress_0_12022_slot,combined_fixture_stress,latent_fixture_inference_v5,slot,unknown,slot,cautious_probe_pull,0.36158,1,0.18469,0,0,1,0,1,0.02769,2.27985,0.28127,0.07911,0.55,0.04703,0.35188,0.09010,0.36158,0.08302,0.06639,0.18,0.45000
0,12023,combined_fixture_stress_0_12023_suction,combined_fixture_stress,prototype_system_id,suction,unknown,suction,peel_then_translate,0.65846,1,0.25000,1,1,0,0,0,0.67500,1.96963,0.58142,0.17521,0.55,0.01484,0.08922,0.03724,0.11293,0.65846,0.08731,0.18,0.00000
0,12023,combined_fixture_stress_0_12023_suction,combined_fixture_stress,calibrated_prototype_system_id,suction,unknown,suction,peel_then_translate,0.69530,1,0.25500,1,1,0,0,0,0.67450,1.96981,0.61412,0.14890,0.55,0.03080,0.07245,0.04085,0.08947,0.69530,0.07114,0.18,0.00000
0,12023,combined_fixture_stress_0_12023_suction,combined_fixture_stress,random_forest_probe_classifier,suction,unknown,suction,peel_then_translate,0.96405,1,0.23288,0,0,1,0,0,0.05671,2.18603,0.68111,0.46391,0.55,0.00034,0.02105,0.00349,0.00215,0.96405,0.00892,0.18,0.00000
0,12023,combined_fixture_stress_0_12023_suction,combined_fixture_stress,bayesian_fixture_belief,suction,unknown,suction,peel_then_translate,0.41965,1,0.29280,1,1,0,0,0,0.67072,1.97113,0.54443,0.20755,0.55,0.10315,0.13113,0.10925,0.11493,0.41965,0.12190,0.18,0.00000
0,12023,combined_fixture_stress_0_12023_suction,combined_fixture_stress,robust_impedance_planner,suction,unknown,suction,peel_then_translate,0.62668,1,0.34781,1,1,0,0,0,0.66522,1.97306,0.61211,0.15046,0.55,0.04373,0.09043,0.05547,0.09782,0.62668,0.08586,0.18,0.00000
0,12023,combined_fixture_stress_0_12023_suction,combined_fixture_stress,adaptive_probe_then_act,suction,unknown,suction,peel_then_translate,0.72507,1,0.20199,0,0,1,0,0,0.05980,2.18495,0.65285,0.42622,0.55,0.03695,0.06531,0.04357,0.06750,0.72507,0.06158,0.18,0.00000
0,12023,combined_fixture_stress_0_12023_suction,combined_fixture_stress,particle_filter_fixture,suction,unknown,suction,peel_then_translate,0.77923,1,0.28000,1,1,0,0,0,0.67200,1.97068,0.58533,0.17195,0.55,0.00602,0.07531,0.02126,0.06170,0.77923,0.05648,0.18,0.00000
0,12023,combined_fixture_stress_0_12023_suction,combined_fixture_stress,latent_fixture_inference_v5,suction,unknown,suction,peel_then_translate,0.70210,1,0.16085,1,1,0,0,0,0.68391,1.96651,0.66878,0.10971,0.55,0.03329,0.09085,0.04425,0.06150,0.70210,0.06802,0.18,0.00000
0,12024,combined_fixture_stress_0_12024_tether,combined_fixture_stress,prototype_system_id,tether,suction,tether,unwind_tether,0.44163,1,0.25000,1,1,0,0,0,0.67500,1.84794,0.52551,0.22514,0.55,0.03060,0.09573,0.09288,0.19286,0.14630,0.44163,0.18,0.00000
0,12024,combined_fixture_stress_0_12024_tether,combined_fixture_stress,calibrated_prototype_system_id,tether,suction,tether,unwind_tether,0.46813,1,0.25500,0,0,1,0,0,0.05450,2.06511,0.55439,0.30735,0.55,0.02341,0.06950,0.06716,0.16122,0.21059,0.46813,0.18,0.00000
0,12024,combined_fixture_stress_0_12024_tether,combined_fixture_stress,random_forest_probe_classifier,tether,suction,tether,unwind_tether,0.43845,1,0.27492,0,1,0,1,0,0.30263,2.54881,0.55237,0.20037,0.55,0.00180,0.10577,0.01066,0.24543,0.19788,0.43845,0.18,0.55000
0,12024,combined_fixture_stress_0_12024_tether,combined_fixture_stress,bayesian_fixture_belief,tether,suction,tether,unwind_tether,0.26047,1,0.29280,0,0,1,0,0,0.05072,2.06644,0.49959,0.24959,0.55,0.10150,0.15723,0.11920,0.15285,0.20874,0.26047,0.18,0.00000
0,12024,combined_fixture_stress_0_12024_tether,combined_fixture_stress,robust_impedance_planner,tether,suction,tether,cautious_probe_pull,0.41470,1,0.33674,0,0,1,1,1,0.02085,2.76797,0.18969,0.03598,0.55,0.05066,0.10847,0.09225,0.17278,0.16114,0.41470,0.18,1.00000
0,12024,combined_fixture_stress_0_12024_tether,combined_fixture_stress,adaptive_probe_then_act,tether,suction,tether,unwind_tether,0.42724,1,0.22582,0,0,1,0,0,0.05742,2.06409,0.57108,0.32613,0.55,0.04029,0.08009,0.08257,0.23535,0.13447,0.42724,0.18,0.00000
0,12024,combined_fixture_stress_0_12024_tether,combined_fixture_stress,particle_filter_fixture,tether,suction,tether,unwind_tether,0.43565,1,0.28000,0,1,0,0,1,0.30240,1.84899,0.50847,0.24160,0.55,0.01638,0.20623,0.06545,0.15702,0.11926,0.43565,0.18,0.45000
0,12024,combined_fixture_stress_0_12024_tether,combined_fixture_stress,latent_fixture_inference_v5,tether,suction,tether,cautious_probe_pull,0.36891,1,0.18418,0,1,0,1,1,0.30671,2.54564,0.21624,0.61429,0.55,0.03844,0.23939,0.07355,0.14224,0.13746,0.36891,0.18,1.00000
0,12025,combined_fixture_stress_0_12025_free,combined_fixture_stress,prototype_system_id,free,free,free,direct_translate,0.84765,1,0.25000,1,1,0,0,0,0.79500,1.80937,0.73993,0.06764,0.55,0.84765,0.00632,0.05743,0.03058,0.01409,0.04393,0.18,0.00000
0,12025,combined_fixture_stress_0_12025_free,combined_fixture_stress,calibrated_prototype_system_id,free,free,free,direct_translate,0.89689,1,0.25500,0,0,1,1,0,0.07852,2.72654,0.77826,0.60569,0.55,0.89689,0.01177,0.03202,0.01983,0.01391,0.02557,0.18,0.55000
0,12025,combined_fixture_stress_0_12025_free,combined_fixture_stress,random_forest_probe_classifier,free,free,free,direct_translate,0.78934,1,0.24685,1,1,0,0,0,0.79531,1.80926,0.76584,0.05483,0.55,0.78934,0.04456,0.05894,0.04119,0.03371,0.03226,0.18,0.00000
0,12025,combined_fixture_stress_0_12025_free,combined_fixture_stress,bayesian_fixture_belief,free,free,free,direct_translate,0.37999,1,0.29280,0,0,1,0,0,0.17072,2.02787,0.64464,0.41556,0.55,0.37999,0.11261,0.13922,0.12457,0.11611,0.12751,0.18,0.00000
0,12025,combined_fixture_stress_0_12025_free,combined_fixture_stress,robust_impedance_planner,free,free,free,direct_translate,0.71292,1,0.33706,1,1,0,0,0,0.78629,1.81241,0.75113,0.06194,0.55,0.71292,0.04422,0.07408,0.05714,0.04792,0.06372,0.18,0.00000
0,12025,combined_fixture_stress_0_12025_free,combined_fixture_stress,adaptive_probe_then_act,free,free,free,direct_translate,0.76660,1,0.19867,1,1,0,0,0,0.80013,1.80757,0.78351,0.04687,0.55,0.76660,0.03880,0.05701,0.04652,0.04096,0.05011,0.18,0.00000
0,12025,combined_fixture_stress_0_12025_free,combined_fixture_stress,particle_filter_fixture,free,free,free,direct_translate,0.63086,1,0.28000,1,1,0,0,0,0.79200,1.81042,0.67598,0.10499,0.55,0.63086,0.06698,0.11082,0.07206,0.05406,0.06522,0.18,0.00000
0,12025,combined_fixture_stress_0_12025_free,combined_fixture_stress,latent_fixture_inference_v5,free,free,free,direct_translate,0.45256,1,0.17832,1,1,0,0,0,0.80217,1.80686,0.72344,0.07649,0.55,0.45256,0.10625,0.14585,0.10790,0.09075,0.09669,0.18,0.00000
1,12018,combined_fixture_stress_1_12018_clamp,combined_fixture_stress,prototype_system_id,clamp,unknown,clamp,release_clamp_pull,0.44965,1,0.25000,1,1,0,0,0,0.79500,1.88134,0.53537,0.21588,0.55,0.00571,0.44965,0.06932,0.02995,0.26143,0.18393,0.18,0.00000
1,12018,combined_fixture_stress_1_12018_clamp,combined_fixture_stress,calibrated_prototype_system_id,clamp,unknown,clamp,release_clamp_pull,0.46988,1,0.25500,0,0,1,0,0,0.17450,2.09851,0.56323,0.31722,0.55,0.02793,0.46988,0.06275,0.03837,0.24079,0.16027,0.18,0.00000
1,12018,combined_fixture_stress_1_12018_clamp,combined_fixture_stress,random_forest_probe_classifier,clamp,unknown,clamp,release_clamp_pull,0.59991,1,0.26201,1,1,0,0,0,0.79380,1.88176,0.59432,0.16458,0.55,0.00027,0.59991,0.05020,0.00266,0.31289,0.03408,0.18,0.00000
1,12018,combined_fixture_stress_1_12018_clamp,combined_fixture_stress,bayesian_fixture_belief,clamp,unknown,suction,peel_then_translate,0.26901,0,0.79000,0,0,1,0,0,0.00100,2.15924,0.01591,0.00025,0.55,0.10600,0.22334,0.12152,0.11143,0.26901,0.16869,0.18,0.00000
1,12018,combined_fixture_stress_1_12018_clamp,combined_fixture_stress,robust_impedance_planner,clamp,unknown,clamp,cautious_probe_pull,0.39583,1,0.34360,0,0,1,0,1,0.02054,2.14361,0.11201,0.01255,0.55,0.04178,0.39583,0.07782,0.05369,0.26249,0.16839,0.18,0.45000
1,12018,combined_fixture_stress_1_12018_clamp,combined_fixture_stress,adaptive_probe_then_act,clamp,unknown,clamp,release_clamp_pull,0.45757,1,0.22339,1,1,0,0,0,0.79766,1.88041,0.58595,0.17144,0.55,0.03663,0.45757,0.12352,0.04320,0.22128,0.11781,0.18,0.00000
1,12018,combined_fixture_stress_1_12018_clamp,combined_fixture_stress,particle_filter_fixture,clamp,unknown,suction,peel_then_translate,0.42758,0,0.78000,0,0,1,0,1,0.00090,2.15889,0.01679,0.00028,0.55,0.00226,0.35188,0.04435,0.01693,0.42758,0.15699,0.18,0.45000
1,12018,combined_fixture_stress_1_12018_clamp,combined_fixture_stress,latent_fixture_inference_v5,clamp,unknown,suction,peel_then_translate,0.44737,0,0.66000,0,0,1,0,0,0.01400,2.15469,0.01691,0.00029,0.55,0.03278,0.26438,0.06092,0.04246,0.44737,0.15209,0.18,0.00000
1,12019,combined_fixture_stress_1_12019_hinge,combined_fixture_stress,prototype_system_id,hinge,hinge,hinge,pivot_rotate,0.69780,1,0.25000,0,1,0,1,0,0.35775,2.68347,0.60681,0.15460,0.55,0.02152,0.03448,0.69780,0.08769,0.04329,0.11522,0.18,0.55000
1,12019,combined_fixture_stress_1_12019_hinge,combined_fixture_stress,calibrated_prototype_system_id,hinge,hinge,hinge,pivot_rotate,0.80535,1,0.25500,1,1,0,0,0,0.79450,1.98364,0.65372,0.11991,0.55,0.01723,0.02303,0.80535,0.05391,0.02744,0.07304,0.18,0.00000
1,12019,combined_fixture_stress_1_12019_hinge,combined_fixture_stress,random_forest_probe_classifier,hinge,hinge,hinge,pivot_rotate,0.79041,1,0.24677,1,1,0,0,0,0.79532,1.98335,0.66256,0.11386,0.55,0.00359,0.10690,0.79041,0.02517,0.01994,0.05398,0.18,0.00000
1,12019,combined_fixture_stress_1_12019_hinge,combined_fixture_stress,bayesian_fixture_belief,hinge,hinge,hinge,pivot_rotate,0.39390,1,0.29280,1,0,0,0,0,0.79072,1.98497,0.55635,0.19683,0.55,0.10487,0.12906,0.39390,0.13023,0.11672,0.12522,0.18,0.00000
1,12019,combined_fixture_stress_1_12019_hinge,combined_fixture_stress,robust_impedance_planner,hinge,hinge,hinge,pivot_rotate,0.64061,1,0.35288,1,1,0,0,0,0.78471,1.98707,0.63139,0.13587,0.55,0.04684,0.06147,0.64061,0.08840,0.06078,0.10191,0.18,0.00000
1,12019,combined_fixture_stress_1_12019_hinge,combined_fixture_stress,adaptive_probe_then_act,hinge,hinge,hinge,pivot_rotate,0.68052,1,0.20556,1,1,0,0,0,0.79944,1.98191,0.66127,0.11474,0.55,0.03864,0.04949,0.68052,0.06386,0.04729,0.12020,0.18,0.00000
1,12019,combined_fixture_stress_1_12019_hinge,combined_fixture_stress,particle_filter_fixture,hinge,hinge,hinge,pivot_rotate,0.61328,1,0.28000,1,1,0,0,0,0.79200,1.98452,0.57418,0.18132,0.55,0.01365,0.17080,0.61328,0.07981,0.04811,0.07434,0.18,0.00000
1,12019,combined_fixture_stress_1_12019_hinge,combined_fixture_stress,latent_fixture_inference_v5,hinge,hinge,hinge,pivot_rotate,0.49473,1,0.17537,1,1,0,0,0,0.80246,1.98086,0.63985,0.12971,0.55,0.04009,0.21657,0.49473,0.09646,0.07411,0.07804,0.18,0.00000
1,12020,combined_fixture_stress_1_12020_slot,combined_fixture_stress,prototype_system_id,slot,clamp,slot,follow_slot_axis,0.84155,1,0.25000,1,1,0,0,0,0.79500,1.87524,0.66216,0.11414,0.55,0.01494,0.01341,0.03902,0.84155,0.04466,0.04642,0.18,0.00000
1,12020,combined_fixture_stress_1_12020_slot,combined_fixture_stress,calibrated_prototype_system_id,slot,clamp,slot,follow_slot_axis,0.79971,1,0.25500,1,1,0,0,0,0.79450,1.87541,0.68094,0.10180,0.55,0.01420,0.10973,0.02349,0.79971,0.02603,0.02685,0.18,0.00000
1,12020,combined_fixture_stress_1_12020_slot,combined_fixture_stress,random_forest_probe_classifier,slot,clamp,slot,follow_slot_axis,0.75071,1,0.24994,0,0,1,0,0,0.17501,2.09223,0.68176,0.46479,0.55,0.00075,0.23488,0.00540,0.75071,0.00562,0.00263,0.18,0.00000
1,12020,combined_fixture_stress_1_12020_slot,combined_fixture_stress,bayesian_fixture_belief,slot,clamp,slot,follow_slot_axis,0.24297,1,0.29280,0,0,1,0,0,0.17072,2.09373,0.55167,0.30434,0.55,0.12466,0.23408,0.13295,0.24297,0.13419,0.13115,0.18,0.00000
1,12020,combined_fixture_stress_1_12020_slot,combined_fixture_stress,robust_impedance_planner,slot,clamp,slot,follow_slot_axis,0.65924,1,0.34304,1,1,0,0,0,0.78570,1.87849,0.66486,0.11232,0.55,0.05148,0.09255,0.06381,0.65924,0.06666,0.06626,0.18,0.00000
1,12020,combined_fixture_stress_1_12020_slot,combined_fixture_stress,adaptive_probe_then_act,slot,clamp,slot,follow_slot_axis,0.71947,1,0.20244,1,1,0,0,0,0.79976,1.87357,0.69769,0.09139,0.55,0.04400,0.08099,0.05102,0.71947,0.05259,0.05193,0.18,0.00000
1,12020,combined_fixture_stress_1_12020_slot,combined_fixture_stress,particle_filter_fixture,slot,clamp,slot,follow_slot_axis,0.57226,1,0.28000,0,0,1,0,0,0.17200,2.09329,0.59319,0.35187,0.55,0.00626,0.34784,0.02371,0.57226,0.02672,0.02320,0.18,0.00000
1,12020,combined_fixture_stress_1_12020_slot,combined_fixture_stress,latent_fixture_inference_v5,slot,clamp,clamp,release_clamp_pull,0.45104,0,0.66000,1,1,0,0,0,0.75400,1.88959,0.01693,0.96643,0.55,0.04021,0.45104,0.05409,0.34840,0.05584,0.05042,0.18,0.00000
1,12021,combined_fixture_stress_1_12021_suction,combined_fixture_stress,prototype_system_id,suction,tether,suction,peel_then_translate,0.63802,1,0.25000,1,1,0,0,0,0.67500,1.97790,0.57774,0.17830,0.55,0.01194,0.13206,0.04277,0.08032,0.63802,0.09488,0.18,0.00000
1,12021,combined_fixture_stress_1_12021_suction,combined_fixture_stress,calibrated_prototype_system_id,suction,tether,suction,peel_then_translate,0.66085,1,0.25500,1,1,0,0,0,0.67450,1.97807,0.60764,0.15395,0.55,0.01380,0.08926,0.02799,0.05100,0.66085,0.15710,0.18,0.00000
1,12021,combined_fixture_stress_1_12021_suction,combined_fixture_stress,random_forest_probe_classifier,suction,tether,suction,peel_then_translate,0.96724,1,0.23262,1,1,0,0,0,0.67674,1.97729,0.68180,0.10125,0.55,0.00029,0.01643,0.00184,0.00182,0.96724,0.01239,0.18,0.00000
1,12021,combined_fixture_stress_1_12021_suction,combined_fixture_stress,bayesian_fixture_belief,suction,tether,suction,peel_then_translate,0.38743,1,0.29280,1,1,0,0,0,0.67072,1.97939,0.53856,0.21293,0.55,0.09579,0.12727,0.10063,0.10382,0.38743,0.18506,0.18,0.00000
1,12021,combined_fixture_stress_1_12021_suction,combined_fixture_stress,robust_impedance_planner,suction,tether,suction,peel_then_translate,0.60072,1,0.34856,1,0,0,0,0,0.66514,1.98135,0.60694,0.15450,0.55,0.03991,0.11451,0.05491,0.07547,0.60072,0.11448,0.18,0.00000
1,12021,combined_fixture_stress_1_12021_suction,combined_fixture_stress,adaptive_probe_then_act,suction,tether,suction,peel_then_translate,0.70577,1,0.20354,0,0,1,0,0,0.05965,2.19327,0.64861,0.42069,0.55,0.03400,0.07884,0.04207,0.05356,0.70577,0.08575,0.18,0.00000
1,12021,combined_fixture_stress_1_12021_suction,combined_fixture_stress,particle_filter_fixture,suction,tether,suction,peel_then_translate,0.77029,1,0.28000,0,1,0,1,0,0.30240,2.67895,0.58377,0.17325,0.55,0.00473,0.09462,0.02178,0.04234,0.77029,0.06623,0.18,0.55000
1,12021,combined_fixture_stress_1_12021_suction,combined_fixture_stress,latent_fixture_inference_v5,suction,tether,suction,peel_then_translate,0.69137,1,0.16160,1,1,0,0,0,0.68384,1.97480,0.66639,0.11130,0.55,0.03057,0.09365,0.04018,0.04960,0.69137,0.09464,0.18,0.00000
1,12022,combined_fixture_stress_1_12022_tether,combined_fixture_stress,prototype_system_id,tether,unknown,tether,unwind_tether,0.41241,1,0.25000,0,0,1,1,0,0.02475,2.70231,0.52042,0.27083,0.55,0.03434,0.15411,0.22180,0.10695,0.07040,0.41241,0.18,0.55000
1,12022,combined_fixture_stress_1_12022_tether,combined_fixture_stress,calibrated_prototype_system_id,tether,unknown,tether,unwind_tether,0.44778,1,0.25500,1,1,0,0,0,0.67450,1.78548,0.55068,0.20189,0.55,0.04167,0.13911,0.20992,0.09555,0.06597,0.44778,0.18,0.00000
1,12022,combined_fixture_stress_1_12022_tether,combined_fixture_stress,random_forest_probe_classifier,tether,unknown,tether,unwind_tether,0.76341,1,0.24893,1,1,0,0,0,0.67511,1.78527,0.61929,0.14494,0.55,0.00208,0.08421,0.09761,0.03976,0.01292,0.76341,0.18,0.00000
1,12022,combined_fixture_stress_1_12022_tether,combined_fixture_stress,bayesian_fixture_belief,tether,unknown,tether,unwind_tether,0.28494,1,0.29280,0,0,1,0,0,0.05072,2.00380,0.50391,0.25393,0.55,0.10904,0.18494,0.14707,0.14939,0.12462,0.28494,0.18,0.00000
1,12022,combined_fixture_stress_1_12022_tether,combined_fixture_stress,robust_impedance_planner,tether,unknown,tether,cautious_probe_pull,0.40016,1,0.33105,0,1,0,1,0,0.30010,2.48814,0.19019,0.65579,0.55,0.05542,0.15792,0.19266,0.11285,0.08099,0.40016,0.18,0.55000
1,12022,combined_fixture_stress_1_12022_tether,combined_fixture_stress,adaptive_probe_then_act,tether,unknown,tether,unwind_tether,0.48498,1,0.22120,1,1,0,0,0,0.67788,1.78430,0.58326,0.17367,0.55,0.04388,0.13023,0.19878,0.08197,0.06017,0.48498,0.18,0.00000
1,12022,combined_fixture_stress_1_12022_tether,combined_fixture_stress,particle_filter_fixture,tether,unknown,tether,unwind_tether,0.44324,1,0.28000,1,0,0,0,0,0.67200,1.78636,0.50976,0.24034,0.55,0.01880,0.21307,0.15269,0.11704,0.05517,0.44324,0.18,0.00000
1,12022,combined_fixture_stress_1_12022_tether,combined_fixture_stress,latent_fixture_inference_v5,tether,unknown,tether,cautious_probe_pull,0.39807,1,0.18214,0,1,0,1,0,0.30681,2.48293,0.21889,0.61013,0.55,0.04198,0.23055,0.12279,0.13374,0.07287,0.39807,0.18,0.55000
1,12023,combined_fixture_stress_1_12023_free,combined_fixture_stress,prototype_system_id,free,slot,free,direct_translate,0.83873,1,0.25000,1,1,0,0,0,0.79500,2.04380,0.73800,0.06864,0.55,0.83873,0.00760,0.04452,0.04498,0.01838,0.04579,0.18,0.00000
1,12023,combined_fixture_stress_1_12023_free,combined_fixture_stress,calibrated_prototype_system_id,free,slot,free,direct_translate,0.79776,1,0.25500,1,1,0,0,0,0.79450,2.04398,0.75602,0.05953,0.55,0.79776,0.01210,0.02600,0.12221,0.01535,0.02659,0.18,0.00000
1,12023,combined_fixture_stress_1_12023_free,combined_fixture_stress,random_forest_probe_classifier,free,slot,free,direct_translate,0.76643,1,0.24869,1,1,0,0,0,0.79513,2.04376,0.76011,0.05755,0.55,0.76643,0.05297,0.03309,0.07447,0.03619,0.03685,0.18,0.00000
1,12023,combined_fixture_stress_1_12023_free,combined_fixture_stress,bayesian_fixture_belief,free,slot,free,direct_translate,0.26889,1,0.29280,0,1,0,0,1,0.35582,2.04530,0.62037,0.14412,0.55,0.26889,0.11867,0.13320,0.22123,0.12330,0.13471,0.18,0.45000
1,12023,combined_fixture_stress_1_12023_free,combined_fixture_stress,robust_impedance_planner,free,slot,free,direct_translate,0.66746,1,0.35837,1,1,0,0,0,0.78416,2.04759,0.73493,0.07026,0.55,0.66746,0.04689,0.06624,0.09989,0.05215,0.06736,0.18,0.00000
1,12023,combined_fixture_stress_1_12023_free,combined_fixture_stress,adaptive_probe_then_act,free,slot,free,direct_translate,0.71094,1,0.20312,1,1,0,0,0,0.79969,2.04216,0.76922,0.05326,0.55,0.71094,0.04101,0.05224,0.09873,0.04405,0.05302,0.18,0.00000
1,12023,combined_fixture_stress_1_12023_free,combined_fixture_stress,particle_filter_fixture,free,slot,free,direct_translate,0.59352,1,0.28000,1,1,0,0,0,0.79200,2.04485,0.66810,0.11016,0.55,0.59352,0.07975,0.06682,0.12752,0.05947,0.07292,0.18,0.00000
1,12023,combined_fixture_stress_1_12023_free,combined_fixture_stress,latent_fixture_inference_v5,free,slot,free,cautious_probe_pull,0.38085,1,0.18334,0,0,1,1,0,0.02775,3.00047,0.44878,0.20140,0.55,0.38085,0.12182,0.09990,0.19323,0.09754,0.10665,0.18,0.55000
1,12024,combined_fixture_stress_1_12024_clamp,combined_fixture_stress,prototype_system_id,clamp,tether,clamp,release_clamp_pull,0.48104,1,0.25000,0,0,1,0,0,0.17500,2.25148,0.54093,0.29261,0.55,0.00436,0.48104,0.06225,0.03909,0.24727,0.16598,0.18,0.00000
1,12024,combined_fixture_stress_1_12024_clamp,combined_fixture_stress,calibrated_prototype_system_id,clamp,tether,clamp,release_clamp_pull,0.49062,1,0.25500,1,1,0,0,0,0.79450,2.03465,0.56707,0.18743,0.55,0.01154,0.49062,0.04157,0.02722,0.20723,0.22182,0.18,0.00000
1,12024,combined_fixture_stress_1_12024_clamp,combined_fixture_stress,random_forest_probe_classifier,clamp,tether,clamp,release_clamp_pull,0.64590,1,0.25833,1,1,0,0,0,0.79417,2.03477,0.60393,0.15687,0.55,0.00019,0.64590,0.00710,0.00437,0.26678,0.07566,0.18,0.00000
1,12024,combined_fixture_stress_1_12024_clamp,combined_fixture_stress,bayesian_fixture_belief,clamp,tether,tether,unwind_tether,0.24306,0,0.79000,0,0,1,0,0,0.00100,2.31238,0.01576,0.00025,0.55,0.09796,0.21512,0.11177,0.10592,0.22616,0.24306,0.18,0.00000
1,12024,combined_fixture_stress_1_12024_clamp,combined_fixture_stress,robust_impedance_planner,clamp,tether,clamp,cautious_probe_pull,0.41731,1,0.35752,0,0,1,0,0,0.04425,2.29724,0.10933,0.01195,0.55,0.03830,0.41731,0.07004,0.05586,0.23472,0.18376,0.18,0.00000
1,12024,combined_fixture_stress_1_12024_clamp,combined_fixture_stress,adaptive_probe_then_act,clamp,tether,clamp,release_clamp_pull,0.45493,1,0.22361,1,1,0,0,0,0.79764,2.03355,0.58539,0.17191,0.55,0.03372,0.45493,0.06846,0.04352,0.26462,0.13475,0.18,0.00000
1,12024,combined_fixture_stress_1_12024_clamp,combined_fixture_stress,particle_filter_fixture,clamp,tether,clamp,release_clamp_pull,0.37868,1,0.28000,0,1,0,0,1,0.35640,2.03553,0.50710,0.24295,0.55,0.00162,0.37868,0.04077,0.02409,0.34949,0.20535,0.18,0.45000
1,12024,combined_fixture_stress_1_12024_clamp,combined_fixture_stress,latent_fixture_inference_v5,clamp,tether,suction,cautious_probe_pull,0.35469,0,0.66000,0,0,1,1,1,0.00630,3.00783,0.02450,0.00060,0.55,0.03006,0.27731,0.05684,0.04542,0.35469,0.23568,0.18,1.00000
1,12025,combined_fixture_stress_1_12025_hinge,combined_fixture_stress,prototype_system_id,hinge,unknown,hinge,pivot_rotate,0.48284,1,0.25000,0,0,1,0,0,0.17500,2.15514,0.56691,0.32139,0.55,0.10904,0.05545,0.48284,0.13584,0.07576,0.14106,0.18,0.00000
1,12025,combined_fixture_stress_1_12025_hinge,combined_fixture_stress,calibrated_prototype_system_id,hinge,unknown,hinge,pivot_rotate,0.53623,1,0.25500,1,1,0,0,0,0.79450,1.93831,0.60162,0.15871,0.55,0.09590,0.05462,0.53623,0.11964,0.06914,0.12447,0.18,0.00000
1,12025,combined_fixture_stress_1_12025_hinge,combined_fixture_stress,random_forest_probe_classifier,hinge,unknown,hinge,pivot_rotate,0.52773,1,0.26778,0,0,1,0,1,0.07795,2.15576,0.60532,0.36641,0.55,0.00501,0.14106,0.52773,0.10331,0.02597,0.19693,0.18,0.45000
1,12025,combined_fixture_stress_1_12025_hinge,combined_fixture_stress,bayesian_fixture_belief,hinge,unknown,hinge,pivot_rotate,0.26135,1,0.29280,1,1,0,0,0,0.79072,1.93963,0.53148,0.21951,0.55,0.12996,0.16209,0.26135,0.14892,0.14145,0.15624,0.18,0.00000
1,12025,combined_fixture_stress_1_12025_hinge,combined_fixture_stress,robust_impedance_planner,hinge,unknown,hinge,cautious_probe_pull,0.44926,1,0.34876,0,0,1,1,1,0.02030,2.90059,0.05351,0.00286,0.55,0.10616,0.08644,0.44926,0.13086,0.09013,0.13715,0.18,1.00000
1,12025,combined_fixture_stress_1_12025_hinge,combined_fixture_stress,adaptive_probe_then_act,hinge,unknown,hinge,pivot_rotate,0.46758,1,0.22259,1,1,0,0,0,0.79774,1.93718,0.61362,0.14929,0.55,0.14138,0.06777,0.46758,0.14210,0.06733,0.11384,0.18,0.00000
1,12025,combined_fixture_stress_1_12025_hinge,combined_fixture_stress,particle_filter_fixture,hinge,unknown,hinge,pivot_rotate,0.40713,1,0.28000,0,1,0,0,1,0.35640,1.93919,0.53701,0.21436,0.55,0.06717,0.23348,0.40713,0.10098,0.07718,0.11406,0.18,0.45000
1,12025,combined_fixture_stress_1_12025_hinge,combined_fixture_stress,latent_fixture_inference_v5,hinge,unknown,hinge,cautious_probe_pull,0.31843,1,0.18771,0,1,0,1,0,0.30655,2.67796,0.08220,0.84236,0.55,0.07206,0.28717,0.31843,0.10385,0.10020,0.11829,0.18,0.55000
2,12018,combined_fixture_stress_2_12018_slot,combined_fixture_stress,prototype_system_id,slot,unknown,slot,follow_slot_axis,0.62053,1,0.25000,1,1,0,0,0,0.79500,1.92917,0.61928,0.14495,0.55,0.03391,0.02232,0.16753,0.62053,0.08081,0.07490,0.18,0.00000
2,12018,combined_fixture_stress_2_12018_slot,combined_fixture_stress,calibrated_prototype_system_id,slot,unknown,slot,follow_slot_axis,0.65919,1,0.25500,1,1,0,0,0,0.79450,1.92934,0.65256,0.12072,0.55,0.03948,0.03398,0.13587,0.65919,0.06773,0.06375,0.18,0.00000
2,12018,combined_fixture_stress_2_12018_slot,combined_fixture_stress,random_forest_probe_classifier,slot,unknown,slot,follow_slot_axis,0.55054,1,0.26596,0,0,1,0,1,0.07803,2.14673,0.63648,0.40511,0.55,0.00193,0.19214,0.23400,0.55054,0.01468,0.00671,0.18,0.45000
2,12018,combined_fixture_stress_2_12018_slot,combined_fixture_stress,bayesian_fixture_belief,slot,unknown,slot,follow_slot_axis,0.26982,1,0.29280,0,0,1,0,0,0.17072,2.14767,0.55693,0.31017,0.55,0.12545,0.15260,0.16734,0.26982,0.14682,0.13797,0.18,0.00000
2,12018,combined_fixture_stress_2_12018_slot,combined_fixture_stress,robust_impedance_planner,slot,unknown,slot,follow_slot_axis,0.54354,1,0.34795,1,1,0,0,0,0.78521,1.93260,0.63977,0.12977,0.55,0.06030,0.06557,0.15259,0.54354,0.09230,0.08570,0.18,0.00000
2,12018,combined_fixture_stress_2_12018_slot,combined_fixture_stress,adaptive_probe_then_act,slot,unknown,slot,follow_slot_axis,0.65780,1,0.20738,0,0,1,0,0,0.17926,2.14468,0.68328,0.46687,0.55,0.04847,0.05521,0.10632,0.65780,0.06851,0.06370,0.18,0.00000
2,12018,combined_fixture_stress_2_12018_slot,combined_fixture_stress,particle_filter_fixture,slot,unknown,slot,follow_slot_axis,0.46717,1,0.28000,1,1,0,0,0,0.79200,1.93022,0.57336,0.18202,0.55,0.01746,0.28981,0.11743,0.46717,0.06158,0.04655,0.18,0.00000
2,12018,combined_fixture_stress_2_12018_slot,combined_fixture_stress,latent_fixture_inference_v5,slot,unknown,clamp,cautious_probe_pull,0.35925,0,0.66000,0,0,1,0,1,0.00630,2.20252,0.16404,0.02691,0.55,0.04602,0.35925,0.11599,0.32872,0.08350,0.06653,0.18,0.45000
2,12019,combined_fixture_stress_2_12019_suction,combined_fixture_stress,prototype_system_id,suction,unknown,suction,peel_then_translate,0.43306,1,0.25000,1,1,0,0,0,0.67500,2.00248,0.54084,0.21082,0.55,0.01788,0.25065,0.05932,0.08045,0.43306,0.15865,0.18,0.00000
2,12019,combined_fixture_stress_2_12019_suction,combined_fixture_stress,calibrated_prototype_system_id,suction,unknown,suction,peel_then_translate,0.46232,1,0.25500,1,1,0,0,0,0.67450,2.00265,0.57032,0.18463,0.55,0.03272,0.23587,0.05693,0.07221,0.46232,0.13994,0.18,0.00000
2,12019,combined_fixture_stress_2_12019_suction,combined_fixture_stress,random_forest_probe_classifier,suction,unknown,suction,peel_then_translate,0.75141,1,0.24989,0,0,1,0,0,0.05501,2.21947,0.63540,0.40373,0.55,0.00031,0.23692,0.00208,0.00193,0.75141,0.00735,0.18,0.00000
2,12019,combined_fixture_stress_2_12019_suction,combined_fixture_stress,bayesian_fixture_belief,suction,unknown,suction,peel_then_translate,0.36224,1,0.29280,0,0,1,0,1,0.02282,2.22098,0.53398,0.28513,0.55,0.10646,0.16714,0.11372,0.11546,0.36224,0.13498,0.18,0.45000
2,12019,combined_fixture_stress_2_12019_suction,combined_fixture_stress,robust_impedance_planner,suction,unknown,suction,cautious_probe_pull,0.44130,1,0.35079,0,1,0,1,0,0.29921,2.70601,0.15409,0.71557,0.55,0.04663,0.21915,0.06995,0.08268,0.44130,0.14029,0.18,0.55000
2,12019,combined_fixture_stress_2_12019_suction,combined_fixture_stress,adaptive_probe_then_act,suction,unknown,suction,peel_then_translate,0.56723,1,0.21462,1,1,0,0,0,0.67854,2.00124,0.61826,0.14572,0.55,0.03895,0.18441,0.05237,0.05988,0.56723,0.09715,0.18,0.00000
2,12019,combined_fixture_stress_2_12019_suction,combined_fixture_stress,particle_filter_fixture,suction,unknown,suction,peel_then_translate,0.62868,1,0.28000,1,1,0,0,0,0.67200,2.00353,0.55903,0.19445,0.55,0.00772,0.18415,0.03237,0.04458,0.62868,0.10250,0.18,0.00000
2,12019,combined_fixture_stress_2_12019_suction,combined_fixture_stress,latent_fixture_inference_v5,suction,unknown,suction,peel_then_translate,0.61795,1,0.16674,1,1,0,0,0,0.68333,1.99956,0.65001,0.12249,0.55,0.03496,0.15153,0.04900,0.05464,0.61795,0.09193,0.18,0.00000
2,12020,combined_fixture_stress_2_12020_tether,combined_fixture_stress,prototype_system_id,tether,unknown,tether,unwind_tether,0.34689,1,0.25000,1,1,0,0,0,0.67500,2.02766,0.50899,0.24109,0.55,0.05249,0.07319,0.09250,0.27279,0.16213,0.34689,0.18,0.00000
2,12020,combined_fixture_stress_2_12020_tether,combined_fixture_stress,calibrated_prototype_system_id,tether,unknown,tether,unwind_tether,0.36839,1,0.25500,1,1,0,0,0,0.67450,2.02784,0.53620,0.21511,0.55,0.05380,0.06905,0.08469,0.27422,0.14985,0.36839,0.18,0.00000
2,12020,combined_fixture_stress_2_12020_tether,combined_fixture_stress,random_forest_probe_classifier,tether,unknown,tether,unwind_tether,0.47880,1,0.27170,0,0,1,0,0,0.05283,2.24542,0.56060,0.31427,0.55,0.04551,0.10919,0.01256,0.29541,0.05853,0.47880,0.18,0.00000
2,12020,combined_fixture_stress_2_12020_tether,combined_fixture_stress,bayesian_fixture_belief,tether,unknown,tether,unwind_tether,0.25525,1,0.29280,0,0,1,0,0,0.05072,2.24616,0.49867,0.24867,0.55,0.11336,0.16123,0.13172,0.19102,0.14742,0.25525,0.18,0.00000
2,12020,combined_fixture_stress_2_12020_tether,combined_fixture_stress,robust_impedance_planner,tether,unknown,tether,cautious_probe_pull,0.33658,1,0.35308,0,0,1,0,0,0.04469,2.24827,0.18074,0.03267,0.55,0.06690,0.09704,0.09768,0.25120,0.15059,0.33658,0.18,0.00000
2,12020,combined_fixture_stress_2_12020_tether,combined_fixture_stress,adaptive_probe_then_act,tether,unknown,tether,cautious_probe_pull,0.38957,1,0.22883,0,1,0,1,1,0.30470,2.72692,0.19836,0.64263,0.55,0.05083,0.07401,0.07105,0.27574,0.13880,0.38957,0.18,1.00000
2,12020,combined_fixture_stress_2_12020_tether,combined_fixture_stress,particle_filter_fixture,tether,unknown,tether,unwind_tether,0.35995,1,0.28000,1,1,0,0,0,0.67200,2.02871,0.49567,0.25435,0.55,0.02897,0.19791,0.06864,0.22622,0.11830,0.35995,0.18,0.00000
2,12020,combined_fixture_stress_2_12020_tether,combined_fixture_stress,latent_fixture_inference_v5,tether,unknown,tether,cautious_probe_pull,0.32687,1,0.18712,0,0,1,1,0,0.02758,2.94246,0.21243,0.04513,0.55,0.04749,0.24035,0.08073,0.19381,0.11075,0.32687,0.18,0.55000
2,12021,combined_fixture_stress_2_12021_free,combined_fixture_stress,prototype_system_id,free,free,free,direct_translate,0.88650,1,0.25000,0,1,0,1,0,0.35775,2.76446,0.74834,0.06333,0.55,0.88650,0.00449,0.02340,0.04502,0.01638,0.02422,0.18,0.55000
2,12021,combined_fixture_stress_2_12021_free,combined_fixture_stress,calibrated_prototype_system_id,free,free,free,direct_translate,0.91472,1,0.25500,1,1,0,0,0,0.79450,2.06463,0.78226,0.04741,0.55,0.91472,0.01134,0.01683,0.02550,0.01449,0.01712,0.18,0.00000
2,12021,combined_fixture_stress_2_12021_free,combined_fixture_stress,random_forest_probe_classifier,free,free,free,direct_translate,0.78649,1,0.24708,0,1,0,1,0,0.35788,2.76436,0.76513,0.05517,0.55,0.78649,0.03823,0.05393,0.05121,0.02977,0.04037,0.18,0.55000
2,12021,combined_fixture_stress_2_12021_free,combined_fixture_stress,bayesian_fixture_belief,free,free,free,direct_translate,0.38524,1,0.29280,1,1,0,0,0,0.79072,2.06596,0.64579,0.12547,0.55,0.38524,0.11285,0.12524,0.13448,0.11854,0.12364,0.18,0.00000
2,12021,combined_fixture_stress_2_12021_free,combined_fixture_stress,robust_impedance_planner,free,free,free,direct_translate,0.73163,1,0.36025,1,1,0,0,0,0.78398,2.06832,0.74897,0.06302,0.55,0.73163,0.04380,0.05448,0.06643,0.04950,0.05417,0.18,0.00000
2,12021,combined_fixture_stress_2_12021_free,combined_fixture_stress,adaptive_probe_then_act,free,free,free,direct_translate,0.77645,1,0.19788,1,1,0,0,0,0.80021,2.06263,0.78605,0.04578,0.55,0.77645,0.03869,0.04539,0.05245,0.04205,0.04498,0.18,0.00000
2,12021,combined_fixture_stress_2_12021_free,combined_fixture_stress,particle_filter_fixture,free,free,free,direct_translate,0.64550,1,0.28000,0,1,0,0,1,0.35640,2.06551,0.67907,0.10300,0.55,0.64550,0.05707,0.08735,0.09309,0.04913,0.06787,0.18,0.45000
2,12021,combined_fixture_stress_2_12021_free,combined_fixture_stress,latent_fixture_inference_v5,free,free,free,direct_translate,0.45668,1,0.17803,1,1,0,0,0,0.80220,2.06194,0.72450,0.07590,0.55,0.45668,0.09589,0.12745,0.12940,0.08540,0.10518,0.18,0.00000
2,12022,combined_fixture_stress_2_12022_clamp,combined_fixture_stress,prototype_system_id,clamp,clamp,suction,peel_then_translate,0.34673,0,0.82000,0,0,1,1,1,0.00000,3.00632,0.01634,0.00027,0.55,0.00850,0.34559,0.06603,0.06883,0.34673,0.16433,0.18,1.00000
2,12022,combined_fixture_stress_2_12022_clamp,combined_fixture_stress,calibrated_prototype_system_id,clamp,clamp,clamp,release_clamp_pull,0.42929,1,0.25500,1,1,0,0,0,0.79450,2.02825,0.55571,0.19739,0.55,0.01291,0.42929,0.04570,0.04770,0.33472,0.12968,0.18,0.00000
2,12022,combined_fixture_stress_2_12022_clamp,combined_fixture_stress,random_forest_probe_classifier,clamp,clamp,suction,peel_then_translate,0.49207,0,0.80000,0,0,1,1,1,0.00000,3.00632,0.01716,0.00029,0.55,0.00019,0.41884,0.04739,0.00345,0.49207,0.03805,0.18,1.00000
2,12022,combined_fixture_stress_2_12022_clamp,combined_fixture_stress,bayesian_fixture_belief,clamp,clamp,clamp,release_clamp_pull,0.28344,1,0.29280,0,0,1,0,0,0.17072,2.24657,0.51164,0.26178,0.55,0.09541,0.28344,0.10604,0.10581,0.25873,0.15058,0.18,0.00000
2,12022,combined_fixture_stress_2_12022_clamp,combined_fixture_stress,robust_impedance_planner,clamp,clamp,clamp,cautious_probe_pull,0.33825,1,0.35694,0,0,1,1,1,0.01994,2.99082,0.10658,0.01136,0.55,0.03875,0.33825,0.07079,0.07229,0.32979,0.15015,0.18,1.00000
2,12022,combined_fixture_stress_2_12022_clamp,combined_fixture_stress,adaptive_probe_then_act,clamp,clamp,clamp,cautious_probe_pull,0.37405,1,0.23008,0,0,1,1,1,0.02565,2.98638,0.12278,0.01508,0.55,0.03347,0.37405,0.06838,0.06921,0.33337,0.12152,0.18,1.00000
2,12022,combined_fixture_stress_2_12022_clamp,combined_fixture_stress,particle_filter_fixture,clamp,clamp,suction,peel_then_translate,0.43733,0,0.78000,0,0,1,1,1,0.00090,3.00562,0.01685,0.00028,0.55,0.00332,0.32943,0.03887,0.03988,0.43733,0.15117,0.18,1.00000
2,12022,combined_fixture_stress_2_12022_clamp,combined_fixture_stress,latent_fixture_inference_v5,clamp,clamp,suction,cautious_probe_pull,0.41547,0,0.66000,0,0,1,0,0,0.01400,2.30142,0.02501,0.00063,0.55,0.02989,0.30416,0.05126,0.05121,0.41547,0.14801,0.18,0.00000
2,12023,combined_fixture_stress_2_12023_hinge,combined_fixture_stress,prototype_system_id,hinge,free,hinge,pivot_rotate,0.35060,1,0.25000,0,0,1,0,0,0.17500,2.12592,0.54236,0.29416,0.55,0.10671,0.03754,0.35060,0.27472,0.07649,0.15394,0.18,0.00000
2,12023,combined_fixture_stress_2_12023_hinge,combined_fixture_stress,calibrated_prototype_system_id,hinge,free,hinge,pivot_rotate,0.35566,1,0.25500,0,0,1,0,0,0.17450,2.12609,0.56666,0.32110,0.55,0.17661,0.02789,0.35566,0.25939,0.05542,0.12502,0.18,0.00000
2,12023,combined_fixture_stress_2_12023_hinge,combined_fixture_stress,random_forest_probe_classifier,hinge,free,hinge,pivot_rotate,0.34378,1,0.28250,1,1,0,0,0,0.79175,1.91006,0.56579,0.18854,0.55,0.09635,0.13231,0.34378,0.29801,0.02827,0.10128,0.18,0.00000
2,12023,combined_fixture_stress_2_12023_hinge,combined_fixture_stress,bayesian_fixture_belief,hinge,free,hinge,pivot_rotate,0.20503,1,0.29280,1,1,0,0,0,0.79072,1.91042,0.52091,0.22953,0.55,0.19802,0.13798,0.20503,0.18672,0.13270,0.13955,0.18,0.00000
2,12023,combined_fixture_stress_2_12023_hinge,combined_fixture_stress,robust_impedance_planner,hinge,free,hinge,cautious_probe_pull,0.31989,1,0.34611,0,0,1,1,0,0.02043,2.87128,0.05187,0.00269,0.55,0.13178,0.06821,0.31989,0.25056,0.08806,0.14151,0.18,0.55000
2,12023,combined_fixture_stress_2_12023_hinge,combined_fixture_stress,adaptive_probe_then_act,hinge,free,hinge,cautious_probe_pull,0.32458,1,0.23403,0,0,1,1,1,0.02547,2.86736,0.06300,0.00397,0.55,0.09899,0.05472,0.32458,0.30774,0.06538,0.14859,0.18,1.00000
2,12023,combined_fixture_stress_2_12023_hinge,combined_fixture_stress,particle_filter_fixture,hinge,free,hinge,pivot_rotate,0.29217,1,0.28000,1,0,0,0,0,0.79200,1.90997,0.51628,0.23398,0.55,0.07283,0.21100,0.29217,0.23107,0.08156,0.11136,0.18,0.00000
2,12023,combined_fixture_stress_2_12023_hinge,combined_fixture_stress,latent_fixture_inference_v5,hinge,free,clamp,cautious_probe_pull,0.26184,0,0.66000,0,0,1,1,0,0.00630,2.88227,0.01587,0.00025,0.55,0.09941,0.26184,0.23535,0.19715,0.10189,0.10436,0.18,0.55000
2,12024,combined_fixture_stress_2_12024_slot,combined_fixture_stress,prototype_system_id,slot,unknown,slot,follow_slot_axis,0.52026,1,0.25000,1,1,0,0,0,0.79500,2.05926,0.59983,0.16014,0.55,0.04349,0.03926,0.20786,0.52026,0.08714,0.10199,0.18,0.00000
2,12024,combined_fixture_stress_2_12024_slot,combined_fixture_stress,calibrated_prototype_system_id,slot,unknown,slot,follow_slot_axis,0.56427,1,0.25500,1,1,0,0,0,0.79450,2.05944,0.63339,0.13441,0.55,0.04593,0.04345,0.18368,0.56427,0.07559,0.08708,0.18,0.00000
2,12024,combined_fixture_stress_2_12024_slot,combined_fixture_stress,random_forest_probe_classifier,slot,unknown,slot,follow_slot_axis,0.53918,1,0.26687,1,1,0,0,0,0.79331,2.05985,0.63393,0.13401,0.55,0.00117,0.22214,0.22404,0.53918,0.00923,0.00423,0.18,0.00000
2,12024,combined_fixture_stress_2_12024_slot,combined_fixture_stress,bayesian_fixture_belief,slot,unknown,slot,follow_slot_axis,0.23678,1,0.29280,1,1,0,0,0,0.79072,2.06076,0.55046,0.20209,0.55,0.12951,0.17882,0.16304,0.23678,0.14845,0.14341,0.18,0.00000
2,12024,combined_fixture_stress_2_12024_slot,combined_fixture_stress,robust_impedance_planner,slot,unknown,slot,cautious_probe_pull,0.46222,1,0.35977,0,1,0,1,0,0.29881,2.80511,0.25480,0.55532,0.55,0.06714,0.08377,0.18324,0.46222,0.09833,0.10530,0.18,0.55000
2,12024,combined_fixture_stress_2_12024_slot,combined_fixture_stress,adaptive_probe_then_act,slot,unknown,slot,follow_slot_axis,0.50484,1,0.21961,1,1,0,0,0,0.79804,2.05820,0.64775,0.12408,0.55,0.05276,0.06841,0.22527,0.50484,0.07262,0.07611,0.18,0.00000
2,12024,combined_fixture_stress_2_12024_slot,combined_fixture_stress,particle_filter_fixture,slot,unknown,slot,follow_slot_axis,0.38314,1,0.28000,1,1,0,0,0,0.79200,2.06031,0.55750,0.19580,0.55,0.02190,0.34259,0.13325,0.38314,0.05870,0.06043,0.18,0.00000
2,12024,combined_fixture_stress_2_12024_slot,combined_fixture_stress,latent_fixture_inference_v5,slot,unknown,clamp,cautious_probe_pull,0.41918,0,0.66000,0,0,1,0,0,0.01400,2.33261,0.16739,0.02802,0.55,0.04835,0.41918,0.11353,0.26920,0.07768,0.07206,0.18,0.00000
2,12025,combined_fixture_stress_2_12025_suction,combined_fixture_stress,prototype_system_id,suction,unknown,suction,peel_then_translate,0.39855,1,0.25000,0,0,1,1,0,0.02475,2.76912,0.53463,0.28583,0.55,0.01523,0.22682,0.08741,0.10935,0.39855,0.16265,0.18,0.55000
2,12025,combined_fixture_stress_2_12025_suction,combined_fixture_stress,calibrated_prototype_system_id,suction,unknown,suction,peel_then_translate,0.42866,1,0.25500,0,1,0,0,1,0.30352,1.85229,0.56399,0.19010,0.55,0.03170,0.21539,0.07919,0.09758,0.42866,0.14747,0.18,0.45000
2,12025,combined_fixture_stress_2_12025_suction,combined_fixture_stress,random_forest_probe_classifier,suction,unknown,suction,peel_then_translate,0.74946,1,0.25004,0,1,0,0,1,0.30375,1.85212,0.63498,0.13324,0.55,0.00033,0.19317,0.00221,0.04646,0.74946,0.00836,0.18,0.45000
2,12025,combined_fixture_stress_2_12025_suction,combined_fixture_stress,bayesian_fixture_belief,suction,unknown,suction,peel_then_translate,0.35138,1,0.29280,0,0,1,0,0,0.05072,2.07061,0.53200,0.28302,0.55,0.10698,0.16419,0.11760,0.12149,0.35138,0.13836,0.18,0.00000
2,12025,combined_fixture_stress_2_12025_suction,combined_fixture_stress,robust_impedance_planner,suction,unknown,suction,cautious_probe_pull,0.41313,1,0.33712,0,0,1,1,1,0.02083,2.77217,0.15607,0.02436,0.55,0.04582,0.20279,0.08846,0.10372,0.41313,0.14608,0.18,1.00000
2,12025,combined_fixture_stress_2_12025_suction,combined_fixture_stress,adaptive_probe_then_act,suction,unknown,suction,peel_then_translate,0.51538,1,0.21877,0,0,1,0,0,0.05812,2.06802,0.60698,0.36842,0.55,0.03867,0.15768,0.09669,0.07341,0.51538,0.11817,0.18,0.00000
2,12025,combined_fixture_stress_2_12025_suction,combined_fixture_stress,particle_filter_fixture,suction,unknown,suction,peel_then_translate,0.60240,1,0.28000,0,1,0,1,0,0.30240,2.55317,0.55444,0.19852,0.55,0.00659,0.16859,0.04982,0.06470,0.60240,0.10790,0.18,0.55000
2,12025,combined_fixture_stress_2_12025_suction,combined_fixture_stress,latent_fixture_inference_v5,suction,unknown,suction,peel_then_translate,0.60060,1,0.16796,0,0,1,0,0,0.06320,2.06624,0.64615,0.41751,0.55,0.03472,0.14337,0.05801,0.06657,0.60060,0.09673,0.18,0.00000
3,12018,combined_fixture_stress_3_12018_tether,combined_fixture_stress,prototype_system_id,tether,unknown,tether,unwind_tether,0.32196,1,0.25000,1,1,0,0,0,0.67500,2.00479,0.50464,0.24538,0.55,0.08974,0.08627,0.12760,0.19309,0.18135,0.32196,0.18,0.00000
3,12018,combined_fixture_stress_3_12018_tether,combined_fixture_stress,calibrated_prototype_system_id,tether,unknown,tether,unwind_tether,0.34891,1,0.25500,0,1,0,1,0,0.30352,2.70496,0.53265,0.21842,0.55,0.08474,0.08174,0.11978,0.18897,0.17587,0.34891,0.18,0.55000
3,12018,combined_fixture_stress_3_12018_tether,combined_fixture_stress,random_forest_probe_classifier,tether,unknown,tether,unwind_tether,0.48869,1,0.27090,1,1,0,0,0,0.67291,2.00552,0.56262,0.19130,0.55,0.00159,0.11898,0.01877,0.18490,0.18707,0.48869,0.18,0.00000
3,12018,combined_fixture_stress_3_12018_tether,combined_fixture_stress,bayesian_fixture_belief,tether,unknown,tether,unwind_tether,0.26024,1,0.29280,1,1,0,0,0,0.67072,2.00629,0.49955,0.25045,0.55,0.11794,0.17386,0.14728,0.14961,0.15107,0.26024,0.18,0.00000
3,12018,combined_fixture_stress_3_12018_tether,combined_fixture_stress,robust_impedance_planner,tether,unknown,tether,cautious_probe_pull,0.32324,1,0.35100,0,0,1,0,1,0.02021,2.22532,0.18042,0.03255,0.55,0.09190,0.11093,0.12835,0.17695,0.16864,0.32324,0.18,0.45000
3,12018,combined_fixture_stress_3_12018_tether,combined_fixture_stress,adaptive_probe_then_act,tether,unknown,tether,cautious_probe_pull,0.33307,1,0.23335,0,0,1,0,1,0.02550,2.22121,0.19347,0.03743,0.55,0.08285,0.08404,0.09221,0.23956,0.16827,0.33307,0.18,0.45000
3,12018,combined_fixture_stress_3_12018_tether,combined_fixture_stress,particle_filter_fixture,tether,unknown,tether,unwind_tether,0.35892,1,0.28000,0,0,1,0,0,0.05200,2.22284,0.49550,0.24552,0.55,0.05173,0.22108,0.10172,0.13589,0.13065,0.35892,0.18,0.00000
3,12018,combined_fixture_stress_3_12018_tether,combined_fixture_stress,latent_fixture_inference_v5,tether,unknown,tether,cautious_probe_pull,0.33754,1,0.18637,0,0,1,1,0,0.02761,2.91956,0.21339,0.04554,0.55,0.05869,0.26409,0.10674,0.11654,0.11640,0.33754,0.18,0.55000
3,12019,combined_fixture_stress_3_12019_free,combined_fixture_stress,prototype_system_id,free,hinge,free,direct_translate,0.68406,1,0.25000,1,0,0,0,0,0.79500,1.95741,0.70453,0.08730,0.55,0.68406,0.02012,0.07087,0.09833,0.03360,0.09302,0.18,0.00000
3,12019,combined_fixture_stress_3_12019_free,combined_fixture_stress,calibrated_prototype_system_id,free,hinge,free,direct_translate,0.70085,1,0.25500,1,1,0,0,0,0.79450,1.95758,0.73427,0.07061,0.55,0.70085,0.01675,0.13964,0.06183,0.02278,0.05815,0.18,0.00000
3,12019,combined_fixture_stress_3_12019_free,combined_fixture_stress,random_forest_probe_classifier,free,hinge,free,direct_translate,0.67460,1,0.25603,1,1,0,0,0,0.79440,1.95762,0.73719,0.06907,0.55,0.67460,0.03996,0.05026,0.16555,0.02962,0.04002,0.18,0.00000
3,12019,combined_fixture_stress_3_12019_free,combined_fixture_stress,bayesian_fixture_belief,free,hinge,free,direct_translate,0.23180,1,0.29280,0,1,0,0,1,0.35582,1.95891,0.61227,0.15033,0.55,0.23180,0.11951,0.21755,0.16174,0.12316,0.14624,0.18,0.45000
3,12019,combined_fixture_stress_3_12019_free,combined_fixture_stress,robust_impedance_planner,free,hinge,free,direct_translate,0.57175,1,0.35051,0,1,0,0,1,0.35323,1.96093,0.71529,0.08106,0.55,0.57175,0.05191,0.11295,0.10664,0.05896,0.09778,0.18,0.45000
3,12019,combined_fixture_stress_3_12019_free,combined_fixture_stress,adaptive_probe_then_act,free,hinge,free,direct_translate,0.65449,1,0.20764,0,0,1,0,0,0.17924,2.17293,0.75477,0.56968,0.55,0.65449,0.04340,0.08890,0.09462,0.04737,0.07122,0.18,0.00000
3,12019,combined_fixture_stress_3_12019_free,combined_fixture_stress,particle_filter_fixture,free,hinge,free,direct_translate,0.49990,1,0.28000,0,0,0,0,1,0.35640,1.95846,0.64833,0.12367,0.55,0.49990,0.06622,0.10728,0.16422,0.05751,0.10486,0.18,0.45000
3,12019,combined_fixture_stress_3_12019_free,combined_fixture_stress,latent_fixture_inference_v5,free,hinge,free,cautious_probe_pull,0.32614,1,0.18717,0,0,1,0,0,0.06128,2.21421,0.43953,0.19319,0.55,0.32614,0.10302,0.15939,0.19489,0.08985,0.12672,0.18,0.00000
3,12020,combined_fixture_stress_3_12020_clamp,combined_fixture_stress,prototype_system_id,clamp,unknown,suction,peel_then_translate,0.43474,0,0.82000,0,0,1,1,0,0.00000,3.02042,0.01683,0.00028,0.55,0.01264,0.24675,0.04494,0.09864,0.43474,0.16228,0.18,0.55000
3,12020,combined_fixture_stress_3_12020_clamp,combined_fixture_stress,calibrated_prototype_system_id,clamp,unknown,suction,peel_then_translate,0.46247,0,0.74000,0,0,1,1,0,0.00270,3.01832,0.01699,0.00029,0.55,0.03045,0.23053,0.04743,0.08625,0.46247,0.14287,0.18,0.55000
3,12020,combined_fixture_stress_3_12020_clamp,combined_fixture_stress,random_forest_probe_classifier,clamp,unknown,suction,peel_then_translate,0.75674,0,0.80000,0,0,1,1,0,0.00000,3.02042,0.01864,0.00035,0.55,0.00018,0.20559,0.00201,0.00330,0.75674,0.03218,0.18,0.55000
3,12020,combined_fixture_stress_3_12020_clamp,combined_fixture_stress,bayesian_fixture_belief,clamp,unknown,suction,peel_then_translate,0.33552,0,0.79000,0,0,1,1,1,0.00045,3.02007,0.01628,0.00027,0.55,0.10333,0.17620,0.10944,0.11744,0.33552,0.15806,0.18,1.00000
3,12020,combined_fixture_stress_3_12020_clamp,combined_fixture_stress,robust_impedance_planner,clamp,unknown,suction,cautious_probe_pull,0.43154,0,0.86000,0,0,1,0,0,0.00000,2.32042,0.01682,0.00028,0.55,0.04329,0.21912,0.06057,0.09424,0.43154,0.15124,0.18,0.00000
3,12020,combined_fixture_stress_3_12020_clamp,combined_fixture_stress,adaptive_probe_then_act,clamp,unknown,suction,peel_then_translate,0.50882,0,0.70000,0,0,1,1,0,0.00450,3.01692,0.01725,0.00030,0.55,0.03686,0.23447,0.04662,0.06690,0.50882,0.10632,0.18,0.55000
3,12020,combined_fixture_stress_3_12020_clamp,combined_fixture_stress,particle_filter_fixture,clamp,unknown,suction,peel_then_translate,0.57344,0,0.78000,0,0,1,1,1,0.00090,3.01972,0.01761,0.00031,0.55,0.00509,0.19876,0.02414,0.05758,0.57344,0.14099,0.18,1.00000
3,12020,combined_fixture_stress_3_12020_clamp,combined_fixture_stress,latent_fixture_inference_v5,clamp,unknown,suction,peel_then_translate,0.54841,0,0.66000,0,0,1,0,0,0.01400,2.31552,0.01747,0.00031,0.55,0.03289,0.17230,0.04417,0.06229,0.54841,0.13995,0.18,0.00000
3,12021,combined_fixture_stress_3_12021_hinge,combined_fixture_stress,prototype_system_id,hinge,unknown,hinge,pivot_rotate,0.65156,1,0.25000,0,1,0,0,1,0.35775,1.98825,0.59823,0.16142,0.55,0.01780,0.05448,0.65156,0.06495,0.05030,0.16091,0.18,0.45000
3,12021,combined_fixture_stress_3_12021_hinge,combined_fixture_stress,calibrated_prototype_system_id,hinge,unknown,hinge,pivot_rotate,0.68571,1,0.25500,1,1,0,0,0,0.79450,1.98843,0.63056,0.13649,0.55,0.03193,0.05028,0.68571,0.05656,0.04788,0.12763,0.18,0.00000
3,12021,combined_fixture_stress_3_12021_hinge,combined_fixture_stress,random_forest_probe_classifier,hinge,unknown,hinge,pivot_rotate,0.73484,1,0.25121,1,1,0,0,0,0.79488,1.98830,0.65038,0.12224,0.55,0.00446,0.15844,0.73484,0.01636,0.02871,0.05719,0.18,0.00000
3,12021,combined_fixture_stress_3_12021_hinge,combined_fixture_stress,bayesian_fixture_belief,hinge,unknown,hinge,pivot_rotate,0.28184,1,0.29280,1,1,0,0,0,0.79072,1.98975,0.53532,0.21593,0.55,0.11919,0.16809,0.28184,0.13730,0.13876,0.15483,0.18,0.00000
3,12021,combined_fixture_stress_3_12021_hinge,combined_fixture_stress,robust_impedance_planner,hinge,unknown,hinge,pivot_rotate,0.56812,1,0.35332,1,1,0,0,0,0.78467,1.99187,0.61702,0.14667,0.55,0.05095,0.08608,0.56812,0.07971,0.07287,0.14227,0.18,0.00000
3,12021,combined_fixture_stress_3_12021_hinge,combined_fixture_stress,adaptive_probe_then_act,hinge,unknown,hinge,pivot_rotate,0.62449,1,0.21004,0,1,0,0,1,0.35955,1.98686,0.64867,0.12343,0.55,0.04292,0.06785,0.62449,0.06022,0.05679,0.14772,0.18,0.45000
3,12021,combined_fixture_stress_3_12021_hinge,combined_fixture_stress,particle_filter_fixture,hinge,unknown,hinge,pivot_rotate,0.50216,1,0.28000,1,1,0,0,0,0.79200,1.98930,0.55414,0.19879,0.55,0.01335,0.25669,0.50216,0.05473,0.06487,0.10820,0.18,0.00000
3,12021,combined_fixture_stress_3_12021_hinge,combined_fixture_stress,latent_fixture_inference_v5,hinge,unknown,hinge,cautious_probe_pull,0.35788,1,0.18495,0,0,1,1,1,0.02768,2.94498,0.08400,0.00706,0.55,0.04523,0.31578,0.35788,0.07937,0.09653,0.10521,0.18,1.00000
3,12022,combined_fixture_stress_3_12022_slot,combined_fixture_stress,prototype_system_id,slot,unknown,slot,follow_slot_axis,0.48419,1,0.25000,0,0,1,0,0,0.17500,2.09117,0.59283,0.35144,0.55,0.01909,0.04514,0.28493,0.48419,0.05465,0.11200,0.18,0.00000
3,12022,combined_fixture_stress_3_12022_slot,combined_fixture_stress,calibrated_prototype_system_id,slot,unknown,slot,follow_slot_axis,0.50958,1,0.25500,1,1,0,0,0,0.79450,1.87435,0.62234,0.14263,0.55,0.03298,0.04669,0.26378,0.50958,0.05255,0.09443,0.18,0.00000
3,12022,combined_fixture_stress_3_12022_slot,combined_fixture_stress,random_forest_probe_classifier,slot,unknown,slot,follow_slot_axis,0.54875,1,0.26610,1,1,0,0,0,0.79339,1.87474,0.63608,0.13244,0.55,0.00118,0.20979,0.22683,0.54875,0.00927,0.00418,0.18,0.00000
3,12022,combined_fixture_stress_3_12022_slot,combined_fixture_stress,bayesian_fixture_belief,slot,unknown,slot,follow_slot_axis,0.24588,1,0.29280,1,1,0,0,0,0.79072,1.87567,0.55224,0.20049,0.55,0.12308,0.17760,0.17561,0.24588,0.13737,0.14047,0.18,0.00000
3,12022,combined_fixture_stress_3_12022_slot,combined_fixture_stress,robust_impedance_planner,slot,unknown,slot,cautious_probe_pull,0.43151,1,0.34295,0,1,0,1,1,0.29957,2.61942,0.25646,0.55285,0.55,0.05327,0.08609,0.24356,0.43151,0.07570,0.10987,0.18,1.00000
3,12022,combined_fixture_stress_3_12022_slot,combined_fixture_stress,adaptive_probe_then_act,slot,unknown,slot,follow_slot_axis,0.53258,1,0.21739,1,1,0,0,0,0.79826,1.87303,0.65417,0.11960,0.55,0.04472,0.06946,0.21638,0.53258,0.05843,0.07843,0.18,0.00000
3,12022,combined_fixture_stress_3_12022_slot,combined_fixture_stress,particle_filter_fixture,slot,unknown,slot,follow_slot_axis,0.36639,1,0.28000,0,1,0,1,0,0.35640,2.57522,0.55434,0.19861,0.55,0.00942,0.32755,0.19077,0.36639,0.03969,0.06618,0.18,0.55000
3,12022,combined_fixture_stress_3_12022_slot,combined_fixture_stress,latent_fixture_inference_v5,slot,unknown,clamp,cautious_probe_pull,0.40007,0,0.66000,0,0,1,0,1,0.00630,2.14752,0.16632,0.02766,0.55,0.04148,0.40007,0.14728,0.27130,0.06624,0.07363,0.18,0.45000
3,12023,combined_fixture_stress_3_12023_suction,combined_fixture_stress,prototype_system_id,suction,unknown,suction,peel_then_translate,0.53691,1,0.25000,1,1,0,0,0,0.67500,2.02930,0.55954,0.19401,0.55,0.00883,0.13252,0.05149,0.13881,0.53691,0.13144,0.18,0.00000
3,12023,combined_fixture_stress_3_12023_suction,combined_fixture_stress,calibrated_prototype_system_id,suction,unknown,suction,peel_then_translate,0.58131,1,0.25500,1,1,0,0,0,0.67450,2.02948,0.59269,0.16590,0.55,0.02891,0.11157,0.05055,0.11702,0.58131,0.11064,0.18,0.00000
3,12023,combined_fixture_stress_3_12023_suction,combined_fixture_stress,random_forest_probe_classifier,suction,unknown,suction,peel_then_translate,0.88651,1,0.23908,1,1,0,0,0,0.67609,2.02892,0.66437,0.11265,0.55,0.00050,0.08671,0.00393,0.00727,0.88651,0.01509,0.18,0.00000
3,12023,combined_fixture_stress_3_12023_suction,combined_fixture_stress,bayesian_fixture_belief,suction,unknown,suction,peel_then_translate,0.36602,1,0.29280,0,0,1,0,0,0.05072,2.24780,0.53466,0.28587,0.55,0.10289,0.15540,0.11183,0.12787,0.36602,0.13599,0.18,0.00000
3,12023,combined_fixture_stress_3_12023_suction,combined_fixture_stress,robust_impedance_planner,suction,unknown,suction,peel_then_translate,0.52301,1,0.35323,1,1,0,0,0,0.66468,2.03292,0.59085,0.16740,0.55,0.04163,0.12849,0.06436,0.12208,0.52301,0.12042,0.18,0.00000
3,12023,combined_fixture_stress_3_12023_suction,combined_fixture_stress,adaptive_probe_then_act,suction,unknown,suction,peel_then_translate,0.65527,1,0.20758,0,0,1,0,0,0.05924,2.24482,0.63752,0.40643,0.55,0.03601,0.09126,0.04884,0.08437,0.65527,0.08424,0.18,0.00000
3,12023,combined_fixture_stress_3_12023_suction,combined_fixture_stress,particle_filter_fixture,suction,unknown,suction,peel_then_translate,0.64762,1,0.28000,1,1,0,0,0,0.67200,2.03035,0.56234,0.19154,0.55,0.00384,0.13621,0.03016,0.08774,0.64762,0.09444,0.18,0.00000
3,12023,combined_fixture_stress_3_12023_suction,combined_fixture_stress,latent_fixture_inference_v5,suction,unknown,suction,peel_then_translate,0.59324,1,0.16847,1,1,0,0,0,0.68315,2.02645,0.64452,0.12637,0.55,0.03264,0.14697,0.04923,0.08251,0.59324,0.09543,0.18,0.00000
3,12024,combined_fixture_stress_3_12024_tether,combined_fixture_stress,prototype_system_id,tether,clamp,tether,unwind_tether,0.45217,1,0.25000,0,0,1,0,1,0.02475,2.32378,0.52735,0.27810,0.55,0.01627,0.11895,0.11270,0.17269,0.12722,0.45217,0.18,0.45000
3,12024,combined_fixture_stress_3_12024_tether,combined_fixture_stress,calibrated_prototype_system_id,tether,clamp,tether,unwind_tether,0.47973,1,0.25500,1,1,0,0,0,0.67450,2.10696,0.55651,0.19669,0.55,0.01609,0.18488,0.08342,0.13963,0.09626,0.47973,0.18,0.00000
3,12024,combined_fixture_stress_3_12024_tether,combined_fixture_stress,random_forest_probe_classifier,tether,clamp,tether,unwind_tether,0.66176,1,0.25706,0,1,0,1,0,0.30343,2.80703,0.59820,0.16144,0.55,0.00118,0.16318,0.05051,0.07024,0.05312,0.66176,0.18,0.55000
3,12024,combined_fixture_stress_3_12024_tether,combined_fixture_stress,bayesian_fixture_belief,tether,clamp,clamp,release_clamp_pull,0.25813,0,0.79000,0,0,1,1,1,0.05445,3.00068,0.01585,0.00025,0.55,0.10259,0.25813,0.12221,0.15270,0.12764,0.23674,0.18,1.00000
3,12024,combined_fixture_stress_3_12024_tether,combined_fixture_stress,robust_impedance_planner,tether,clamp,tether,cautious_probe_pull,0.41349,1,0.36028,0,0,1,0,0,0.04397,2.32764,0.18372,0.03375,0.55,0.04454,0.16135,0.10566,0.15779,0.11717,0.41349,0.18,0.00000
3,12024,combined_fixture_stress_3_12024_tether,combined_fixture_stress,adaptive_probe_then_act,tether,clamp,tether,unwind_tether,0.49028,1,0.22078,1,1,0,0,0,0.67792,2.10576,0.58438,0.17274,0.55,0.03735,0.12316,0.07448,0.17613,0.09860,0.49028,0.18,0.00000
3,12024,combined_fixture_stress_3_12024_tether,combined_fixture_stress,particle_filter_fixture,tether,clamp,tether,unwind_tether,0.38787,1,0.28000,1,1,0,0,0,0.67200,2.10783,0.50039,0.24961,0.55,0.00828,0.30472,0.07244,0.14107,0.08562,0.38787,0.18,0.00000
3,12024,combined_fixture_stress_3_12024_tether,combined_fixture_stress,latent_fixture_inference_v5,tether,clamp,clamp,cautious_probe_pull,0.36895,0,0.66000,0,1,0,0,1,0.28530,2.12113,0.09871,0.81232,0.55,0.03494,0.36895,0.07406,0.13351,0.08417,0.30438,0.18,0.45000
3,12025,combined_fixture_stress_3_12025_free,combined_fixture_stress,prototype_system_id,free,unknown,free,direct_translate,0.82319,1,0.25000,0,1,0,1,0,0.35775,2.51622,0.73464,0.07042,0.55,0.82319,0.00754,0.06115,0.04243,0.01715,0.04853,0.18,0.55000
3,12025,combined_fixture_stress_3_12025_free,combined_fixture_stress,calibrated_prototype_system_id,free,unknown,free,direct_translate,0.80508,1,0.25500,1,1,0,0,0,0.79450,1.81639,0.75766,0.05873,0.55,0.80508,0.02810,0.05046,0.04124,0.03099,0.04412,0.18,0.00000
3,12025,combined_fixture_stress_3_12025_free,combined_fixture_stress,random_forest_probe_classifier,free,unknown,free,direct_translate,0.76330,1,0.24894,1,1,0,0,0,0.79511,1.81618,0.75932,0.05793,0.55,0.76330,0.04532,0.06550,0.06039,0.03175,0.03373,0.18,0.00000
3,12025,combined_fixture_stress_3_12025_free,combined_fixture_stress,bayesian_fixture_belief,free,unknown,free,direct_translate,0.28155,1,0.29280,1,1,0,0,0,0.79072,1.81772,0.62314,0.14202,0.55,0.28155,0.12815,0.16088,0.15065,0.13244,0.14633,0.18,0.00000
3,12025,combined_fixture_stress_3_12025_free,combined_fixture_stress,robust_impedance_planner,free,unknown,free,direct_translate,0.66463,1,0.33768,1,1,0,0,0,0.78623,1.81929,0.73992,0.06764,0.55,0.66463,0.05050,0.08438,0.07212,0.05525,0.07313,0.18,0.00000
3,12025,combined_fixture_stress_3_12025_free,combined_fixture_stress,adaptive_probe_then_act,free,unknown,free,direct_translate,0.72778,1,0.20178,1,1,0,0,0,0.79982,1.81453,0.77354,0.05128,0.55,0.72778,0.04424,0.06548,0.05783,0.04700,0.05766,0.18,0.00000
3,12025,combined_fixture_stress_3_12025_free,combined_fixture_stress,particle_filter_fixture,free,unknown,free,direct_translate,0.58067,1,0.28000,1,1,0,0,0,0.79200,1.81727,0.66538,0.11197,0.55,0.58067,0.06856,0.12258,0.10583,0.05252,0.06984,0.18,0.00000
3,12025,combined_fixture_stress_3_12025_free,combined_fixture_stress,latent_fixture_inference_v5,free,unknown,free,cautious_probe_pull,0.37628,1,0.18366,0,0,1,0,0,0.06163,2.07290,0.44801,0.20071,0.55,0.37628,0.11231,0.16384,0.14891,0.09296,0.10569,0.18,0.00000
4,12018,combined_fixture_stress_4_12018_clamp,combined_fixture_stress,prototype_system_id,clamp,suction,tether,unwind_tether,0.34513,0,0.82000,0,0,1,1,1,0.00000,2.88323,0.01633,0.00027,0.55,0.01094,0.24481,0.06596,0.07385,0.25931,0.34513,0.18,1.00000
4,12018,combined_fixture_stress_4_12018_clamp,combined_fixture_stress,calibrated_prototype_system_id,clamp,suction,tether,unwind_tether,0.33916,0,0.74000,0,0,1,0,0,0.00600,2.18113,0.01630,0.00027,0.55,0.01387,0.21790,0.04635,0.05218,0.33053,0.33916,0.18,0.00000
4,12018,combined_fixture_stress_4_12018_clamp,combined_fixture_stress,random_forest_probe_classifier,clamp,suction,clamp,release_clamp_pull,0.37947,1,0.27964,0,0,1,0,1,0.07742,2.12302,0.54864,0.30100,0.55,0.00058,0.37947,0.00656,0.00484,0.35543,0.25312,0.18,0.45000
4,12018,combined_fixture_stress_4_12018_clamp,combined_fixture_stress,bayesian_fixture_belief,clamp,suction,suction,peel_then_translate,0.27387,0,0.79000,0,0,1,1,1,0.00045,2.88288,0.01593,0.00025,0.55,0.09575,0.19241,0.10849,0.10780,0.27387,0.22167,0.18,1.00000
4,12018,combined_fixture_stress_4_12018_clamp,combined_fixture_stress,robust_impedance_planner,clamp,suction,tether,cautious_probe_pull,0.31721,0,0.86000,0,0,1,0,0,0.00000,2.18323,0.01618,0.00026,0.55,0.03981,0.22623,0.07205,0.07635,0.26834,0.31721,0.18,0.00000
4,12018,combined_fixture_stress_4_12018_clamp,combined_fixture_stress,adaptive_probe_then_act,clamp,suction,tether,cautious_probe_pull,0.35571,0,0.70000,0,0,1,1,0,0.00450,2.87973,0.01639,0.00027,0.55,0.03402,0.25797,0.06951,0.07191,0.21087,0.35571,0.18,0.55000
4,12018,combined_fixture_stress_4_12018_clamp,combined_fixture_stress,particle_filter_fixture,clamp,suction,tether,unwind_tether,0.34315,0,0.78000,0,0,1,1,1,0.00090,2.88253,0.01632,0.00027,0.55,0.00496,0.26233,0.04303,0.04520,0.30133,0.34315,0.18,1.00000
4,12018,combined_fixture_stress_4_12018_clamp,combined_fixture_stress,latent_fixture_inference_v5,clamp,suction,suction,cautious_probe_pull,0.30881,0,0.66000,0,0,1,0,0,0.01400,2.17833,0.02411,0.00058,0.55,0.03101,0.24776,0.05650,0.05555,0.30881,0.30038,0.18,0.00000
4,12019,combined_fixture_stress_4_12019_hinge,combined_fixture_stress,prototype_system_id,hinge,suction,hinge,pivot_rotate,0.54242,1,0.25000,1,1,0,0,0,0.79500,1.95354,0.57797,0.17811,0.55,0.03916,0.03789,0.54242,0.20906,0.05431,0.11716,0.18,0.00000
4,12019,combined_fixture_stress_4_12019_hinge,combined_fixture_stress,calibrated_prototype_system_id,hinge,suction,hinge,pivot_rotate,0.56713,1,0.25500,1,1,0,0,0,0.79450,1.95372,0.60760,0.15398,0.55,0.02704,0.02634,0.56713,0.16554,0.13206,0.08189,0.18,0.00000
4,12019,combined_fixture_stress_4_12019_hinge,combined_fixture_stress,random_forest_probe_classifier,hinge,suction,hinge,pivot_rotate,0.38384,1,0.27929,1,1,0,0,0,0.79207,1.95457,0.57436,0.18117,0.55,0.00428,0.11347,0.38384,0.35298,0.08945,0.05599,0.18,0.00000
4,12019,combined_fixture_stress_4_12019_hinge,combined_fixture_stress,bayesian_fixture_belief,hinge,suction,hinge,pivot_rotate,0.23498,1,0.29280,1,1,0,0,0,0.79072,1.95504,0.52653,0.22418,0.55,0.11124,0.13650,0.23498,0.18018,0.20521,0.13189,0.18,0.00000
4,12019,combined_fixture_stress_4_12019_hinge,combined_fixture_stress,robust_impedance_planner,hinge,suction,hinge,cautious_probe_pull,0.47571,1,0.35016,0,1,0,1,0,0.29924,2.69905,0.05362,0.89563,0.55,0.05783,0.06682,0.47571,0.18897,0.10118,0.10949,0.18,0.55000
4,12019,combined_fixture_stress_4_12019_hinge,combined_fixture_stress,adaptive_probe_then_act,hinge,suction,hinge,pivot_rotate,0.47982,1,0.22161,1,0,0,0,0,0.79784,1.95255,0.61634,0.14719,0.55,0.04525,0.05352,0.47982,0.21366,0.08127,0.12647,0.18,0.00000
4,12019,combined_fixture_stress_4_12019_hinge,combined_fixture_stress,particle_filter_fixture,hinge,suction,hinge,pivot_rotate,0.42468,1,0.28000,1,1,0,0,0,0.79200,1.95459,0.54017,0.21144,0.55,0.02395,0.18287,0.42468,0.19415,0.09300,0.08134,0.18,0.00000
4,12019,combined_fixture_stress_4_12019_hinge,combined_fixture_stress,latent_fixture_inference_v5,hinge,suction,hinge,cautious_probe_pull,0.30528,1,0.18863,0,0,1,1,0,0.02751,2.91039,0.08160,0.00666,0.55,0.04685,0.23054,0.30528,0.18593,0.14567,0.08573,0.18,0.55000
4,12020,combined_fixture_stress_4_12020_slot,combined_fixture_stress,prototype_system_id,slot,slot,slot,follow_slot_axis,0.74114,1,0.25000,0,0,1,0,0,0.17500,2.22310,0.64268,0.41304,0.55,0.02898,0.02253,0.06604,0.74114,0.07800,0.06330,0.18,0.00000
4,12020,combined_fixture_stress_4_12020_slot,combined_fixture_stress,calibrated_prototype_system_id,slot,slot,slot,follow_slot_axis,0.83912,1,0.25500,1,1,0,0,0,0.79450,2.00627,0.68890,0.09678,0.55,0.02014,0.01742,0.03925,0.83912,0.04640,0.03767,0.18,0.00000
4,12020,combined_fixture_stress_4_12020_slot,combined_fixture_stress,random_forest_probe_classifier,slot,slot,slot,follow_slot_axis,0.78718,1,0.24703,0,0,1,0,0,0.17530,2.22299,0.69007,0.47619,0.55,0.00128,0.19223,0.00604,0.78718,0.00919,0.00408,0.18,0.00000
4,12020,combined_fixture_stress_4_12020_slot,combined_fixture_stress,bayesian_fixture_belief,slot,slot,slot,follow_slot_axis,0.37449,1,0.29280,1,1,0,0,0,0.79072,2.00759,0.57745,0.17855,0.55,0.11319,0.13894,0.12366,0.37449,0.12868,0.12103,0.18,0.00000
4,12020,combined_fixture_stress_4_12020_slot,combined_fixture_stress,robust_impedance_planner,slot,slot,slot,follow_slot_axis,0.65969,1,0.35494,0,0,1,0,0,0.16451,2.22677,0.66172,0.43788,0.55,0.05286,0.06004,0.07393,0.65969,0.08191,0.07157,0.18,0.00000
4,12020,combined_fixture_stress_4_12020_slot,combined_fixture_stress,adaptive_probe_then_act,slot,slot,slot,follow_slot_axis,0.73859,1,0.20091,1,1,0,0,0,0.79991,2.00438,0.70217,0.08870,0.55,0.04279,0.05031,0.05499,0.73859,0.05993,0.05338,0.18,0.00000
4,12020,combined_fixture_stress_4_12020_slot,combined_fixture_stress,particle_filter_fixture,slot,slot,slot,follow_slot_axis,0.57193,1,0.28000,1,0,0,0,0,0.79200,2.00715,0.59313,0.16555,0.55,0.01359,0.28969,0.03934,0.57193,0.05044,0.03501,0.18,0.00000
4,12020,combined_fixture_stress_4_12020_slot,combined_fixture_stress,latent_fixture_inference_v5,slot,slot,slot,follow_slot_axis,0.42522,1,0.18023,1,1,0,0,0,0.80198,2.00365,0.64929,0.12300,0.55,0.04007,0.35513,0.05828,0.42522,0.06754,0.05374,0.18,0.00000
4,12021,combined_fixture_stress_4_12021_suction,combined_fixture_stress,prototype_system_id,suction,suction,suction,peel_then_translate,0.28001,1,0.25000,1,1,0,0,0,0.67500,2.08872,0.51329,0.23688,0.55,0.01082,0.26697,0.10281,0.13490,0.28001,0.20448,0.18,0.00000
4,12021,combined_fixture_stress_4_12021_suction,combined_fixture_stress,calibrated_prototype_system_id,suction,suction,suction,peel_then_translate,0.36569,1,0.25500,0,0,1,0,0,0.05450,2.30590,0.55216,0.30488,0.55,0.01396,0.25364,0.07822,0.10792,0.36569,0.18056,0.18,0.00000
4,12021,combined_fixture_stress_4_12021_suction,combined_fixture_stress,random_forest_probe_classifier,suction,suction,suction,peel_then_translate,0.67265,1,0.25619,1,1,0,0,0,0.67438,2.08894,0.61862,0.14545,0.55,0.00038,0.25387,0.00498,0.01084,0.67265,0.05728,0.18,0.00000
4,12021,combined_fixture_stress_4_12021_suction,combined_fixture_stress,bayesian_fixture_belief,suction,suction,suction,peel_then_translate,0.33612,1,0.29280,0,1,0,0,1,0.30182,2.09022,0.52922,0.22163,0.55,0.09903,0.17855,0.11583,0.12804,0.33612,0.14243,0.18,0.45000
4,12021,combined_fixture_stress_4_12021_suction,combined_fixture_stress,robust_impedance_planner,suction,suction,suction,cautious_probe_pull,0.31299,1,0.35863,0,0,1,1,1,0.01986,3.00952,0.14562,0.02121,0.55,0.04111,0.24262,0.09846,0.12454,0.31299,0.18028,0.18,1.00000
4,12021,combined_fixture_stress_4_12021_suction,combined_fixture_stress,adaptive_probe_then_act,suction,suction,suction,cautious_probe_pull,0.37966,1,0.22963,0,1,0,0,1,0.30467,2.08801,0.16444,0.69815,0.55,0.03518,0.25296,0.06996,0.12047,0.37966,0.14177,0.18,0.45000
4,12021,combined_fixture_stress_4_12021_suction,combined_fixture_stress,particle_filter_fixture,suction,suction,suction,peel_then_translate,0.46544,1,0.28000,0,0,1,0,0,0.05200,2.30677,0.53052,0.28145,0.55,0.00470,0.22520,0.06425,0.09390,0.46544,0.14651,0.18,0.00000
4,12021,combined_fixture_stress_4_12021_suction,combined_fixture_stress,latent_fixture_inference_v5,suction,suction,suction,peel_then_translate,0.49844,1,0.17511,1,1,0,0,0,0.68249,2.08610,0.62350,0.14175,0.55,0.03170,0.19156,0.06681,0.08969,0.49844,0.12181,0.18,0.00000
4,12022,combined_fixture_stress_4_12022_tether,combined_fixture_stress,prototype_system_id,tether,unknown,tether,unwind_tether,0.43813,1,0.25000,1,1,0,0,0,0.67500,2.13125,0.52490,0.22572,0.55,0.02473,0.12198,0.14124,0.13030,0.14363,0.43813,0.18,0.00000
4,12022,combined_fixture_stress_4_12022_tether,combined_fixture_stress,calibrated_prototype_system_id,tether,unknown,tether,unwind_tether,0.48303,1,0.25500,1,1,0,0,0,0.67450,2.13143,0.55711,0.19615,0.55,0.03632,0.10877,0.12662,0.11638,0.12889,0.48303,0.18,0.00000
4,12022,combined_fixture_stress_4_12022_tether,combined_fixture_stress,random_forest_probe_classifier,tether,unknown,tether,unwind_tether,0.64288,1,0.25857,0,1,0,1,0,0.30336,2.83155,0.59430,0.16459,0.55,0.00176,0.13466,0.01068,0.01971,0.19032,0.64288,0.18,0.55000
4,12022,combined_fixture_stress_4_12022_tether,combined_fixture_stress,bayesian_fixture_belief,tether,unknown,tether,unwind_tether,0.27110,1,0.29280,0,1,0,0,1,0.30182,2.13275,0.50147,0.24853,0.55,0.10951,0.19143,0.13790,0.14530,0.14476,0.27110,0.18,0.45000
4,12022,combined_fixture_stress_4_12022_tether,combined_fixture_stress,robust_impedance_planner,tether,unknown,tether,cautious_probe_pull,0.41726,1,0.36250,0,0,1,0,0,0.04375,2.35219,0.18339,0.03363,0.55,0.05097,0.13859,0.13117,0.12660,0.13541,0.41726,0.18,0.00000
4,12022,combined_fixture_stress_4_12022_tether,combined_fixture_stress,adaptive_probe_then_act,tether,unknown,tether,unwind_tether,0.49622,1,0.22030,1,1,0,0,0,0.67797,2.13021,0.58563,0.17170,0.55,0.04161,0.10224,0.14151,0.09000,0.12841,0.49622,0.18,0.00000
4,12022,combined_fixture_stress_4_12022_tether,combined_fixture_stress,particle_filter_fixture,tether,unknown,tether,unwind_tether,0.41469,1,0.28000,1,1,0,0,0,0.67200,2.13230,0.50493,0.24510,0.55,0.01333,0.26544,0.09694,0.10290,0.10670,0.41469,0.18,0.00000
4,12022,combined_fixture_stress_4_12022_tether,combined_fixture_stress,latent_fixture_inference_v5,tether,unknown,tether,cautious_probe_pull,0.35026,1,0.18548,1,0,0,0,0,0.68145,2.12899,0.21454,0.61694,0.55,0.03959,0.30406,0.09360,0.10706,0.10542,0.35026,0.18,0.00000
4,12023,combined_fixture_stress_4_12023_free,combined_fixture_stress,prototype_system_id,free,unknown,free,direct_translate,0.73464,1,0.25000,0,0,1,0,0,0.17500,2.06305,0.71547,0.51190,0.55,0.73464,0.01286,0.06603,0.07795,0.03241,0.07610,0.18,0.00000
4,12023,combined_fixture_stress_4_12023_free,combined_fixture_stress,calibrated_prototype_system_id,free,unknown,free,direct_translate,0.75321,1,0.25500,1,1,0,0,0,0.79450,1.84623,0.74602,0.06451,0.55,0.75321,0.02986,0.05535,0.06250,0.03771,0.06137,0.18,0.00000
4,12023,combined_fixture_stress_4_12023_free,combined_fixture_stress,random_forest_probe_classifier,free,unknown,free,direct_translate,0.76766,1,0.24859,1,1,0,0,0,0.79514,1.84600,0.76041,0.05740,0.55,0.76766,0.04668,0.03485,0.07754,0.03560,0.03767,0.18,0.00000
4,12023,combined_fixture_stress_4_12023_free,combined_fixture_stress,bayesian_fixture_belief,free,unknown,free,direct_translate,0.27282,1,0.29280,1,1,0,0,0,0.79072,1.84755,0.62123,0.14346,0.55,0.27282,0.12670,0.14746,0.16606,0.13493,0.15203,0.18,0.00000
4,12023,combined_fixture_stress_4_12023_free,combined_fixture_stress,robust_impedance_planner,free,unknown,free,direct_translate,0.61656,1,0.34039,1,1,0,0,0,0.78596,1.84922,0.72820,0.07388,0.55,0.61656,0.05180,0.08302,0.09616,0.06259,0.08987,0.18,0.00000
4,12023,combined_fixture_stress_4_12023_free,combined_fixture_stress,adaptive_probe_then_act,free,unknown,free,direct_translate,0.68489,1,0.20521,1,1,0,0,0,0.79948,1.84449,0.76255,0.05638,0.55,0.68489,0.04454,0.06313,0.08915,0.05089,0.06740,0.18,0.00000
4,12023,combined_fixture_stress_4_12023_free,combined_fixture_stress,particle_filter_fixture,free,unknown,free,direct_translate,0.53893,1,0.28000,0,0,1,0,0,0.17200,2.06410,0.65657,0.43109,0.55,0.53893,0.07276,0.08148,0.15036,0.06540,0.09107,0.18,0.00000
4,12023,combined_fixture_stress_4_12023_free,combined_fixture_stress,latent_fixture_inference_v5,free,unknown,free,cautious_probe_pull,0.36116,1,0.18472,0,0,0,0,1,0.30669,1.88577,0.44545,0.30753,0.55,0.36116,0.11483,0.11199,0.18920,0.10266,0.12016,0.18,0.45000
4,12024,combined_fixture_stress_4_12024_clamp,combined_fixture_stress,prototype_system_id,clamp,unknown,clamp,release_clamp_pull,0.37652,1,0.25000,0,0,1,0,0,0.17500,2.16449,0.52241,0.27291,0.55,0.01149,0.37652,0.08597,0.05304,0.26092,0.21205,0.18,0.00000
4,12024,combined_fixture_stress_4_12024_clamp,combined_fixture_stress,calibrated_prototype_system_id,clamp,unknown,clamp,release_clamp_pull,0.39290,1,0.25500,1,1,0,0,0,0.79450,1.94767,0.54897,0.20343,0.55,0.03006,0.39290,0.07716,0.05308,0.25059,0.19621,0.18,0.00000
4,12024,combined_fixture_stress_4_12024_clamp,combined_fixture_stress,random_forest_probe_classifier,clamp,unknown,suction,peel_then_translate,0.51819,0,0.80000,0,0,1,1,0,0.00000,2.92574,0.01730,0.00030,0.55,0.00033,0.40140,0.00387,0.00348,0.51819,0.07273,0.18,0.55000
4,12024,combined_fixture_stress_4_12024_clamp,combined_fixture_stress,bayesian_fixture_belief,clamp,unknown,suction,peel_then_translate,0.24132,0,0.79000,0,0,1,1,1,0.00045,2.92539,0.01575,0.00025,0.55,0.10384,0.22696,0.11738,0.11271,0.24132,0.19778,0.18,1.00000
4,12024,combined_fixture_stress_4_12024_clamp,combined_fixture_stress,robust_impedance_planner,clamp,unknown,clamp,cautious_probe_pull,0.34414,1,0.34961,0,0,1,0,0,0.04504,2.20998,0.10859,0.01179,0.55,0.04308,0.34414,0.08701,0.06633,0.25643,0.20300,0.18,0.00000
4,12024,combined_fixture_stress_4_12024_clamp,combined_fixture_stress,adaptive_probe_then_act,clamp,unknown,clamp,release_clamp_pull,0.42397,1,0.22608,1,1,0,0,0,0.79739,1.94666,0.57877,0.17743,0.55,0.03686,0.42397,0.06277,0.05029,0.28215,0.14396,0.18,0.00000
4,12024,combined_fixture_stress_4_12024_clamp,combined_fixture_stress,particle_filter_fixture,clamp,unknown,suction,peel_then_translate,0.34906,0,0.78000,0,0,1,0,1,0.00090,2.22504,0.01635,0.00027,0.55,0.00484,0.32881,0.05098,0.03097,0.34906,0.23534,0.18,0.45000
4,12024,combined_fixture_stress_4_12024_clamp,combined_fixture_stress,latent_fixture_inference_v5,clamp,unknown,suction,cautious_probe_pull,0.35125,0,0.66000,0,0,1,0,1,0.00630,2.22084,0.02447,0.00060,0.55,0.03312,0.27188,0.05999,0.04954,0.35125,0.23422,0.18,0.45000
4,12025,combined_fixture_stress_4_12025_hinge,combined_fixture_stress,prototype_system_id,hinge,unknown,hinge,pivot_rotate,0.62829,1,0.25000,1,1,0,0,0,0.79500,1.94427,0.59391,0.16491,0.55,0.02123,0.04058,0.62829,0.16190,0.04647,0.10153,0.18,0.00000
4,12025,combined_fixture_stress_4_12025_hinge,combined_fixture_stress,calibrated_prototype_system_id,hinge,unknown,hinge,pivot_rotate,0.66532,1,0.25500,1,1,0,0,0,0.79450,1.94445,0.62661,0.13942,0.55,0.03346,0.04285,0.66532,0.13024,0.04608,0.08205,0.18,0.00000
4,12025,combined_fixture_stress_4_12025_hinge,combined_fixture_stress,random_forest_probe_classifier,hinge,unknown,hinge,pivot_rotate,0.43711,1,0.27503,1,1,0,0,0,0.79250,1.94515,0.58579,0.17157,0.55,0.00297,0.10724,0.43711,0.29183,0.06264,0.09821,0.18,0.00000
4,12025,combined_fixture_stress_4_12025_hinge,combined_fixture_stress,bayesian_fixture_belief,hinge,unknown,hinge,pivot_rotate,0.28070,1,0.29280,0,0,1,1,0,0.07682,2.86277,0.53511,0.28634,0.55,0.11501,0.14650,0.28070,0.19183,0.12936,0.13660,0.18,0.55000
4,12025,combined_fixture_stress_4_12025_hinge,combined_fixture_stress,robust_impedance_planner,hinge,unknown,hinge,pivot_rotate,0.55241,1,0.34932,1,1,0,0,0,0.78507,1.94775,0.61499,0.14823,0.55,0.05080,0.07133,0.55241,0.15787,0.06764,0.09995,0.18,0.00000
4,12025,combined_fixture_stress_4_12025_hinge,combined_fixture_stress,adaptive_probe_then_act,hinge,unknown,hinge,pivot_rotate,0.61488,1,0.21081,1,1,0,0,0,0.79892,1.94290,0.64651,0.12495,0.55,0.04219,0.05715,0.61488,0.16149,0.05278,0.07152,0.18,0.00000
4,12025,combined_fixture_stress_4_12025_hinge,combined_fixture_stress,particle_filter_fixture,hinge,unknown,hinge,pivot_rotate,0.49699,1,0.28000,1,1,0,0,0,0.79200,1.94532,0.55321,0.19962,0.55,0.01280,0.17471,0.49699,0.19803,0.04900,0.06846,0.18,0.00000
4,12025,combined_fixture_stress_4_12025_hinge,combined_fixture_stress,latent_fixture_inference_v5,hinge,unknown,hinge,cautious_probe_pull,0.36175,1,0.18468,0,0,0,1,0,0.30669,2.68398,0.08418,0.83873,0.55,0.04219,0.22376,0.36175,0.21490,0.07751,0.07989,0.18,0.55000
5,12018,combined_fixture_stress_5_12018_slot,combined_fixture_stress,prototype_system_id,slot,unknown,slot,follow_slot_axis,0.67339,1,0.25000,0,1,0,1,0,0.35775,2.68019,0.62953,0.13724,0.55,0.02749,0.02504,0.11666,0.67339,0.07650,0.08091,0.18,0.55000
5,12018,combined_fixture_stress_5_12018_slot,combined_fixture_stress,calibrated_prototype_system_id,slot,unknown,slot,follow_slot_axis,0.70775,1,0.25500,1,1,0,0,0,0.79450,1.98037,0.66237,0.11400,0.55,0.03599,0.03490,0.09151,0.70775,0.06348,0.06636,0.18,0.00000
5,12018,combined_fixture_stress_5_12018_slot,combined_fixture_stress,random_forest_probe_classifier,slot,unknown,slot,follow_slot_axis,0.71657,1,0.25267,0,0,1,0,0,0.17473,2.19729,0.67400,0.45427,0.55,0.00149,0.21184,0.05263,0.71657,0.01207,0.00540,0.18,0.00000
5,12018,combined_fixture_stress_5_12018_slot,combined_fixture_stress,bayesian_fixture_belief,slot,unknown,slot,follow_slot_axis,0.26551,1,0.29280,0,0,1,1,0,0.07682,2.89869,0.55609,0.30923,0.55,0.12841,0.16214,0.15338,0.26551,0.14856,0.14201,0.18,0.55000
5,12018,combined_fixture_stress_5_12018_slot,combined_fixture_stress,robust_impedance_planner,slot,unknown,slot,follow_slot_axis,0.57767,1,0.35259,0,0,1,0,0,0.16474,2.20078,0.64555,0.41673,0.55,0.05836,0.07015,0.11423,0.57767,0.08986,0.08974,0.18,0.00000
5,12018,combined_fixture_stress_5_12018_slot,combined_fixture_stress,adaptive_probe_then_act,slot,unknown,slot,follow_slot_axis,0.66183,1,0.20705,1,1,0,0,0,0.79929,1.97869,0.68422,0.09972,0.55,0.04789,0.05887,0.09797,0.66183,0.06718,0.06626,0.18,0.00000
5,12018,combined_fixture_stress_5_12018_slot,combined_fixture_stress,particle_filter_fixture,slot,unknown,slot,follow_slot_axis,0.49075,1,0.28000,0,0,1,0,0,0.17200,2.19824,0.57781,0.33386,0.55,0.01347,0.31974,0.07383,0.49075,0.05473,0.04748,0.18,0.00000
5,12018,combined_fixture_stress_5_12018_slot,combined_fixture_stress,latent_fixture_inference_v5,slot,unknown,clamp,cautious_probe_pull,0.39434,0,0.66000,0,0,1,1,0,0.00630,2.95354,0.16600,0.02756,0.55,0.04486,0.39434,0.08507,0.33066,0.07838,0.06670,0.18,0.55000
5,12019,combined_fixture_stress_5_12019_suction,combined_fixture_stress,prototype_system_id,suction,unknown,suction,peel_then_translate,0.67509,1,0.25000,0,0,1,0,1,0.02475,2.31827,0.58441,0.34154,0.55,0.00862,0.06917,0.03585,0.14428,0.67509,0.06699,0.18,0.45000
5,12019,combined_fixture_stress_5_12019_suction,combined_fixture_stress,calibrated_prototype_system_id,suction,unknown,suction,peel_then_translate,0.70370,1,0.25500,0,0,1,0,0,0.05450,2.31845,0.61570,0.37908,0.55,0.02862,0.05853,0.03986,0.11210,0.70370,0.05719,0.18,0.00000
5,12019,combined_fixture_stress_5_12019_suction,combined_fixture_stress,random_forest_probe_classifier,suction,unknown,suction,peel_then_translate,0.96597,1,0.23272,1,1,0,0,0,0.67673,2.10067,0.68153,0.10142,0.55,0.00028,0.02174,0.00199,0.00294,0.96597,0.00708,0.18,0.00000
5,12019,combined_fixture_stress_5_12019_suction,combined_fixture_stress,bayesian_fixture_belief,suction,unknown,suction,peel_then_translate,0.42533,1,0.29280,0,0,1,0,0,0.05072,2.31977,0.54546,0.29753,0.55,0.10292,0.12693,0.10777,0.11984,0.42533,0.11721,0.18,0.00000
5,12019,combined_fixture_stress_5_12019_suction,combined_fixture_stress,robust_impedance_planner,suction,unknown,suction,peel_then_translate,0.63661,1,0.35977,1,1,0,0,0,0.66402,2.10511,0.61078,0.15149,0.55,0.04141,0.07756,0.05409,0.11758,0.63661,0.07275,0.18,0.00000
5,12019,combined_fixture_stress_5_12019_suction,combined_fixture_stress,adaptive_probe_then_act,suction,unknown,suction,peel_then_translate,0.73081,1,0.20154,0,0,1,0,0,0.05985,2.31658,0.65412,0.42787,0.55,0.03589,0.05759,0.04263,0.07941,0.73081,0.05368,0.18,0.00000
5,12019,combined_fixture_stress_5_12019_suction,combined_fixture_stress,particle_filter_fixture,suction,unknown,suction,peel_then_translate,0.79062,1,0.28000,1,1,0,0,0,0.67200,2.10232,0.58732,0.17030,0.55,0.00329,0.06461,0.01821,0.08130,0.79062,0.04198,0.18,0.00000
5,12019,combined_fixture_stress_5_12019_suction,combined_fixture_stress,latent_fixture_inference_v5,suction,unknown,suction,peel_then_translate,0.71025,1,0.16028,1,1,0,0,0,0.68397,2.09813,0.67060,0.10850,0.55,0.03218,0.08573,0.04101,0.07221,0.71025,0.05863,0.18,0.00000
5,12020,combined_fixture_stress_5_12020_tether,combined_fixture_stress,prototype_system_id,tether,unknown,tether,unwind_tether,0.54560,1,0.25000,0,1,0,1,0,0.30375,2.51504,0.54365,0.20826,0.55,0.02524,0.08871,0.08934,0.12452,0.12659,0.54560,0.18,0.55000
5,12020,combined_fixture_stress_5_12020_tether,combined_fixture_stress,calibrated_prototype_system_id,tether,unknown,tether,unwind_tether,0.59785,1,0.25500,0,0,1,0,0,0.05450,2.03221,0.57805,0.33414,0.55,0.03592,0.07662,0.07709,0.10538,0.10714,0.59785,0.18,0.00000
5,12020,combined_fixture_stress_5_12020_tether,combined_fixture_stress,random_forest_probe_classifier,tether,unknown,tether,unwind_tether,0.82978,1,0.24362,1,1,0,0,0,0.67564,1.81481,0.63313,0.13459,0.55,0.00273,0.11523,0.01212,0.02272,0.01742,0.82978,0.18,0.00000
5,12020,combined_fixture_stress_5_12020_tether,combined_fixture_stress,bayesian_fixture_belief,tether,unknown,tether,unwind_tether,0.30612,1,0.29280,1,1,0,0,0,0.67072,1.81653,0.50765,0.24241,0.55,0.11009,0.16803,0.12933,0.14515,0.14128,0.30612,0.18,0.00000
5,12020,combined_fixture_stress_5_12020_tether,combined_fixture_stress,robust_impedance_planner,tether,unknown,tether,unwind_tether,0.51034,1,0.33375,1,1,0,0,0,0.66662,1.81797,0.57622,0.17959,0.55,0.05104,0.10664,0.09230,0.11992,0.11976,0.51034,0.18,0.00000
5,12020,combined_fixture_stress_5_12020_tether,combined_fixture_stress,adaptive_probe_then_act,tether,unknown,tether,unwind_tether,0.60946,1,0.21124,1,0,0,0,0,0.67888,1.81368,0.60967,0.15235,0.55,0.04163,0.07974,0.06680,0.10144,0.10092,0.60946,0.18,0.00000
5,12020,combined_fixture_stress_5_12020_tether,combined_fixture_stress,particle_filter_fixture,tether,unknown,tether,unwind_tether,0.50992,1,0.28000,0,0,0,1,0,0.30240,2.51609,0.52103,0.22941,0.55,0.01471,0.21453,0.06422,0.10154,0.09510,0.50992,0.18,0.55000
5,12020,combined_fixture_stress_5_12020_tether,combined_fixture_stress,latent_fixture_inference_v5,tether,unknown,tether,cautious_probe_pull,0.41814,1,0.18073,0,1,0,0,1,0.30687,1.81261,0.22072,0.60728,0.55,0.04125,0.25515,0.07716,0.10872,0.09958,0.41814,0.18,0.45000
5,12021,combined_fixture_stress_5_12021_free,combined_fixture_stress,prototype_system_id,free,tether,free,direct_translate,0.88371,1,0.25000,1,1,0,0,0,0.79500,1.88063,0.74773,0.06364,0.55,0.88371,0.00391,0.02807,0.04372,0.01560,0.02500,0.18,0.00000
5,12021,combined_fixture_stress_5_12021_free,combined_fixture_stress,calibrated_prototype_system_id,free,tether,free,direct_translate,0.81757,1,0.25500,1,1,0,0,0,0.79450,1.88080,0.76046,0.05738,0.55,0.81757,0.01123,0.01856,0.02497,0.01426,0.11342,0.18,0.00000
5,12021,combined_fixture_stress_5_12021_free,combined_fixture_stress,random_forest_probe_classifier,free,tether,free,direct_translate,0.76270,1,0.24898,0,1,0,0,1,0.35780,1.88059,0.75917,0.05800,0.55,0.76270,0.03818,0.07470,0.05109,0.02598,0.04735,0.18,0.45000
5,12021,combined_fixture_stress_5_12021_free,combined_fixture_stress,bayesian_fixture_belief,free,tether,free,direct_translate,0.26912,1,0.29280,1,1,0,0,0,0.79072,1.88213,0.62042,0.14408,0.55,0.26912,0.11799,0.13686,0.14058,0.12347,0.21198,0.18,0.00000
5,12021,combined_fixture_stress_5_12021_free,combined_fixture_stress,robust_impedance_planner,free,tether,free,direct_translate,0.68637,1,0.34353,1,1,0,0,0,0.78565,1.88390,0.74328,0.06590,0.55,0.68637,0.04561,0.06063,0.06824,0.05112,0.08803,0.18,0.00000
5,12021,combined_fixture_stress_5_12021_free,combined_fixture_stress,adaptive_probe_then_act,free,tether,free,direct_translate,0.73645,1,0.20108,1,1,0,0,0,0.79989,1.87892,0.77577,0.05028,0.55,0.73645,0.04039,0.05012,0.05428,0.04362,0.07515,0.18,0.00000
5,12021,combined_fixture_stress_5_12021_free,combined_fixture_stress,particle_filter_fixture,free,tether,free,direct_translate,0.60942,1,0.28000,1,1,0,0,0,0.79200,1.88168,0.67145,0.10794,0.55,0.60942,0.05682,0.11972,0.09233,0.04329,0.07842,0.18,0.00000
5,12021,combined_fixture_stress_5_12021_free,combined_fixture_stress,latent_fixture_inference_v5,free,tether,free,cautious_probe_pull,0.38293,1,0.18320,0,1,0,1,0,0.30676,2.62029,0.44913,0.30346,0.55,0.38293,0.09731,0.16521,0.13082,0.08065,0.14309,0.18,0.55000
5,12022,combined_fixture_stress_5_12022_clamp,combined_fixture_stress,prototype_system_id,clamp,unknown,clamp,release_clamp_pull,0.39099,1,0.25000,1,1,0,0,0,0.79500,2.06030,0.52498,0.22565,0.55,0.00713,0.39099,0.07000,0.09123,0.19164,0.24901,0.18,0.00000
5,12022,combined_fixture_stress_5_12022_clamp,combined_fixture_stress,calibrated_prototype_system_id,clamp,unknown,clamp,release_clamp_pull,0.41265,1,0.25500,1,1,0,0,0,0.79450,2.06047,0.55263,0.20014,0.55,0.02846,0.41265,0.06507,0.08146,0.17497,0.23739,0.18,0.00000
5,12022,combined_fixture_stress_5_12022_clamp,combined_fixture_stress,random_forest_probe_classifier,clamp,unknown,clamp,release_clamp_pull,0.38283,1,0.27937,0,0,1,0,0,0.17206,2.27833,0.54933,0.30176,0.55,0.00031,0.38283,0.09172,0.05701,0.28322,0.18491,0.18,0.00000
5,12022,combined_fixture_stress_5_12022_clamp,combined_fixture_stress,bayesian_fixture_belief,clamp,unknown,clamp,release_clamp_pull,0.24964,1,0.29280,0,1,0,0,1,0.35582,2.06180,0.50558,0.24445,0.55,0.10220,0.24964,0.11510,0.12717,0.18537,0.22051,0.18,0.45000
5,12022,combined_fixture_stress_5_12022_clamp,combined_fixture_stress,robust_impedance_planner,clamp,unknown,clamp,cautious_probe_pull,0.36526,1,0.35987,0,1,0,1,0,0.29880,2.80614,0.10685,0.79772,0.55,0.04086,0.36526,0.07677,0.09398,0.18355,0.23957,0.18,0.55000
5,12022,combined_fixture_stress_5_12022_clamp,combined_fixture_stress,adaptive_probe_then_act,clamp,unknown,clamp,cautious_probe_pull,0.39122,1,0.22870,0,0,1,0,1,0.02571,2.31855,0.12384,0.01534,0.55,0.03558,0.39122,0.05653,0.13390,0.16306,0.21971,0.18,0.45000
5,12022,combined_fixture_stress_5_12022_clamp,combined_fixture_stress,particle_filter_fixture,clamp,unknown,clamp,release_clamp_pull,0.37669,1,0.28000,1,1,0,0,0,0.79200,2.06135,0.50676,0.24329,0.55,0.00293,0.37669,0.04261,0.06833,0.21081,0.29863,0.18,0.00000
5,12022,combined_fixture_stress_5_12022_clamp,combined_fixture_stress,latent_fixture_inference_v5,clamp,unknown,clamp,cautious_probe_pull,0.32485,1,0.18726,0,0,1,1,0,0.02757,3.01710,0.13926,0.01939,0.55,0.03192,0.32485,0.05644,0.07994,0.21230,0.29455,0.18,0.55000
5,12023,combined_fixture_stress_5_12023_hinge,combined_fixture_stress,prototype_system_id,hinge,slot,hinge,pivot_rotate,0.62375,1,0.25000,0,0,1,0,0,0.17500,2.26442,0.59306,0.35172,0.55,0.01952,0.06670,0.62375,0.10544,0.04404,0.14055,0.18,0.00000
5,12023,combined_fixture_stress_5_12023_hinge,combined_fixture_stress,calibrated_prototype_system_id,hinge,slot,hinge,pivot_rotate,0.64917,1,0.25500,0,0,1,0,0,0.17450,2.26459,0.62348,0.38873,0.55,0.01679,0.04249,0.64917,0.16549,0.02890,0.09716,0.18,0.00000
5,12023,combined_fixture_stress_5_12023_hinge,combined_fixture_stress,random_forest_probe_classifier,hinge,slot,hinge,pivot_rotate,0.67862,1,0.25571,0,0,1,0,0,0.17443,2.26462,0.63809,0.40716,0.55,0.00336,0.12535,0.67862,0.15588,0.02209,0.01470,0.18,0.00000
5,12023,combined_fixture_stress_5_12023_hinge,combined_fixture_stress,bayesian_fixture_belief,hinge,slot,slot,follow_slot_axis,0.23552,0,0.79000,0,0,1,1,0,0.05445,2.98332,0.01572,0.00025,0.55,0.10959,0.15750,0.23297,0.23552,0.12378,0.14065,0.18,0.55000
5,12023,combined_fixture_stress_5_12023_hinge,combined_fixture_stress,robust_impedance_planner,hinge,slot,hinge,pivot_rotate,0.53316,1,0.35870,1,1,0,0,0,0.78413,2.05122,0.60875,0.15308,0.55,0.04809,0.08878,0.53316,0.14013,0.06446,0.12539,0.18,0.00000
5,12023,combined_fixture_stress_5_12023_hinge,combined_fixture_stress,adaptive_probe_then_act,hinge,slot,hinge,pivot_rotate,0.61504,1,0.21080,1,1,0,0,0,0.79892,2.04604,0.64655,0.12493,0.55,0.04005,0.08443,0.61504,0.10670,0.05035,0.10343,0.18,0.00000
5,12023,combined_fixture_stress_5_12023_hinge,combined_fixture_stress,particle_filter_fixture,hinge,slot,hinge,pivot_rotate,0.46674,1,0.28000,1,0,0,0,0,0.79200,2.04847,0.54776,0.20452,0.55,0.01261,0.21536,0.46674,0.15533,0.05215,0.09781,0.18,0.00000
5,12023,combined_fixture_stress_5_12023_hinge,combined_fixture_stress,latent_fixture_inference_v5,hinge,slot,hinge,cautious_probe_pull,0.31541,1,0.18792,1,1,0,0,0,0.68121,2.08724,0.08206,0.84261,0.55,0.04091,0.26212,0.31541,0.20390,0.08016,0.09750,0.18,0.00000
5,12024,combined_fixture_stress_5_12024_slot,combined_fixture_stress,prototype_system_id,slot,unknown,slot,follow_slot_axis,0.74050,1,0.25000,0,0,1,0,0,0.17500,2.05218,0.64255,0.41288,0.55,0.02977,0.01547,0.10202,0.74050,0.05656,0.05568,0.18,0.00000
5,12024,combined_fixture_stress_5_12024_slot,combined_fixture_stress,calibrated_prototype_system_id,slot,unknown,slot,follow_slot_axis,0.75595,1,0.25500,1,1,0,0,0,0.79450,1.83535,0.67210,0.10752,0.55,0.03645,0.03073,0.07773,0.75595,0.04981,0.04933,0.18,0.00000
5,12024,combined_fixture_stress_5_12024_slot,combined_fixture_stress,random_forest_probe_classifier,slot,unknown,slot,follow_slot_axis,0.78958,1,0.24683,1,1,0,0,0,0.79532,1.83507,0.69061,0.09572,0.55,0.00229,0.17912,0.00933,0.78958,0.01325,0.00643,0.18,0.00000
5,12024,combined_fixture_stress_5_12024_slot,combined_fixture_stress,bayesian_fixture_belief,slot,unknown,slot,follow_slot_axis,0.32361,1,0.29280,1,1,0,0,0,0.79072,1.83668,0.56748,0.18708,0.55,0.12326,0.14137,0.14300,0.32361,0.13707,0.13169,0.18,0.00000
5,12024,combined_fixture_stress_5_12024_slot,combined_fixture_stress,robust_impedance_planner,slot,unknown,slot,follow_slot_axis,0.63850,1,0.33940,1,1,0,0,0,0.78606,1.83831,0.66157,0.11453,0.55,0.05699,0.05828,0.10006,0.63850,0.07432,0.07185,0.18,0.00000
5,12024,combined_fixture_stress_5_12024_slot,combined_fixture_stress,adaptive_probe_then_act,slot,unknown,slot,follow_slot_axis,0.70339,1,0.20373,1,0,0,0,0,0.79963,1.83356,0.69393,0.09368,0.55,0.04635,0.04992,0.08820,0.70339,0.05709,0.05504,0.18,0.00000
5,12024,combined_fixture_stress_5_12024_slot,combined_fixture_stress,particle_filter_fixture,slot,unknown,slot,follow_slot_axis,0.57393,1,0.28000,1,1,0,0,0,0.79200,1.83623,0.59350,0.16524,0.55,0.01541,0.26741,0.06407,0.57393,0.04481,0.03438,0.18,0.00000
5,12024,combined_fixture_stress_5_12024_slot,combined_fixture_stress,latent_fixture_inference_v5,slot,unknown,slot,cautious_probe_pull,0.41293,1,0.18109,0,0,1,1,1,0.02785,2.79177,0.28710,0.08242,0.55,0.04484,0.33355,0.07767,0.41293,0.07191,0.05910,0.18,1.00000
5,12025,combined_fixture_stress_5_12025_suction,combined_fixture_stress,prototype_system_id,suction,unknown,suction,peel_then_translate,0.50634,1,0.25000,0,0,1,0,0,0.05500,2.19873,0.55403,0.30695,0.55,0.02454,0.10569,0.09766,0.15663,0.50634,0.10914,0.18,0.00000
5,12025,combined_fixture_stress_5_12025_suction,combined_fixture_stress,calibrated_prototype_system_id,suction,unknown,suction,peel_then_translate,0.55686,1,0.25500,1,1,0,0,0,0.67450,1.98191,0.58809,0.16967,0.55,0.03581,0.09149,0.08497,0.13654,0.55686,0.09434,0.18,0.00000
5,12025,combined_fixture_stress_5_12025_suction,combined_fixture_stress,random_forest_probe_classifier,suction,unknown,suction,peel_then_translate,0.83058,1,0.24355,0,0,1,0,0,0.05564,2.19851,0.65235,0.42556,0.55,0.00038,0.02191,0.04699,0.09133,0.83058,0.00881,0.18,0.00000
5,12025,combined_fixture_stress_5_12025_suction,combined_fixture_stress,bayesian_fixture_belief,suction,unknown,suction,peel_then_translate,0.38157,1,0.29280,1,1,0,0,0,0.67072,1.98323,0.53750,0.21391,0.55,0.10565,0.13891,0.11885,0.12688,0.38157,0.12814,0.18,0.00000
5,12025,combined_fixture_stress_5_12025_suction,combined_fixture_stress,robust_impedance_planner,suction,unknown,suction,peel_then_translate,0.51024,1,0.34891,0,0,1,0,0,0.04511,2.20219,0.58953,0.34755,0.55,0.04918,0.10661,0.09403,0.13527,0.51024,0.10467,0.18,0.00000
5,12025,combined_fixture_stress_5_12025_suction,combined_fixture_stress,adaptive_probe_then_act,suction,unknown,suction,peel_then_translate,0.63304,1,0.20936,1,1,0,0,0,0.67906,1.98031,0.63264,0.13495,0.55,0.04007,0.07657,0.08326,0.09286,0.63304,0.07420,0.18,0.00000
5,12025,combined_fixture_stress_5_12025_suction,combined_fixture_stress,particle_filter_fixture,suction,unknown,suction,peel_then_translate,0.67417,1,0.28000,0,0,1,0,0,0.05200,2.19978,0.56698,0.32147,0.55,0.01103,0.08912,0.05717,0.09637,0.67417,0.07214,0.18,0.00000
5,12025,combined_fixture_stress_5_12025_suction,combined_fixture_stress,latent_fixture_inference_v5,suction,unknown,suction,peel_then_translate,0.63976,1,0.16522,0,0,1,0,0,0.06348,2.19576,0.65487,0.42885,0.55,0.03606,0.10066,0.06263,0.08365,0.63976,0.07725,0.18,0.00000
6,12018,combined_fixture_stress_6_12018_tether,combined_fixture_stress,prototype_system_id,tether,unknown,tether,unwind_tether,0.45734,1,0.25000,1,1,0,0,0,0.67500,1.96341,0.52825,0.22254,0.55,0.01790,0.20848,0.17154,0.07161,0.07312,0.45734,0.18,0.00000
6,12018,combined_fixture_stress_6_12018_tether,combined_fixture_stress,calibrated_prototype_system_id,tether,unknown,tether,unwind_tether,0.49371,1,0.25500,1,0,0,0,0,0.67450,1.96359,0.55906,0.19443,0.55,0.03271,0.18948,0.15200,0.06549,0.06660,0.49371,0.18,0.00000
6,12018,combined_fixture_stress_6_12018_tether,combined_fixture_stress,random_forest_probe_classifier,tether,unknown,tether,unwind_tether,0.71509,1,0.25279,1,1,0,0,0,0.67472,1.96351,0.60925,0.15269,0.55,0.00172,0.15658,0.09685,0.01645,0.01332,0.71509,0.18,0.00000
6,12018,combined_fixture_stress_6_12018_tether,combined_fixture_stress,bayesian_fixture_belief,tether,unknown,tether,unwind_tether,0.29103,1,0.29280,1,1,0,0,0,0.67072,1.96491,0.50499,0.24504,0.55,0.10588,0.21485,0.13752,0.12621,0.12450,0.29103,0.18,0.00000
6,12018,combined_fixture_stress_6_12018_tether,combined_fixture_stress,robust_impedance_planner,tether,unknown,tether,cautious_probe_pull,0.43459,1,0.34724,1,0,0,0,0,0.66528,1.96682,0.18831,0.65884,0.55,0.04640,0.20568,0.14999,0.08156,0.08178,0.43459,0.18,0.00000
6,12018,combined_fixture_stress_6_12018_tether,combined_fixture_stress,adaptive_probe_then_act,tether,unknown,tether,unwind_tether,0.49136,1,0.22069,1,1,0,0,0,0.67793,1.96239,0.58461,0.17255,0.55,0.03875,0.16318,0.18580,0.06049,0.06041,0.49136,0.18,0.00000
6,12018,combined_fixture_stress_6_12018_tether,combined_fixture_stress,particle_filter_fixture,tether,unknown,tether,unwind_tether,0.46720,1,0.28000,1,1,0,0,0,0.67200,1.96446,0.51381,0.23638,0.55,0.00978,0.29102,0.11469,0.06049,0.05681,0.46720,0.18,0.00000
6,12018,combined_fixture_stress_6_12018_tether,combined_fixture_stress,latent_fixture_inference_v5,tether,unknown,tether,cautious_probe_pull,0.40682,1,0.18152,1,1,0,0,0,0.68185,1.96102,0.21969,0.60889,0.55,0.03706,0.30266,0.10065,0.07899,0.07381,0.40682,0.18,0.00000
6,12019,combined_fixture_stress_6_12019_free,combined_fixture_stress,prototype_system_id,free,unknown,free,direct_translate,0.72482,1,0.25000,1,1,0,0,0,0.79500,1.96176,0.71335,0.08217,0.55,0.72482,0.00857,0.04977,0.12652,0.03545,0.05487,0.18,0.00000
6,12019,combined_fixture_stress_6_12019_free,combined_fixture_stress,calibrated_prototype_system_id,free,unknown,free,direct_translate,0.74150,1,0.25500,1,1,0,0,0,0.79450,1.96194,0.74340,0.06585,0.55,0.74150,0.02852,0.04633,0.09542,0.03914,0.04908,0.18,0.00000
6,12019,combined_fixture_stress_6_12019_free,combined_fixture_stress,random_forest_probe_classifier,free,unknown,free,direct_translate,0.72106,1,0.25232,1,1,0,0,0,0.79477,1.96184,0.74877,0.06312,0.55,0.72106,0.04692,0.03102,0.13982,0.03223,0.02895,0.18,0.00000
6,12019,combined_fixture_stress_6_12019_free,combined_fixture_stress,bayesian_fixture_belief,free,unknown,free,direct_translate,0.26435,1,0.29280,1,1,0,0,0,0.79072,1.96326,0.61938,0.14487,0.55,0.26435,0.12404,0.14064,0.19372,0.13560,0.14165,0.18,0.00000
6,12019,combined_fixture_stress_6_12019_free,combined_fixture_stress,robust_impedance_planner,free,unknown,free,direct_translate,0.60519,1,0.35091,1,1,0,0,0,0.78491,1.96530,0.72279,0.07684,0.55,0.60519,0.04936,0.07255,0.13339,0.06415,0.07536,0.18,0.00000
6,12019,combined_fixture_stress_6_12019_free,combined_fixture_stress,adaptive_probe_then_act,free,unknown,free,direct_translate,0.67671,1,0.20586,1,0,0,0,0,0.79941,1.96022,0.76045,0.05738,0.55,0.67671,0.04303,0.07319,0.09698,0.05177,0.05832,0.18,0.00000
6,12019,combined_fixture_stress_6_12019_free,combined_fixture_stress,particle_filter_fixture,free,unknown,free,direct_translate,0.52670,1,0.28000,1,1,0,0,0,0.79200,1.96281,0.65399,0.11972,0.55,0.52670,0.07138,0.06734,0.20568,0.06193,0.06696,0.18,0.00000
6,12019,combined_fixture_stress_6_12019_free,combined_fixture_stress,latent_fixture_inference_v5,free,unknown,free,cautious_probe_pull,0.34988,1,0.18551,0,0,1,1,0,0.02765,2.91851,0.44354,0.19673,0.55,0.34988,0.11383,0.10034,0.23963,0.09797,0.09835,0.18,0.55000
6,12020,combined_fixture_stress_6_12020_clamp,combined_fixture_stress,prototype_system_id,clamp,unknown,suction,peel_then_translate,0.27995,0,0.82000,0,0,1,1,1,0.00000,2.88650,0.01597,0.00025,0.55,0.01377,0.27910,0.06742,0.09921,0.27995,0.26055,0.18,1.00000
6,12020,combined_fixture_stress_6_12020_clamp,combined_fixture_stress,calibrated_prototype_system_id,clamp,unknown,suction,peel_then_translate,0.27980,0,0.74000,0,0,1,1,0,0.00270,2.88440,0.01597,0.00025,0.55,0.03112,0.27876,0.06416,0.08962,0.27980,0.25654,0.18,0.55000
6,12020,combined_fixture_stress_6_12020_clamp,combined_fixture_stress,random_forest_probe_classifier,clamp,unknown,suction,peel_then_translate,0.42465,0,0.80000,0,0,1,1,1,0.00000,2.88650,0.01678,0.00028,0.55,0.00047,0.28125,0.00503,0.00712,0.42465,0.28148,0.18,1.00000
6,12020,combined_fixture_stress_6_12020_clamp,combined_fixture_stress,bayesian_fixture_belief,clamp,unknown,suction,peel_then_translate,0.24359,0,0.79000,0,0,1,1,1,0.00045,2.88615,0.01576,0.00025,0.55,0.10311,0.21012,0.11540,0.12256,0.24359,0.20522,0.18,1.00000
6,12020,combined_fixture_stress_6_12020_clamp,combined_fixture_stress,robust_impedance_planner,clamp,unknown,suction,cautious_probe_pull,0.27522,0,0.86000,0,0,1,0,0,0.00000,2.18650,0.01594,0.00025,0.55,0.04378,0.26182,0.07591,0.09798,0.27522,0.24529,0.18,0.00000
6,12020,combined_fixture_stress_6_12020_clamp,combined_fixture_stress,adaptive_probe_then_act,clamp,unknown,tether,cautious_probe_pull,0.27257,0,0.70000,0,0,1,1,1,0.00450,2.88300,0.01593,0.00025,0.55,0.03709,0.26783,0.08914,0.10309,0.23028,0.27257,0.18,1.00000
6,12020,combined_fixture_stress_6_12020_clamp,combined_fixture_stress,particle_filter_fixture,clamp,unknown,suction,peel_then_translate,0.35561,0,0.78000,0,0,1,1,0,0.00090,2.88580,0.01639,0.00027,0.55,0.00612,0.27258,0.04195,0.06456,0.35561,0.25917,0.18,0.55000
6,12020,combined_fixture_stress_6_12020_clamp,combined_fixture_stress,latent_fixture_inference_v5,clamp,unknown,suction,cautious_probe_pull,0.34989,0,0.66000,0,0,1,0,1,0.00630,2.18160,0.02446,0.00060,0.55,0.03354,0.24847,0.05667,0.07088,0.34989,0.24056,0.18,0.45000
6,12021,combined_fixture_stress_6_12021_hinge,combined_fixture_stress,prototype_system_id,hinge,unknown,hinge,pivot_rotate,0.50080,1,0.25000,0,1,0,0,1,0.35775,1.97053,0.57024,0.18469,0.55,0.03346,0.03731,0.50080,0.26082,0.06216,0.10545,0.18,0.45000
6,12021,combined_fixture_stress_6_12021_hinge,combined_fixture_stress,calibrated_prototype_system_id,hinge,unknown,hinge,pivot_rotate,0.53313,1,0.25500,0,0,1,0,0,0.17450,2.18771,0.60102,0.36122,0.55,0.04010,0.04221,0.53313,0.23776,0.05750,0.08931,0.18,0.00000
6,12021,combined_fixture_stress_6_12021_hinge,combined_fixture_stress,random_forest_probe_classifier,hinge,unknown,slot,follow_slot_axis,0.45685,0,0.80000,0,0,1,1,1,0.05400,2.90678,0.01696,0.00029,0.55,0.00346,0.12608,0.38141,0.45685,0.02162,0.01058,0.18,1.00000
6,12021,combined_fixture_stress_6_12021_hinge,combined_fixture_stress,bayesian_fixture_belief,hinge,unknown,hinge,pivot_rotate,0.24096,1,0.29280,1,1,0,0,0,0.79072,1.97203,0.52765,0.22311,0.55,0.11766,0.14781,0.24096,0.22051,0.13565,0.13740,0.18,0.00000
6,12021,combined_fixture_stress_6_12021_hinge,combined_fixture_stress,robust_impedance_planner,hinge,unknown,hinge,cautious_probe_pull,0.44465,1,0.35171,0,0,1,0,1,0.02017,2.23309,0.05269,0.00278,0.55,0.05764,0.07094,0.44465,0.24286,0.07911,0.10480,0.18,0.45000
6,12021,combined_fixture_stress_6_12021_hinge,combined_fixture_stress,adaptive_probe_then_act,hinge,unknown,hinge,pivot_rotate,0.45924,1,0.22326,1,1,0,0,0,0.79767,1.96960,0.61176,0.15073,0.55,0.04610,0.05731,0.45924,0.30220,0.06008,0.07507,0.18,0.00000
6,12021,combined_fixture_stress_6_12021_hinge,combined_fixture_stress,particle_filter_fixture,hinge,unknown,hinge,pivot_rotate,0.38987,1,0.28000,0,1,0,0,1,0.35640,1.97158,0.53390,0.21725,0.55,0.01986,0.20108,0.38987,0.25560,0.06200,0.07159,0.18,0.45000
6,12021,combined_fixture_stress_6_12021_hinge,combined_fixture_stress,latent_fixture_inference_v5,hinge,unknown,hinge,cautious_probe_pull,0.28770,1,0.18986,0,0,0,1,1,0.30645,2.71043,0.08081,0.84491,0.55,0.04631,0.25424,0.28770,0.24298,0.08746,0.08131,0.18,1.00000
6,12022,combined_fixture_stress_6_12022_slot,combined_fixture_stress,prototype_system_id,slot,suction,slot,follow_slot_axis,0.68441,1,0.25000,1,1,0,0,0,0.79500,1.92775,0.63167,0.13567,0.55,0.01667,0.03418,0.09668,0.68441,0.07381,0.09425,0.18,0.00000
6,12022,combined_fixture_stress_6_12022_slot,combined_fixture_stress,calibrated_prototype_system_id,slot,suction,slot,follow_slot_axis,0.70055,1,0.25500,0,0,1,1,0,0.07852,2.84493,0.66091,0.43681,0.55,0.01539,0.02305,0.06062,0.70055,0.14144,0.05894,0.18,0.55000
6,12022,combined_fixture_stress_6_12022_slot,combined_fixture_stress,random_forest_probe_classifier,slot,suction,slot,follow_slot_axis,0.70806,1,0.25336,1,1,0,0,0,0.79466,1.92787,0.67207,0.10754,0.55,0.00123,0.21924,0.04994,0.70806,0.01685,0.00468,0.18,0.00000
6,12022,combined_fixture_stress_6_12022_slot,combined_fixture_stress,bayesian_fixture_belief,slot,suction,suction,peel_then_translate,0.22481,0,0.79000,0,0,1,1,1,0.00045,2.90565,0.01566,0.00025,0.55,0.11898,0.16168,0.13720,0.22313,0.22481,0.13420,0.18,1.00000
6,12022,combined_fixture_stress_6_12022_slot,combined_fixture_stress,robust_impedance_planner,slot,suction,slot,follow_slot_axis,0.56835,1,0.34782,1,1,0,0,0,0.78522,1.93118,0.64490,0.12610,0.55,0.05037,0.07385,0.09635,0.56835,0.11722,0.09386,0.18,0.00000
6,12022,combined_fixture_stress_6_12022_slot,combined_fixture_stress,adaptive_probe_then_act,slot,suction,slot,follow_slot_axis,0.66787,1,0.20657,1,1,0,0,0,0.79934,1.92623,0.68563,0.09883,0.55,0.04261,0.06059,0.06926,0.66787,0.09218,0.06748,0.18,0.00000
6,12022,combined_fixture_stress_6_12022_slot,combined_fixture_stress,particle_filter_fixture,slot,suction,slot,follow_slot_axis,0.48519,1,0.28000,0,0,1,0,0,0.17200,2.14580,0.57676,0.33265,0.55,0.00807,0.33492,0.05786,0.48519,0.06006,0.05390,0.18,0.00000
6,12022,combined_fixture_stress_6_12022_slot,combined_fixture_stress,latent_fixture_inference_v5,slot,suction,clamp,cautious_probe_pull,0.40781,0,0.66000,0,1,0,1,0,0.28530,2.68410,0.16675,0.69430,0.55,0.03974,0.40781,0.07063,0.30724,0.10826,0.06632,0.18,0.55000
6,12023,combined_fixture_stress_6_12023_suction,combined_fixture_stress,prototype_system_id,suction,unknown,suction,peel_then_translate,0.42151,1,0.25000,1,1,0,0,0,0.67500,2.02454,0.53876,0.21274,0.55,0.01097,0.20350,0.11272,0.10058,0.42151,0.15073,0.18,0.00000
6,12023,combined_fixture_stress_6_12023_suction,combined_fixture_stress,calibrated_prototype_system_id,suction,unknown,suction,peel_then_translate,0.45690,1,0.25500,0,0,1,0,0,0.05450,2.24172,0.56930,0.32410,0.55,0.02989,0.18865,0.10000,0.08961,0.45690,0.13496,0.18,0.00000
6,12023,combined_fixture_stress_6_12023_suction,combined_fixture_stress,random_forest_probe_classifier,suction,unknown,suction,peel_then_translate,0.83115,1,0.24351,0,1,0,1,0,0.30404,2.72431,0.65247,0.12078,0.55,0.00029,0.15181,0.00374,0.00435,0.83115,0.00866,0.18,0.55000
6,12023,combined_fixture_stress_6_12023_suction,combined_fixture_stress,bayesian_fixture_belief,suction,unknown,suction,peel_then_translate,0.35419,1,0.29280,1,1,0,0,0,0.67072,2.02604,0.53251,0.21855,0.55,0.10545,0.16058,0.12222,0.12196,0.35419,0.13559,0.18,0.00000
6,12023,combined_fixture_stress_6_12023_suction,combined_fixture_stress,robust_impedance_planner,suction,unknown,suction,cautious_probe_pull,0.43270,1,0.35280,0,0,1,1,1,0.02012,2.94514,0.15314,0.02345,0.55,0.04352,0.18344,0.10591,0.09808,0.43270,0.13635,0.18,1.00000
6,12023,combined_fixture_stress_6_12023_suction,combined_fixture_stress,adaptive_probe_then_act,suction,unknown,suction,peel_then_translate,0.49618,1,0.22031,1,1,0,0,0,0.67797,2.02350,0.60280,0.15776,0.55,0.03733,0.17729,0.10768,0.06996,0.49618,0.11157,0.18,0.00000
6,12023,combined_fixture_stress_6_12023_suction,combined_fixture_stress,particle_filter_fixture,suction,unknown,suction,peel_then_translate,0.61183,1,0.28000,1,1,0,0,0,0.67200,2.02559,0.55609,0.19706,0.55,0.00457,0.15476,0.06783,0.06101,0.61183,0.10000,0.18,0.00000
6,12023,combined_fixture_stress_6_12023_suction,combined_fixture_stress,latent_fixture_inference_v5,suction,unknown,suction,peel_then_translate,0.60140,1,0.16790,1,1,0,0,0,0.68321,2.02167,0.64633,0.12508,0.55,0.03347,0.13747,0.06892,0.06634,0.60140,0.09239,0.18,0.00000
6,12024,combined_fixture_stress_6_12024_tether,combined_fixture_stress,prototype_system_id,tether,unknown,tether,unwind_tether,0.43905,1,0.25000,0,0,0,0,1,0.30375,1.90394,0.52506,0.22557,0.55,0.01759,0.11131,0.14737,0.15611,0.12857,0.43905,0.18,0.45000
6,12024,combined_fixture_stress_6_12024_tether,combined_fixture_stress,calibrated_prototype_system_id,tether,unknown,tether,unwind_tether,0.48181,1,0.25500,1,1,0,0,0,0.67450,1.90411,0.55689,0.19635,0.55,0.03275,0.09889,0.13190,0.14036,0.11430,0.48181,0.18,0.00000
6,12024,combined_fixture_stress_6_12024_tether,combined_fixture_stress,random_forest_probe_classifier,tether,unknown,tether,unwind_tether,0.74130,1,0.25070,1,1,0,0,0,0.67493,1.90396,0.61469,0.14847,0.55,0.00196,0.11695,0.01027,0.07225,0.05728,0.74130,0.18,0.00000
6,12024,combined_fixture_stress_6_12024_tether,combined_fixture_stress,bayesian_fixture_belief,tether,unknown,tether,unwind_tether,0.27899,1,0.29280,1,1,0,0,0,0.67072,1.90544,0.50286,0.24715,0.55,0.10796,0.18005,0.13733,0.15737,0.13830,0.27899,0.18,0.00000
6,12024,combined_fixture_stress_6_12024_tether,combined_fixture_stress,robust_impedance_planner,tether,unknown,tether,cautious_probe_pull,0.41989,1,0.34184,0,0,1,0,0,0.04582,2.12415,0.18875,0.03562,0.55,0.04718,0.12708,0.13485,0.14849,0.12251,0.41989,0.18,0.00000
6,12024,combined_fixture_stress_6_12024_tether,combined_fixture_stress,adaptive_probe_then_act,tether,unknown,tether,unwind_tether,0.48188,1,0.22145,1,1,0,0,0,0.67786,1.90294,0.58260,0.17422,0.55,0.03947,0.09391,0.11078,0.18728,0.08668,0.48188,0.18,0.00000
6,12024,combined_fixture_stress_6_12024_tether,combined_fixture_stress,particle_filter_fixture,tether,unknown,tether,unwind_tether,0.43126,1,0.28000,1,1,0,0,0,0.67200,1.90499,0.50773,0.24233,0.55,0.01007,0.23248,0.10022,0.13310,0.09287,0.43126,0.18,0.00000
6,12024,combined_fixture_stress_6_12024_tether,combined_fixture_stress,latent_fixture_inference_v5,tether,unknown,tether,cautious_probe_pull,0.37081,1,0.18404,1,1,0,0,0,0.68160,1.90163,0.21641,0.61402,0.55,0.03806,0.26878,0.09453,0.13312,0.09469,0.37081,0.18,0.00000
6,12025,combined_fixture_stress_6_12025_free,combined_fixture_stress,prototype_system_id,free,unknown,free,direct_translate,0.64983,1,0.25000,1,1,0,0,0,0.79500,2.04801,0.69712,0.09174,0.55,0.64983,0.01090,0.07860,0.12848,0.04258,0.08961,0.18,0.00000
6,12025,combined_fixture_stress_6_12025_free,combined_fixture_stress,calibrated_prototype_system_id,free,unknown,free,direct_translate,0.68674,1,0.25500,1,1,0,0,0,0.79450,2.04819,0.73111,0.07230,0.55,0.68674,0.02941,0.06548,0.10170,0.04372,0.07294,0.18,0.00000
6,12025,combined_fixture_stress_6_12025_free,combined_fixture_stress,random_forest_probe_classifier,free,unknown,free,direct_translate,0.67632,1,0.25589,0,0,1,0,0,0.17441,2.26522,0.73762,0.54408,0.55,0.67632,0.04306,0.05610,0.16402,0.03046,0.03004,0.18,0.00000
6,12025,combined_fixture_stress_6_12025_free,combined_fixture_stress,bayesian_fixture_belief,free,unknown,free,direct_translate,0.24823,1,0.29280,1,0,0,0,0,0.79072,2.04951,0.61586,0.14756,0.55,0.24823,0.12289,0.15774,0.18507,0.13545,0.15062,0.18,0.00000
6,12025,combined_fixture_stress_6_12025_free,combined_fixture_stress,robust_impedance_planner,free,unknown,free,direct_translate,0.55534,1,0.35875,1,1,0,0,0,0.78412,2.05182,0.70939,0.08445,0.55,0.55534,0.04982,0.09481,0.13390,0.06796,0.09817,0.18,0.00000
6,12025,combined_fixture_stress_6_12025_free,combined_fixture_stress,adaptive_probe_then_act,free,unknown,free,direct_translate,0.59706,1,0.21223,1,1,0,0,0,0.79878,2.04669,0.74011,0.06754,0.55,0.59706,0.04304,0.07121,0.14628,0.05379,0.08863,0.18,0.00000
6,12025,combined_fixture_stress_6_12025_free,combined_fixture_stress,particle_filter_fixture,free,unknown,free,direct_translate,0.47985,1,0.28000,1,0,0,0,0,0.79200,2.04906,0.64410,0.12666,0.55,0.47985,0.06679,0.12053,0.18064,0.06344,0.08876,0.18,0.00000
6,12025,combined_fixture_stress_6_12025_free,combined_fixture_stress,latent_fixture_inference_v5,free,unknown,free,cautious_probe_pull,0.32364,1,0.18735,0,0,1,1,1,0.02757,3.00482,0.43911,0.19282,0.55,0.32364,0.10763,0.15293,0.20765,0.09677,0.11138,0.18,1.00000
7,12018,combined_fixture_stress_7_12018_clamp,combined_fixture_stress,prototype_system_id,clamp,unknown,clamp,release_clamp_pull,0.50023,1,0.25000,0,0,1,0,0,0.17500,2.21578,0.54433,0.29630,0.55,0.00448,0.50023,0.03896,0.03595,0.22262,0.19776,0.18,0.00000
7,12018,combined_fixture_stress_7_12018_clamp,combined_fixture_stress,calibrated_prototype_system_id,clamp,unknown,clamp,release_clamp_pull,0.52396,1,0.25500,1,1,0,0,0,0.79450,1.99896,0.57324,0.18212,0.55,0.02756,0.52396,0.04286,0.04121,0.19453,0.16988,0.18,0.00000
7,12018,combined_fixture_stress_7_12018_clamp,combined_fixture_stress,random_forest_probe_classifier,clamp,unknown,clamp,release_clamp_pull,0.70896,1,0.25328,1,1,0,0,0,0.79467,1.99890,0.61716,0.14657,0.55,0.00028,0.70896,0.00349,0.00439,0.18065,0.10223,0.18,0.00000
7,12018,combined_fixture_stress_7_12018_clamp,combined_fixture_stress,bayesian_fixture_belief,clamp,unknown,clamp,release_clamp_pull,0.25640,1,0.29280,1,1,0,0,0,0.79072,2.00028,0.50679,0.24325,0.55,0.10420,0.25640,0.11167,0.11202,0.23035,0.18536,0.18,0.00000
7,12018,combined_fixture_stress_7_12018_clamp,combined_fixture_stress,robust_impedance_planner,clamp,unknown,clamp,cautious_probe_pull,0.44559,1,0.35428,0,0,1,1,0,0.02006,2.96143,0.11119,0.01236,0.55,0.04069,0.44559,0.05781,0.05650,0.21697,0.18243,0.18,0.55000
7,12018,combined_fixture_stress_7_12018_clamp,combined_fixture_stress,adaptive_probe_then_act,clamp,unknown,clamp,release_clamp_pull,0.49327,1,0.22054,0,0,1,0,0,0.17795,2.21475,0.59359,0.35235,0.55,0.03585,0.49327,0.04531,0.04468,0.23660,0.14429,0.18,0.00000
7,12018,combined_fixture_stress_7_12018_clamp,combined_fixture_stress,particle_filter_fixture,clamp,unknown,clamp,release_clamp_pull,0.41968,1,0.28000,1,1,0,0,0,0.79200,1.99983,0.51415,0.23605,0.55,0.00178,0.41968,0.02260,0.02235,0.33257,0.20102,0.18,0.00000
7,12018,combined_fixture_stress_7_12018_clamp,combined_fixture_stress,latent_fixture_inference_v5,clamp,unknown,suction,cautious_probe_pull,0.34846,0,0.66000,0,0,1,1,1,0.00630,2.97213,0.02445,0.00060,0.55,0.03208,0.32697,0.04561,0.04655,0.34846,0.20032,0.18,1.00000
7,12019,combined_fixture_stress_7_12019_hinge,combined_fixture_stress,prototype_system_id,hinge,unknown,hinge,pivot_rotate,0.54287,1,0.25000,0,0,1,0,0,0.17500,2.02010,0.57805,0.33414,0.55,0.03967,0.03250,0.54287,0.20641,0.05259,0.12597,0.18,0.00000
7,12019,combined_fixture_stress_7_12019_hinge,combined_fixture_stress,calibrated_prototype_system_id,hinge,unknown,hinge,pivot_rotate,0.58273,1,0.25500,0,1,0,1,0,0.35752,2.50327,0.61062,0.15162,0.55,0.04330,0.03939,0.58273,0.17863,0.05094,0.10502,0.18,0.55000
7,12019,combined_fixture_stress_7_12019_hinge,combined_fixture_stress,random_forest_probe_classifier,hinge,unknown,hinge,pivot_rotate,0.68982,1,0.25481,1,1,0,0,0,0.79452,1.80327,0.64053,0.12922,0.55,0.00413,0.09738,0.68982,0.17536,0.02188,0.01142,0.18,0.00000
7,12019,combined_fixture_stress_7_12019_hinge,combined_fixture_stress,bayesian_fixture_belief,hinge,unknown,hinge,pivot_rotate,0.25301,1,0.29280,0,0,1,0,0,0.17072,2.02160,0.52991,0.28081,0.55,0.11864,0.13994,0.25301,0.21513,0.13216,0.14112,0.18,0.00000
7,12019,combined_fixture_stress_7_12019_hinge,combined_fixture_stress,robust_impedance_planner,hinge,unknown,hinge,pivot_rotate,0.48245,1,0.33649,1,1,0,0,0,0.78635,1.80613,0.60451,0.15641,0.55,0.06086,0.06555,0.48245,0.20023,0.07250,0.11842,0.18,0.00000
7,12019,combined_fixture_stress_7_12019_hinge,combined_fixture_stress,adaptive_probe_then_act,hinge,unknown,hinge,pivot_rotate,0.51870,1,0.21850,1,1,0,0,0,0.79815,1.80200,0.62500,0.14062,0.55,0.06434,0.05335,0.51870,0.22423,0.05593,0.08344,0.18,0.00000
7,12019,combined_fixture_stress_7_12019_hinge,combined_fixture_stress,particle_filter_fixture,hinge,unknown,hinge,pivot_rotate,0.42670,1,0.28000,1,1,0,0,0,0.79200,1.80415,0.54054,0.21110,0.55,0.02398,0.15656,0.42670,0.25062,0.05688,0.08525,0.18,0.00000
7,12019,combined_fixture_stress_7_12019_hinge,combined_fixture_stress,latent_fixture_inference_v5,hinge,unknown,hinge,cautious_probe_pull,0.31286,1,0.18810,0,0,1,0,1,0.02754,2.05993,0.08195,0.00672,0.55,0.04892,0.20447,0.31286,0.26003,0.08450,0.08922,0.18,0.45000
7,12020,combined_fixture_stress_7_12020_slot,combined_fixture_stress,prototype_system_id,slot,unknown,slot,follow_slot_axis,0.68153,1,0.25000,0,0,1,0,0,0.17500,2.16756,0.63111,0.39830,0.55,0.03181,0.02015,0.12844,0.68153,0.05987,0.07819,0.18,0.00000
7,12020,combined_fixture_stress_7_12020_slot,combined_fixture_stress,calibrated_prototype_system_id,slot,unknown,slot,follow_slot_axis,0.71242,1,0.25500,1,1,0,0,0,0.79450,1.95074,0.66331,0.11336,0.55,0.03791,0.03276,0.09976,0.71242,0.05292,0.06423,0.18,0.00000
7,12020,combined_fixture_stress_7_12020_slot,combined_fixture_stress,random_forest_probe_classifier,slot,unknown,slot,follow_slot_axis,0.68228,1,0.25542,0,0,1,0,0,0.17446,2.16775,0.66622,0.44385,0.55,0.00161,0.20335,0.05286,0.68228,0.01142,0.04849,0.18,0.00000
7,12020,combined_fixture_stress_7_12020_slot,combined_fixture_stress,bayesian_fixture_belief,slot,unknown,slot,follow_slot_axis,0.28591,1,0.29280,0,1,0,1,0,0.35582,2.65206,0.56009,0.19352,0.55,0.12705,0.15352,0.15317,0.28591,0.14174,0.13862,0.18,0.55000
7,12020,combined_fixture_stress_7_12020_slot,combined_fixture_stress,robust_impedance_planner,slot,unknown,slot,follow_slot_axis,0.58953,1,0.34989,1,1,0,0,0,0.78501,1.95406,0.64870,0.12341,0.55,0.05964,0.06484,0.12075,0.58953,0.07847,0.08677,0.18,0.00000
7,12020,combined_fixture_stress_7_12020_slot,combined_fixture_stress,adaptive_probe_then_act,slot,unknown,slot,follow_slot_axis,0.67088,1,0.20633,1,1,0,0,0,0.79937,1.94903,0.68633,0.09839,0.55,0.04830,0.05497,0.10163,0.67088,0.06009,0.06414,0.18,0.00000
7,12020,combined_fixture_stress_7_12020_slot,combined_fixture_stress,particle_filter_fixture,slot,unknown,slot,follow_slot_axis,0.50866,1,0.28000,0,1,0,1,0,0.35640,2.65161,0.58119,0.17540,0.55,0.01569,0.30503,0.08100,0.50866,0.04448,0.04515,0.18,0.55000
7,12020,combined_fixture_stress_7_12020_slot,combined_fixture_stress,latent_fixture_inference_v5,slot,unknown,clamp,cautious_probe_pull,0.37717,0,0.66000,0,0,1,1,1,0.00630,2.92391,0.16504,0.02724,0.55,0.04542,0.37717,0.08829,0.35347,0.07142,0.06424,0.18,1.00000
7,12021,combined_fixture_stress_7_12021_suction,combined_fixture_stress,prototype_system_id,suction,slot,suction,peel_then_translate,0.36726,1,0.25000,1,1,0,0,0,0.67500,1.95061,0.52900,0.22184,0.55,0.01879,0.20931,0.11102,0.11026,0.36726,0.18336,0.18,0.00000
7,12021,combined_fixture_stress_7_12021_suction,combined_fixture_stress,calibrated_prototype_system_id,suction,slot,suction,peel_then_translate,0.37864,1,0.25500,1,1,0,0,0,0.67450,1.95079,0.55459,0.19839,0.55,0.01749,0.18375,0.08460,0.17992,0.37864,0.15559,0.18,0.00000
7,12021,combined_fixture_stress_7_12021_suction,combined_fixture_stress,random_forest_probe_classifier,suction,slot,suction,peel_then_translate,0.61565,1,0.26075,0,0,1,1,0,0.02427,2.86799,0.60653,0.36788,0.55,0.00050,0.26415,0.00524,0.00779,0.61565,0.10667,0.18,0.55000
7,12021,combined_fixture_stress_7_12021_suction,combined_fixture_stress,bayesian_fixture_belief,suction,slot,suction,peel_then_translate,0.28875,1,0.29280,1,0,0,0,0,0.67072,1.95211,0.52060,0.22982,0.55,0.09780,0.16975,0.11477,0.18624,0.28875,0.14271,0.18,0.00000
7,12021,combined_fixture_stress_7_12021_suction,combined_fixture_stress,robust_impedance_planner,suction,slot,suction,cautious_probe_pull,0.36605,1,0.34608,0,0,1,1,1,0.02043,2.87097,0.15140,0.02292,0.55,0.04394,0.19343,0.10301,0.12967,0.36605,0.16390,0.18,1.00000
7,12021,combined_fixture_stress_7_12021_suction,combined_fixture_stress,adaptive_probe_then_act,suction,slot,suction,peel_then_translate,0.46223,1,0.22302,1,1,0,0,0,0.67770,1.94967,0.59544,0.16367,0.55,0.03635,0.21835,0.07248,0.09648,0.46223,0.11410,0.18,0.00000
7,12021,combined_fixture_stress_7_12021_suction,combined_fixture_stress,particle_filter_fixture,suction,slot,suction,peel_then_translate,0.51181,1,0.28000,0,1,0,0,1,0.30240,1.95166,0.53862,0.21287,0.55,0.00861,0.19738,0.06967,0.07291,0.51181,0.13962,0.18,0.45000
7,12021,combined_fixture_stress_7_12021_suction,combined_fixture_stress,latent_fixture_inference_v5,suction,slot,suction,peel_then_translate,0.49551,1,0.17531,0,0,1,0,0,0.06247,2.16500,0.62285,0.38794,0.55,0.03293,0.18423,0.06913,0.09448,0.49551,0.12372,0.18,0.00000
7,12022,combined_fixture_stress_7_12022_tether,combined_fixture_stress,prototype_system_id,tether,unknown,tether,unwind_tether,0.46958,1,0.25000,1,1,0,0,0,0.67500,1.95768,0.53039,0.22053,0.55,0.02498,0.07968,0.12277,0.10685,0.19613,0.46958,0.18,0.00000
7,12022,combined_fixture_stress_7_12022_tether,combined_fixture_stress,calibrated_prototype_system_id,tether,unknown,tether,unwind_tether,0.51369,1,0.25500,0,0,1,0,0,0.05450,2.17485,0.56270,0.31663,0.55,0.03618,0.07176,0.10720,0.09351,0.17765,0.51369,0.18,0.00000
7,12022,combined_fixture_stress_7_12022_tether,combined_fixture_stress,random_forest_probe_classifier,tether,unknown,tether,unwind_tether,0.61287,1,0.26097,0,0,1,0,0,0.05390,2.17506,0.58811,0.34587,0.55,0.04538,0.12933,0.01568,0.05208,0.14466,0.61287,0.18,0.00000
7,12022,combined_fixture_stress_7_12022_tether,combined_fixture_stress,bayesian_fixture_belief,tether,unknown,tether,unwind_tether,0.29355,1,0.29280,0,0,1,0,0,0.05072,2.17617,0.50543,0.25546,0.55,0.11099,0.16979,0.14156,0.13110,0.15301,0.29355,0.18,0.00000
7,12022,combined_fixture_stress_7_12022_tether,combined_fixture_stress,robust_impedance_planner,tether,unknown,tether,cautious_probe_pull,0.44778,1,0.34672,1,0,0,0,0,0.66533,1.96106,0.18927,0.65729,0.55,0.05150,0.10299,0.11904,0.10488,0.17381,0.44778,0.18,0.00000
7,12022,combined_fixture_stress_7_12022_tether,combined_fixture_stress,adaptive_probe_then_act,tether,unknown,tether,unwind_tether,0.55065,1,0.21595,0,0,1,0,0,0.05841,2.17348,0.59717,0.35661,0.55,0.04206,0.07815,0.08458,0.09130,0.15327,0.55065,0.18,0.00000
7,12022,combined_fixture_stress_7_12022_tether,combined_fixture_stress,particle_filter_fixture,tether,unknown,tether,unwind_tether,0.45587,1,0.28000,1,1,0,0,0,0.67200,1.95873,0.51189,0.23825,0.55,0.01349,0.23043,0.09126,0.07070,0.13825,0.45587,0.18,0.00000
7,12022,combined_fixture_stress_7_12022_tether,combined_fixture_stress,latent_fixture_inference_v5,tether,unknown,tether,cautious_probe_pull,0.38883,1,0.18278,1,1,0,0,0,0.68172,1.95532,0.21805,0.61145,0.55,0.04018,0.27660,0.09658,0.07735,0.12046,0.38883,0.18,0.00000
7,12023,combined_fixture_stress_7_12023_free,combined_fixture_stress,prototype_system_id,free,unknown,free,direct_translate,0.83225,1,0.25000,1,0,0,0,0,0.79500,1.97005,0.73660,0.06938,0.55,0.83225,0.00571,0.03908,0.06113,0.02050,0.04133,0.18,0.00000
7,12023,combined_fixture_stress_7_12023_free,combined_fixture_stress,calibrated_prototype_system_id,free,unknown,free,direct_translate,0.80977,1,0.25500,1,1,0,0,0,0.79450,1.97023,0.75871,0.05822,0.55,0.80977,0.02765,0.03961,0.05025,0.03211,0.04062,0.18,0.00000
7,12023,combined_fixture_stress_7_12023_free,combined_fixture_stress,random_forest_probe_classifier,free,unknown,free,direct_translate,0.76948,1,0.24844,1,1,0,0,0,0.79516,1.97000,0.76087,0.05718,0.55,0.76948,0.05038,0.03457,0.07520,0.03536,0.03501,0.18,0.00000
7,12023,combined_fixture_stress_7_12023_free,combined_fixture_stress,bayesian_fixture_belief,free,unknown,free,direct_translate,0.29588,1,0.29280,1,1,0,0,0,0.79072,1.97155,0.62627,0.13968,0.55,0.29588,0.12568,0.14132,0.16149,0.13329,0.14234,0.18,0.00000
7,12023,combined_fixture_stress_7_12023_free,combined_fixture_stress,robust_impedance_planner,free,unknown,free,direct_translate,0.67429,1,0.35166,1,1,0,0,0,0.78483,1.97361,0.73831,0.06848,0.55,0.67429,0.04903,0.06707,0.08447,0.05673,0.06841,0.18,0.00000
7,12023,combined_fixture_stress_7_12023_free,combined_fixture_stress,adaptive_probe_then_act,free,unknown,free,direct_translate,0.73478,1,0.20122,1,1,0,0,0,0.79988,1.96835,0.77534,0.05047,0.55,0.73478,0.04319,0.05392,0.06559,0.04780,0.05472,0.18,0.00000
7,12023,combined_fixture_stress_7_12023_free,combined_fixture_stress,particle_filter_fixture,free,unknown,free,direct_translate,0.59433,1,0.28000,0,0,1,0,0,0.17200,2.18810,0.66827,0.44658,0.55,0.59433,0.07529,0.06642,0.13664,0.05918,0.06814,0.18,0.00000
7,12023,combined_fixture_stress_7_12023_free,combined_fixture_stress,latent_fixture_inference_v5,free,unknown,free,cautious_probe_pull,0.39238,1,0.18253,0,1,0,0,1,0.30679,2.00969,0.45073,0.30169,0.55,0.39238,0.11953,0.10376,0.17963,0.09953,0.10518,0.18,0.45000
7,12024,combined_fixture_stress_7_12024_clamp,combined_fixture_stress,prototype_system_id,clamp,unknown,suction,peel_then_translate,0.37806,0,0.82000,0,0,1,1,1,0.00000,3.03435,0.01652,0.00027,0.55,0.00943,0.31770,0.06807,0.04507,0.37806,0.18167,0.18,1.00000
7,12024,combined_fixture_stress_7_12024_clamp,combined_fixture_stress,calibrated_prototype_system_id,clamp,unknown,suction,peel_then_translate,0.38702,0,0.74000,0,0,1,1,1,0.00270,3.03225,0.01657,0.00027,0.55,0.02922,0.31203,0.06279,0.04745,0.38702,0.16150,0.18,1.00000
7,12024,combined_fixture_stress_7_12024_clamp,combined_fixture_stress,random_forest_probe_classifier,clamp,unknown,suction,peel_then_translate,0.48308,0,0.80000,0,0,1,1,1,0.00000,3.03435,0.01711,0.00029,0.55,0.00020,0.42948,0.00323,0.00154,0.48308,0.08247,0.18,1.00000
7,12024,combined_fixture_stress_7_12024_clamp,combined_fixture_stress,bayesian_fixture_belief,clamp,unknown,suction,peel_then_translate,0.30826,0,0.79000,0,0,1,1,1,0.00045,3.03400,0.01613,0.00026,0.55,0.10338,0.19757,0.11410,0.10886,0.30826,0.16782,0.18,1.00000
7,12024,combined_fixture_stress_7_12024_clamp,combined_fixture_stress,robust_impedance_planner,clamp,unknown,suction,cautious_probe_pull,0.37280,0,0.86000,0,0,1,0,1,0.00000,2.33435,0.01649,0.00027,0.55,0.04209,0.28177,0.07480,0.06037,0.37280,0.16817,0.18,0.45000
7,12024,combined_fixture_stress_7_12024_clamp,combined_fixture_stress,adaptive_probe_then_act,clamp,unknown,suction,peel_then_translate,0.46542,0,0.70000,0,0,1,1,0,0.00450,3.03085,0.01701,0.00029,0.55,0.03632,0.24568,0.08808,0.04643,0.46542,0.11807,0.18,0.55000
7,12024,combined_fixture_stress_7_12024_clamp,combined_fixture_stress,particle_filter_fixture,clamp,unknown,suction,peel_then_translate,0.51058,0,0.78000,0,0,1,1,1,0.00090,3.03365,0.01726,0.00030,0.55,0.00371,0.25948,0.03897,0.02347,0.51058,0.16379,0.18,1.00000
7,12024,combined_fixture_stress_7_12024_clamp,combined_fixture_stress,latent_fixture_inference_v5,clamp,unknown,suction,peel_then_translate,0.49730,0,0.66000,0,0,1,1,0,0.00630,3.02945,0.01718,0.00030,0.55,0.03243,0.21414,0.05305,0.04324,0.49730,0.15984,0.18,0.55000
7,12025,combined_fixture_stress_7_12025_hinge,combined_fixture_stress,prototype_system_id,hinge,unknown,hinge,pivot_rotate,0.66626,1,0.25000,0,0,1,0,0,0.17500,2.13134,0.60095,0.36115,0.55,0.07065,0.03080,0.66626,0.07506,0.04290,0.11433,0.18,0.00000
7,12025,combined_fixture_stress_7_12025_hinge,combined_fixture_stress,calibrated_prototype_system_id,hinge,unknown,hinge,pivot_rotate,0.70510,1,0.25500,1,1,0,0,0,0.79450,1.91451,0.63431,0.13373,0.55,0.06010,0.03764,0.70510,0.06293,0.04379,0.09044,0.18,0.00000
7,12025,combined_fixture_stress_7_12025_hinge,combined_fixture_stress,random_forest_probe_classifier,hinge,unknown,hinge,pivot_rotate,0.79250,1,0.24660,1,1,0,0,0,0.79534,1.91422,0.66302,0.11355,0.55,0.00472,0.13895,0.79250,0.02034,0.02883,0.01466,0.18,0.00000
7,12025,combined_fixture_stress_7_12025_hinge,combined_fixture_stress,bayesian_fixture_belief,hinge,unknown,hinge,pivot_rotate,0.30515,1,0.29280,0,0,1,0,0,0.17072,2.13283,0.53970,0.29127,0.55,0.12709,0.14674,0.30515,0.14079,0.13471,0.14552,0.18,0.00000
7,12025,combined_fixture_stress_7_12025_hinge,combined_fixture_stress,robust_impedance_planner,hinge,unknown,hinge,pivot_rotate,0.58993,1,0.34660,1,1,0,0,0,0.78534,1.91772,0.62310,0.14206,0.55,0.07882,0.06682,0.58993,0.08637,0.06778,0.11027,0.18,0.00000
7,12025,combined_fixture_stress_7_12025_hinge,combined_fixture_stress,adaptive_probe_then_act,hinge,unknown,hinge,pivot_rotate,0.64118,1,0.20871,1,1,0,0,0,0.79913,1.91289,0.65242,0.12081,0.55,0.05835,0.05487,0.64118,0.08076,0.05356,0.11127,0.18,0.00000
7,12025,combined_fixture_stress_7_12025_hinge,combined_fixture_stress,particle_filter_fixture,hinge,unknown,hinge,pivot_rotate,0.53483,1,0.28000,0,0,1,0,0,0.17200,2.13239,0.56003,0.31364,0.55,0.04090,0.21605,0.53483,0.06621,0.06118,0.08083,0.18,0.00000
7,12025,combined_fixture_stress_7_12025_hinge,combined_fixture_stress,latent_fixture_inference_v5,hinge,unknown,hinge,cautious_probe_pull,0.39374,1,0.18244,0,0,1,1,0,0.02779,2.87097,0.08566,0.00734,0.55,0.05882,0.27307,0.39374,0.08920,0.09395,0.09123,0.18,0.55000
0,12025,combined_fixture_stress_0_12025_free,combined_fixture_stress,prototype_system_id,free,free,free,direct_translate,0.84765,1,0.25000,1,1,0,0,0,0.79500,1.80937,0.73993,0.06764,0.55,0.84765,0.00632,0.05743,0.03058,0.01409,0.04393,0.25,0.00000
0,12025,combined_fixture_stress_0_12025_free,combined_fixture_stress,calibrated_prototype_system_id,free,free,free,direct_translate,0.89689,1,0.25500,0,0,1,1,0,0.07852,2.72654,0.77826,0.60569,0.55,0.89689,0.01177,0.03202,0.01983,0.01391,0.02557,0.25,0.55000
0,12025,combined_fixture_stress_0_12025_free,combined_fixture_stress,random_forest_probe_classifier,free,free,free,direct_translate,0.78934,1,0.24685,1,1,0,0,0,0.79531,1.80926,0.76584,0.05483,0.55,0.78934,0.04456,0.05894,0.04119,0.03371,0.03226,0.25,0.00000
0,12025,combined_fixture_stress_0_12025_free,combined_fixture_stress,bayesian_fixture_belief,free,free,free,direct_translate,0.37999,1,0.29280,0,0,1,0,0,0.17072,2.02787,0.64464,0.41556,0.55,0.37999,0.11261,0.13922,0.12457,0.11611,0.12751,0.25,0.00000
0,12025,combined_fixture_stress_0_12025_free,combined_fixture_stress,robust_impedance_planner,free,free,free,direct_translate,0.71292,1,0.33706,1,1,0,0,0,0.78629,1.81241,0.75113,0.06194,0.55,0.71292,0.04422,0.07408,0.05714,0.04792,0.06372,0.25,0.00000
0,12025,combined_fixture_stress_0_12025_free,combined_fixture_stress,adaptive_probe_then_act,free,free,free,direct_translate,0.76660,1,0.19867,1,1,0,0,0,0.80013,1.80757,0.78351,0.04687,0.55,0.76660,0.03880,0.05701,0.04652,0.04096,0.05011,0.25,0.00000
0,12025,combined_fixture_stress_0_12025_free,combined_fixture_stress,particle_filter_fixture,free,free,free,direct_translate,0.63086,1,0.28000,1,1,0,0,0,0.79200,1.81042,0.67598,0.10499,0.55,0.63086,0.06698,0.11082,0.07206,0.05406,0.06522,0.25,0.00000
0,12025,combined_fixture_stress_0_12025_free,combined_fixture_stress,latent_fixture_inference_v5,free,free,free,direct_translate,0.45256,1,0.17832,1,1,0,0,0,0.80217,1.80686,0.72344,0.07649,0.55,0.45256,0.10625,0.14585,0.10790,0.09075,0.09669,0.25,0.00000
0,12026,combined_fixture_stress_0_12026_clamp,combined_fixture_stress,prototype_system_id,clamp,clamp,clamp,release_clamp_pull,0.48148,1,0.25000,0,0,1,0,0,0.17500,2.10287,0.54101,0.29269,0.55,0.00325,0.48148,0.06324,0.02604,0.24165,0.18434,0.25,0.00000
0,12026,combined_fixture_stress_0_12026_clamp,combined_fixture_stress,calibrated_prototype_system_id,clamp,clamp,clamp,release_clamp_pull,0.58412,1,0.25500,1,0,0,0,0,0.79450,1.88604,0.58438,0.17274,0.55,0.01125,0.58412,0.04202,0.02020,0.20003,0.14237,0.25,0.00000
0,12026,combined_fixture_stress_0_12026_clamp,combined_fixture_stress,random_forest_probe_classifier,clamp,clamp,clamp,release_clamp_pull,0.71508,1,0.25279,0,0,1,0,0,0.17472,2.10297,0.61845,0.38248,0.55,0.00027,0.71508,0.00498,0.00356,0.24268,0.03344,0.25,0.00000
0,12026,combined_fixture_stress_0_12026_clamp,combined_fixture_stress,bayesian_fixture_belief,clamp,clamp,clamp,release_clamp_pull,0.31004,1,0.29280,0,0,1,0,0,0.17072,2.10437,0.51641,0.26668,0.55,0.09685,0.31004,0.10866,0.10216,0.22850,0.15378,0.25,0.00000
0,12026,combined_fixture_stress_0_12026_clamp,combined_fixture_stress,robust_impedance_planner,clamp,clamp,clamp,cautious_probe_pull,0.45222,1,0.34401,0,0,1,1,0,0.02052,2.84816,0.11404,0.01300,0.55,0.03755,0.45222,0.06927,0.04828,0.23082,0.16187,0.25,0.55000
0,12026,combined_fixture_stress_0_12026_clamp,combined_fixture_stress,adaptive_probe_then_act,clamp,clamp,clamp,release_clamp_pull,0.46960,1,0.22243,1,1,0,0,0,0.79776,1.88490,0.58852,0.16931,0.55,0.03321,0.46960,0.06761,0.03907,0.22923,0.16128,0.25,0.00000
0,12026,combined_fixture_stress_0_12026_clamp,combined_fixture_stress,particle_filter_fixture,clamp,clamp,clamp,release_clamp_pull,0.41542,1,0.28000,1,1,0,0,0,0.79200,1.88692,0.51341,0.23677,0.55,0.00133,0.41542,0.03813,0.01621,0.37341,0.15552,0.25,0.00000
0,12026,combined_fixture_stress_0_12026_clamp,combined_fixture_stress,latent_fixture_inference_v5,clamp,clamp,suction,cautious_probe_pull,0.38452,0,0.66000,0,0,1,0,0,0.01400,2.15922,0.02475,0.00061,0.55,0.02972,0.34664,0.05266,0.04032,0.38452,0.14615,0.25,0.00000
0,12027,combined_fixture_stress_0_12027_hinge,combined_fixture_stress,prototype_system_id,hinge,free,hinge,pivot_rotate,0.63851,1,0.25000,1,1,0,0,0,0.79500,1.87499,0.59580,0.16337,0.55,0.04201,0.02687,0.63851,0.14967,0.05145,0.09149,0.25,0.00000
0,12027,combined_fixture_stress_0_12027_hinge,combined_fixture_stress,calibrated_prototype_system_id,hinge,free,hinge,pivot_rotate,0.66134,1,0.25500,1,1,0,0,0,0.79450,1.87517,0.62584,0.14000,0.55,0.12357,0.01995,0.66134,0.10361,0.03285,0.05869,0.25,0.00000
0,12027,combined_fixture_stress_0_12027_hinge,combined_fixture_stress,random_forest_probe_classifier,hinge,free,hinge,pivot_rotate,0.52718,1,0.26783,0,0,1,0,0,0.17322,2.09261,0.60520,0.36627,0.55,0.00768,0.12083,0.52718,0.30840,0.02408,0.01183,0.25,0.00000
0,12027,combined_fixture_stress_0_12027_hinge,combined_fixture_stress,bayesian_fixture_belief,hinge,free,hinge,pivot_rotate,0.26882,1,0.29280,0,0,1,0,0,0.17072,2.09349,0.53288,0.28396,0.55,0.18746,0.12987,0.26882,0.16287,0.12436,0.12662,0.25,0.00000
0,12027,combined_fixture_stress_0_12027_hinge,combined_fixture_stress,robust_impedance_planner,hinge,free,hinge,pivot_rotate,0.55615,1,0.34302,1,1,0,0,0,0.78570,1.87825,0.61738,0.14640,0.55,0.08755,0.05880,0.55615,0.13898,0.06816,0.09036,0.25,0.00000
0,12027,combined_fixture_stress_0_12027_hinge,combined_fixture_stress,adaptive_probe_then_act,hinge,free,hinge,pivot_rotate,0.59981,1,0.21202,1,1,0,0,0,0.79880,1.87366,0.64314,0.12735,0.55,0.07140,0.04837,0.59981,0.14683,0.05234,0.08126,0.25,0.00000
0,12027,combined_fixture_stress_0_12027_hinge,combined_fixture_stress,particle_filter_fixture,hinge,free,hinge,pivot_rotate,0.50923,1,0.28000,0,0,1,0,0,0.17200,2.09304,0.55542,0.30849,0.55,0.02993,0.18772,0.50923,0.15081,0.05886,0.06344,0.25,0.00000
0,12027,combined_fixture_stress_0_12027_hinge,combined_fixture_stress,latent_fixture_inference_v5,hinge,free,hinge,cautious_probe_pull,0.36690,1,0.18432,0,0,0,1,0,0.30671,2.61469,0.08442,0.83829,0.55,0.07550,0.23804,0.36690,0.15913,0.08507,0.07535,0.25,0.55000
0,12028,combined_fixture_stress_0_12028_slot,combined_fixture_stress,prototype_system_id,slot,unknown,slot,follow_slot_axis,0.61876,1,0.25000,1,1,0,0,0,0.79500,1.89651,0.61894,0.14521,0.55,0.02382,0.03186,0.17739,0.61876,0.05278,0.09540,0.25,0.00000
0,12028,combined_fixture_stress_0_12028_slot,combined_fixture_stress,calibrated_prototype_system_id,slot,unknown,slot,follow_slot_axis,0.65508,1,0.25500,0,0,1,0,0,0.17450,2.11369,0.65173,0.42475,0.55,0.03462,0.03842,0.14426,0.65508,0.04979,0.07783,0.25,0.00000
0,12028,combined_fixture_stress_0_12028_slot,combined_fixture_stress,random_forest_probe_classifier,slot,unknown,slot,follow_slot_axis,0.72219,1,0.25222,1,1,0,0,0,0.79478,1.89659,0.67528,0.10545,0.55,0.00135,0.20322,0.05889,0.72219,0.00968,0.00467,0.25,0.00000
0,12028,combined_fixture_stress_0_12028_slot,combined_fixture_stress,bayesian_fixture_belief,slot,unknown,slot,follow_slot_axis,0.26583,1,0.29280,0,0,1,0,0,0.17072,2.11501,0.55615,0.30930,0.55,0.12424,0.16419,0.16912,0.26583,0.13737,0.13926,0.25,0.00000
0,12028,combined_fixture_stress_0_12028_slot,combined_fixture_stress,robust_impedance_planner,slot,unknown,slot,follow_slot_axis,0.53961,1,0.34498,1,1,0,0,0,0.78550,1.89984,0.63974,0.12979,0.55,0.05540,0.07407,0.15952,0.53961,0.07385,0.09755,0.25,0.00000
0,12028,combined_fixture_stress_0_12028_slot,combined_fixture_stress,adaptive_probe_then_act,slot,unknown,slot,follow_slot_axis,0.65458,1,0.20763,1,1,0,0,0,0.79924,1.89503,0.68253,0.10079,0.55,0.04586,0.06115,0.11071,0.65458,0.05718,0.07051,0.25,0.00000
0,12028,combined_fixture_stress_0_12028_slot,combined_fixture_stress,particle_filter_fixture,slot,unknown,slot,follow_slot_axis,0.46162,1,0.28000,1,1,0,0,0,0.79200,1.89756,0.57231,0.18292,0.55,0.01165,0.31060,0.12214,0.46162,0.03858,0.05540,0.25,0.00000
0,12028,combined_fixture_stress_0_12028_slot,combined_fixture_stress,latent_fixture_inference_v5,slot,unknown,clamp,cautious_probe_pull,0.38238,0,0.66000,0,0,1,0,1,0.00630,2.16986,0.16533,0.02733,0.55,0.04280,0.38238,0.11764,0.32248,0.06603,0.06866,0.25,0.45000
0,12029,combined_fixture_stress_0_12029_suction,combined_fixture_stress,prototype_system_id,suction,suction,suction,peel_then_translate,0.43841,1,0.25000,1,1,0,0,0,0.67500,1.89418,0.54181,0.20994,0.55,0.01630,0.19347,0.06809,0.17605,0.43841,0.10768,0.25,0.00000
0,12029,combined_fixture_stress_0_12029_suction,combined_fixture_stress,calibrated_prototype_system_id,suction,suction,suction,peel_then_translate,0.55485,1,0.25500,0,0,1,0,0,0.05450,2.11136,0.58772,0.34541,0.55,0.01608,0.16025,0.04752,0.14247,0.55485,0.07883,0.25,0.00000
0,12029,combined_fixture_stress_0_12029_suction,combined_fixture_stress,random_forest_probe_classifier,suction,suction,suction,peel_then_translate,0.84632,1,0.24229,1,1,0,0,0,0.67577,1.89391,0.65573,0.11852,0.55,0.00023,0.09861,0.04487,0.00496,0.84632,0.00500,0.25,0.00000
0,12029,combined_fixture_stress_0_12029_suction,combined_fixture_stress,bayesian_fixture_belief,suction,suction,suction,peel_then_translate,0.41598,1,0.29280,1,1,0,0,0,0.67072,1.89568,0.54376,0.20816,0.55,0.09951,0.13775,0.10595,0.12410,0.41598,0.11671,0.25,0.00000
0,12029,combined_fixture_stress_0_12029_suction,combined_fixture_stress,robust_impedance_planner,suction,suction,suction,cautious_probe_pull,0.46866,1,0.34095,1,0,0,0,0,0.66591,1.89737,0.15800,0.70896,0.55,0.04337,0.16663,0.07215,0.14899,0.46866,0.10019,0.25,0.00000
0,12029,combined_fixture_stress_0_12029_suction,combined_fixture_stress,adaptive_probe_then_act,suction,suction,suction,peel_then_translate,0.50885,1,0.21929,0,0,1,0,0,0.05807,2.11011,0.60556,0.36670,0.55,0.03630,0.19685,0.06918,0.11830,0.50885,0.07053,0.25,0.00000
0,12029,combined_fixture_stress_0_12029_suction,combined_fixture_stress,particle_filter_fixture,suction,suction,suction,peel_then_translate,0.64600,1,0.28000,1,1,0,0,0,0.67200,1.89523,0.56206,0.19179,0.55,0.00689,0.13302,0.03659,0.11131,0.64600,0.06619,0.25,0.00000
0,12029,combined_fixture_stress_0_12029_suction,combined_fixture_stress,latent_fixture_inference_v5,suction,suction,suction,peel_then_translate,0.65019,1,0.16449,1,1,0,0,0,0.68355,1.89119,0.65719,0.11752,0.55,0.03248,0.11119,0.04779,0.09069,0.65019,0.06765,0.25,0.00000
0,12030,combined_fixture_stress_0_12030_tether,combined_fixture_stress,prototype_system_id,tether,unknown,tether,unwind_tether,0.58979,1,0.25000,0,0,1,0,0,0.05500,2.23748,0.55135,0.30399,0.55,0.01196,0.14333,0.13536,0.04446,0.07511,0.58979,0.25,0.00000
0,12030,combined_fixture_stress_0_12030_tether,combined_fixture_stress,calibrated_prototype_system_id,tether,unknown,tether,unwind_tether,0.63173,1,0.25500,0,1,0,0,1,0.30352,2.02066,0.58423,0.17286,0.55,0.02991,0.11738,0.11067,0.04553,0.06479,0.63173,0.25,0.45000
0,12030,combined_fixture_stress_0_12030_tether,combined_fixture_stress,random_forest_probe_classifier,tether,unknown,tether,unwind_tether,0.82723,1,0.24382,1,1,0,0,0,0.67562,2.02027,0.63260,0.13499,0.55,0.00174,0.13151,0.01436,0.01196,0.01320,0.82723,0.25,0.00000
0,12030,combined_fixture_stress_0_12030_tether,combined_fixture_stress,bayesian_fixture_belief,tether,unknown,tether,unwind_tether,0.31109,1,0.29280,1,1,0,0,0,0.67072,2.02198,0.50852,0.24155,0.55,0.10710,0.19640,0.13928,0.11935,0.12679,0.31109,0.25,0.00000
0,12030,combined_fixture_stress_0_12030_tether,combined_fixture_stress,robust_impedance_planner,tether,unknown,tether,unwind_tether,0.53871,1,0.35243,1,1,0,0,0,0.66476,2.02407,0.57664,0.17923,0.55,0.04428,0.14925,0.12251,0.06320,0.08205,0.53871,0.25,0.00000
0,12030,combined_fixture_stress_0_12030_tether,combined_fixture_stress,adaptive_probe_then_act,tether,unknown,tether,unwind_tether,0.64294,1,0.20856,1,1,0,0,0,0.67914,2.01903,0.61681,0.14683,0.55,0.03790,0.10783,0.10184,0.04913,0.06037,0.64294,0.25,0.00000
0,12030,combined_fixture_stress_0_12030_tether,combined_fixture_stress,particle_filter_fixture,tether,unknown,tether,unwind_tether,0.53322,1,0.28000,0,1,0,0,1,0.30240,2.02153,0.52497,0.22565,0.55,0.00692,0.27094,0.09468,0.03773,0.05652,0.53322,0.25,0.45000
0,12030,combined_fixture_stress_0_12030_tether,combined_fixture_stress,latent_fixture_inference_v5,tether,unknown,tether,unwind_tether,0.42734,1,0.18009,1,1,0,0,0,0.68199,2.01804,0.59101,0.16727,0.55,0.03634,0.30417,0.09553,0.06266,0.07396,0.42734,0.25,0.00000
0,12031,combined_fixture_stress_0_12031_free,combined_fixture_stress,prototype_system_id,free,suction,free,direct_translate,0.69246,1,0.25000,0,1,0,1,0,0.35775,2.68860,0.70635,0.08623,0.55,0.69246,0.01245,0.11046,0.07328,0.02766,0.08369,0.25,0.55000
0,12031,combined_fixture_stress_0_12031_free,combined_fixture_stress,calibrated_prototype_system_id,free,suction,free,direct_translate,0.70432,1,0.25500,0,0,1,0,0,0.17450,2.20577,0.73505,0.54030,0.55,0.70432,0.01383,0.06979,0.04476,0.11589,0.05141,0.25,0.00000
0,12031,combined_fixture_stress_0_12031_free,combined_fixture_stress,random_forest_probe_classifier,free,suction,free,direct_translate,0.72003,1,0.25240,1,1,0,0,0,0.79476,1.98868,0.74851,0.06325,0.55,0.72003,0.04736,0.08087,0.06099,0.06108,0.02968,0.25,0.00000
0,12031,combined_fixture_stress_0_12031_free,combined_fixture_stress,bayesian_fixture_belief,free,suction,free,direct_translate,0.23941,1,0.29280,1,1,0,0,0,0.79072,1.99009,0.61393,0.14905,0.55,0.23941,0.11744,0.15148,0.14809,0.20339,0.14019,0.25,0.00000
0,12031,combined_fixture_stress_0_12031_free,combined_fixture_stress,robust_impedance_planner,free,suction,free,direct_translate,0.57810,1,0.35335,1,1,0,0,0,0.78467,1.99221,0.71598,0.08067,0.55,0.57810,0.04821,0.10924,0.08757,0.08680,0.09008,0.25,0.00000
0,12031,combined_fixture_stress_0_12031_free,combined_fixture_stress,adaptive_probe_then_act,free,suction,free,direct_translate,0.64218,1,0.20863,0,0,1,0,0,0.17914,2.20415,0.75162,0.56494,0.55,0.64218,0.04138,0.07826,0.08226,0.07334,0.08258,0.25,0.00000
0,12031,combined_fixture_stress_0_12031_free,combined_fixture_stress,particle_filter_fixture,free,suction,free,direct_translate,0.50666,1,0.28000,1,1,0,0,0,0.79200,1.98965,0.64976,0.12267,0.55,0.50666,0.07365,0.11087,0.12411,0.10054,0.08417,0.25,0.00000
0,12031,combined_fixture_stress_0_12031_free,combined_fixture_stress,latent_fixture_inference_v5,free,suction,free,cautious_probe_pull,0.33298,1,0.18669,0,0,1,1,1,0.02760,2.94538,0.44069,0.19420,0.55,0.33298,0.11313,0.12817,0.15633,0.16359,0.10580,0.25,1.00000
0,12032,combined_fixture_stress_0_12032_clamp,combined_fixture_stress,prototype_system_id,clamp,unknown,clamp,release_clamp_pull,0.47192,1,0.25000,0,1,0,1,0,0.35775,2.59566,0.53932,0.21223,0.55,0.00759,0.47192,0.05286,0.03413,0.23074,0.20276,0.25,0.55000
0,12032,combined_fixture_stress_0_12032_clamp,combined_fixture_stress,calibrated_prototype_system_id,clamp,unknown,clamp,release_clamp_pull,0.49557,1,0.25500,1,1,0,0,0,0.79450,1.89584,0.56798,0.18664,0.55,0.02851,0.49557,0.05154,0.04050,0.20623,0.17765,0.25,0.00000
0,12032,combined_fixture_stress_0_12032_clamp,combined_fixture_stress,random_forest_probe_classifier,clamp,unknown,clamp,release_clamp_pull,0.59682,1,0.26225,0,0,1,0,0,0.17377,2.11309,0.59367,0.35245,0.55,0.00022,0.59682,0.00360,0.00178,0.32085,0.07674,0.25,0.00000
0,12032,combined_fixture_stress_0_12032_clamp,combined_fixture_stress,bayesian_fixture_belief,clamp,unknown,suction,peel_then_translate,0.26171,0,0.79000,0,0,1,1,1,0.00045,2.87356,0.01587,0.00025,0.55,0.10768,0.22572,0.11738,0.11263,0.26171,0.17488,0.25,1.00000
0,12032,combined_fixture_stress_0_12032_clamp,combined_fixture_stress,robust_impedance_planner,clamp,unknown,clamp,cautious_probe_pull,0.41402,1,0.34490,0,0,1,0,1,0.02048,2.15798,0.11237,0.01263,0.55,0.04303,0.41402,0.06721,0.05604,0.23635,0.18335,0.25,0.45000
0,12032,combined_fixture_stress_0_12032_clamp,combined_fixture_stress,adaptive_probe_then_act,clamp,unknown,clamp,release_clamp_pull,0.47000,1,0.22240,0,0,1,0,0,0.17776,2.11169,0.58861,0.34646,0.55,0.03746,0.47000,0.05118,0.04457,0.23609,0.16071,0.25,0.00000
0,12032,combined_fixture_stress_0_12032_clamp,combined_fixture_stress,particle_filter_fixture,clamp,unknown,suction,peel_then_translate,0.41706,0,0.78000,0,0,1,1,1,0.00090,2.87321,0.01674,0.00028,0.55,0.00292,0.36370,0.03042,0.01774,0.41706,0.16816,0.25,1.00000
0,12032,combined_fixture_stress_0_12032_clamp,combined_fixture_stress,latent_fixture_inference_v5,clamp,unknown,suction,peel_then_translate,0.44725,0,0.66000,0,0,1,1,1,0.00630,2.86901,0.01690,0.00029,0.55,0.03345,0.26810,0.05068,0.04222,0.44725,0.15830,0.25,1.00000
1,12025,combined_fixture_stress_1_12025_hinge,combined_fixture_stress,prototype_system_id,hinge,unknown,hinge,pivot_rotate,0.48284,1,0.25000,0,0,1,0,0,0.17500,2.15514,0.56691,0.32139,0.55,0.10904,0.05545,0.48284,0.13584,0.07576,0.14106,0.25,0.00000
1,12025,combined_fixture_stress_1_12025_hinge,combined_fixture_stress,calibrated_prototype_system_id,hinge,unknown,hinge,pivot_rotate,0.53623,1,0.25500,1,1,0,0,0,0.79450,1.93831,0.60162,0.15871,0.55,0.09590,0.05462,0.53623,0.11964,0.06914,0.12447,0.25,0.00000
1,12025,combined_fixture_stress_1_12025_hinge,combined_fixture_stress,random_forest_probe_classifier,hinge,unknown,hinge,pivot_rotate,0.52773,1,0.26778,0,0,1,0,1,0.07795,2.15576,0.60532,0.36641,0.55,0.00501,0.14106,0.52773,0.10331,0.02597,0.19693,0.25,0.45000
1,12025,combined_fixture_stress_1_12025_hinge,combined_fixture_stress,bayesian_fixture_belief,hinge,unknown,hinge,pivot_rotate,0.26135,1,0.29280,1,1,0,0,0,0.79072,1.93963,0.53148,0.21951,0.55,0.12996,0.16209,0.26135,0.14892,0.14145,0.15624,0.25,0.00000
1,12025,combined_fixture_stress_1_12025_hinge,combined_fixture_stress,robust_impedance_planner,hinge,unknown,hinge,cautious_probe_pull,0.44926,1,0.34876,0,0,1,1,1,0.02030,2.90059,0.05351,0.00286,0.55,0.10616,0.08644,0.44926,0.13086,0.09013,0.13715,0.25,1.00000
1,12025,combined_fixture_stress_1_12025_hinge,combined_fixture_stress,adaptive_probe_then_act,hinge,unknown,hinge,pivot_rotate,0.46758,1,0.22259,1,1,0,0,0,0.79774,1.93718,0.61362,0.14929,0.55,0.14138,0.06777,0.46758,0.14210,0.06733,0.11384,0.25,0.00000
1,12025,combined_fixture_stress_1_12025_hinge,combined_fixture_stress,particle_filter_fixture,hinge,unknown,hinge,pivot_rotate,0.40713,1,0.28000,0,1,0,0,1,0.35640,1.93919,0.53701,0.21436,0.55,0.06717,0.23348,0.40713,0.10098,0.07718,0.11406,0.25,0.45000
1,12025,combined_fixture_stress_1_12025_hinge,combined_fixture_stress,latent_fixture_inference_v5,hinge,unknown,hinge,cautious_probe_pull,0.31843,1,0.18771,0,1,0,1,0,0.30655,2.67796,0.08220,0.84236,0.55,0.07206,0.28717,0.31843,0.10385,0.10020,0.11829,0.25,0.55000
1,12026,combined_fixture_stress_1_12026_slot,combined_fixture_stress,prototype_system_id,slot,tether,slot,follow_slot_axis,0.47581,1,0.25000,0,0,1,0,0,0.17500,2.14246,0.59120,0.34952,0.55,0.04336,0.03813,0.23418,0.47581,0.09167,0.11685,0.25,0.00000
1,12026,combined_fixture_stress_1_12026_slot,combined_fixture_stress,calibrated_prototype_system_id,slot,tether,slot,follow_slot_axis,0.49840,1,0.25500,0,0,1,1,0,0.07852,2.84264,0.62008,0.38450,0.55,0.03028,0.02718,0.19910,0.49840,0.06422,0.18082,0.25,0.55000
1,12026,combined_fixture_stress_1_12026_slot,combined_fixture_stress,random_forest_probe_classifier,slot,tether,hinge,pivot_rotate,0.36184,0,0.80000,0,0,1,1,0,0.05400,2.86171,0.01643,0.00027,0.55,0.00129,0.21933,0.36184,0.35633,0.00886,0.05235,0.25,0.55000
1,12026,combined_fixture_stress_1_12026_slot,combined_fixture_stress,bayesian_fixture_belief,slot,tether,tether,unwind_tether,0.22271,0,0.79000,0,0,1,1,1,0.00045,2.90336,0.01565,0.00024,0.55,0.11983,0.16410,0.16906,0.18666,0.13762,0.22271,0.25,1.00000
1,12026,combined_fixture_stress_1_12026_slot,combined_fixture_stress,robust_impedance_planner,slot,tether,slot,cautious_probe_pull,0.40916,1,0.34761,0,1,0,1,0,0.29936,2.67088,0.25339,0.55743,0.55,0.06364,0.07783,0.20645,0.40916,0.09749,0.14543,0.25,0.55000
1,12026,combined_fixture_stress_1_12026_slot,combined_fixture_stress,adaptive_probe_then_act,slot,tether,slot,follow_slot_axis,0.46523,1,0.22278,1,1,0,0,0,0.79772,1.92451,0.63861,0.13061,0.55,0.04963,0.06328,0.22507,0.46523,0.08750,0.10928,0.25,0.00000
1,12026,combined_fixture_stress_1_12026_slot,combined_fixture_stress,particle_filter_fixture,slot,tether,clamp,release_clamp_pull,0.33803,0,0.78000,0,0,1,1,1,0.05490,2.86101,0.01629,0.00027,0.55,0.02218,0.33803,0.16347,0.33799,0.06132,0.07700,0.25,1.00000
1,12026,combined_fixture_stress_1_12026_slot,combined_fixture_stress,latent_fixture_inference_v5,slot,tether,clamp,cautious_probe_pull,0.41007,0,0.66000,0,0,1,1,1,0.00630,2.89881,0.16688,0.02785,0.55,0.04573,0.41007,0.13675,0.22429,0.07533,0.10783,0.25,1.00000
1,12027,combined_fixture_stress_1_12027_suction,combined_fixture_stress,prototype_system_id,suction,tether,suction,peel_then_translate,0.46818,1,0.25000,0,0,1,0,0,0.05500,2.10652,0.54717,0.29939,0.55,0.05177,0.15204,0.06689,0.12595,0.46818,0.13516,0.25,0.00000
1,12027,combined_fixture_stress_1_12027_suction,combined_fixture_stress,calibrated_prototype_system_id,suction,tether,suction,peel_then_translate,0.50260,1,0.25500,0,1,0,0,1,0.30352,1.88970,0.57789,0.17817,0.55,0.03632,0.11948,0.04683,0.09519,0.50260,0.19959,0.25,0.45000
1,12027,combined_fixture_stress_1_12027_suction,combined_fixture_stress,random_forest_probe_classifier,suction,tether,suction,peel_then_translate,0.79169,1,0.24666,0,1,0,1,1,0.30390,2.58941,0.64401,0.12673,0.55,0.00030,0.14607,0.00326,0.00192,0.79169,0.05675,0.25,1.00000
1,12027,combined_fixture_stress_1_12027_suction,combined_fixture_stress,bayesian_fixture_belief,suction,tether,suction,peel_then_translate,0.34867,1,0.29280,1,1,0,0,0,0.67072,1.89102,0.53151,0.21949,0.55,0.10019,0.13443,0.10796,0.11054,0.34867,0.19821,0.25,0.00000
1,12027,combined_fixture_stress_1_12027_suction,combined_fixture_stress,robust_impedance_planner,suction,tether,suction,cautious_probe_pull,0.47066,1,0.34052,0,0,1,1,0,0.02068,2.80969,0.15821,0.02503,0.55,0.06100,0.13662,0.07238,0.10995,0.47066,0.14940,0.25,0.55000
1,12027,combined_fixture_stress_1_12027_suction,combined_fixture_stress,adaptive_probe_then_act,suction,tether,suction,peel_then_translate,0.57161,1,0.21427,1,0,0,0,0,0.67857,1.88827,0.61922,0.14499,0.55,0.04568,0.11141,0.05308,0.07583,0.57161,0.14237,0.25,0.00000
1,12027,combined_fixture_stress_1_12027_suction,combined_fixture_stress,particle_filter_fixture,suction,tether,suction,peel_then_translate,0.65469,1,0.28000,1,1,0,0,0,0.67200,1.89057,0.56358,0.19046,0.55,0.02572,0.11085,0.03880,0.07367,0.65469,0.09626,0.25,0.00000
1,12027,combined_fixture_stress_1_12027_suction,combined_fixture_stress,latent_fixture_inference_v5,suction,tether,suction,peel_then_translate,0.62500,1,0.16625,1,1,0,0,0,0.68337,1.88659,0.65158,0.12140,0.55,0.04038,0.10344,0.05124,0.06629,0.62500,0.11365,0.25,0.00000
1,12028,combined_fixture_stress_1_12028_tether,combined_fixture_stress,prototype_system_id,tether,free,tether,unwind_tether,0.29551,1,0.25000,0,0,1,0,0,0.05500,2.07643,0.50003,0.25003,0.55,0.06810,0.07648,0.14655,0.25049,0.16286,0.29551,0.25,0.00000
1,12028,combined_fixture_stress_1_12028_tether,combined_fixture_stress,calibrated_prototype_system_id,tether,free,tether,unwind_tether,0.29601,1,0.25500,1,1,0,0,0,0.67450,1.85960,0.52300,0.22753,0.55,0.14650,0.05721,0.12204,0.23927,0.13897,0.29601,0.25,0.00000
1,12028,combined_fixture_stress_1_12028_tether,combined_fixture_stress,random_forest_probe_classifier,tether,free,tether,unwind_tether,0.56292,1,0.26497,0,0,1,0,1,0.02407,2.07695,0.57783,0.33389,0.55,0.00410,0.11086,0.05415,0.21084,0.05714,0.56292,0.25,0.45000
1,12028,combined_fixture_stress_1_12028_tether,combined_fixture_stress,bayesian_fixture_belief,tether,free,tether,unwind_tether,0.22300,1,0.29280,0,1,0,0,1,0.30182,1.86092,0.49298,0.25707,0.55,0.18050,0.15301,0.13026,0.17672,0.13651,0.22300,0.25,0.45000
1,12028,combined_fixture_stress_1_12028_tether,combined_fixture_stress,robust_impedance_planner,tether,free,tether,cautious_probe_pull,0.28590,1,0.33779,0,0,1,1,0,0.02080,2.77950,0.18126,0.03286,0.55,0.10205,0.09669,0.13486,0.23151,0.14899,0.28590,0.25,0.55000
1,12028,combined_fixture_stress_1_12028_tether,combined_fixture_stress,adaptive_probe_then_act,tether,free,tether,cautious_probe_pull,0.36957,1,0.23043,0,1,0,1,0,0.30463,2.55874,0.19662,0.64542,0.55,0.07941,0.07309,0.14408,0.21291,0.12094,0.36957,0.25,0.55000
1,12028,combined_fixture_stress_1_12028_tether,combined_fixture_stress,particle_filter_fixture,tether,free,tether,unwind_tether,0.31909,1,0.28000,0,0,1,0,1,0.02340,2.07748,0.48876,0.23889,0.55,0.04175,0.20294,0.10249,0.21556,0.11817,0.31909,0.25,0.45000
1,12028,combined_fixture_stress_1_12028_tether,combined_fixture_stress,latent_fixture_inference_v5,tether,free,tether,cautious_probe_pull,0.29479,1,0.18936,0,0,1,1,1,0.02748,2.77430,0.20954,0.04391,0.55,0.07537,0.24187,0.09441,0.18706,0.10650,0.29479,0.25,1.00000
1,12029,combined_fixture_stress_1_12029_free,combined_fixture_stress,prototype_system_id,free,tether,free,direct_translate,0.72270,1,0.25000,1,1,0,0,0,0.79500,1.88653,0.71289,0.08243,0.55,0.72270,0.01024,0.03770,0.12733,0.04193,0.06009,0.25,0.00000
1,12029,combined_fixture_stress_1_12029_free,combined_fixture_stress,calibrated_prototype_system_id,free,tether,free,direct_translate,0.72419,1,0.25500,0,1,0,1,0,0.35752,2.58670,0.73951,0.06785,0.55,0.72419,0.01303,0.02425,0.08016,0.02633,0.13204,0.25,0.55000
1,12029,combined_fixture_stress_1_12029_free,combined_fixture_stress,random_forest_probe_classifier,free,tether,free,direct_translate,0.76585,1,0.24873,1,1,0,0,0,0.79513,1.88648,0.75996,0.05762,0.55,0.76585,0.04896,0.03169,0.05967,0.03609,0.05774,0.25,0.00000
1,12029,combined_fixture_stress_1_12029_free,combined_fixture_stress,bayesian_fixture_belief,free,tether,free,direct_translate,0.24688,1,0.29280,1,1,0,0,0,0.79072,1.88802,0.61557,0.14779,0.55,0.24688,0.11582,0.12593,0.16597,0.12863,0.21677,0.25,0.00000
1,12029,combined_fixture_stress_1_12029_free,combined_fixture_stress,robust_impedance_planner,free,tether,free,direct_translate,0.59746,1,0.34407,1,1,0,0,0,0.78559,1.88982,0.72286,0.07681,0.55,0.59746,0.04678,0.06149,0.12340,0.06440,0.10647,0.25,0.00000
1,12029,combined_fixture_stress_1_12029_free,combined_fixture_stress,adaptive_probe_then_act,free,tether,free,direct_translate,0.65371,1,0.20770,1,1,0,0,0,0.79923,1.88505,0.75457,0.06024,0.55,0.65371,0.04046,0.04898,0.12081,0.05083,0.08520,0.25,0.00000
1,12029,combined_fixture_stress_1_12029_free,combined_fixture_stress,particle_filter_fixture,free,tether,free,direct_translate,0.52741,1,0.28000,1,1,0,0,0,0.79200,1.88758,0.65414,0.11962,0.55,0.52741,0.07504,0.06227,0.15269,0.07080,0.11180,0.25,0.00000
1,12029,combined_fixture_stress_1_12029_free,combined_fixture_stress,latent_fixture_inference_v5,free,tether,free,cautious_probe_pull,0.34622,1,0.18576,0,1,0,0,1,0.30664,1.92628,0.44292,0.31034,0.55,0.34622,0.11489,0.09463,0.17237,0.10337,0.16851,0.25,0.45000
1,12030,combined_fixture_stress_1_12030_clamp,combined_fixture_stress,prototype_system_id,clamp,unknown,suction,peel_then_translate,0.32244,0,0.82000,0,0,1,0,1,0.00000,2.06950,0.01621,0.00026,0.55,0.00517,0.28822,0.03771,0.05547,0.32244,0.29098,0.25,0.45000
1,12030,combined_fixture_stress_1_12030_clamp,combined_fixture_stress,calibrated_prototype_system_id,clamp,unknown,suction,peel_then_translate,0.31772,0,0.74000,0,0,1,1,1,0.00270,2.76740,0.01618,0.00026,0.55,0.02781,0.27705,0.04302,0.05412,0.31772,0.28028,0.25,1.00000
1,12030,combined_fixture_stress_1_12030_clamp,combined_fixture_stress,random_forest_probe_classifier,clamp,unknown,tether,unwind_tether,0.36759,0,0.80000,0,0,1,1,1,0.00000,2.76950,0.01646,0.00027,0.55,0.00065,0.32809,0.01095,0.00876,0.28397,0.36759,0.25,1.00000
1,12030,combined_fixture_stress_1_12030_clamp,combined_fixture_stress,bayesian_fixture_belief,clamp,unknown,suction,peel_then_translate,0.24823,0,0.79000,0,0,1,1,0,0.00045,2.76915,0.01579,0.00025,0.55,0.10167,0.21157,0.11335,0.11574,0.24823,0.20944,0.25,0.55000
1,12030,combined_fixture_stress_1_12030_clamp,combined_fixture_stress,robust_impedance_planner,clamp,unknown,suction,cautious_probe_pull,0.30455,0,0.86000,0,0,1,0,0,0.00000,2.06950,0.01611,0.00026,0.55,0.03998,0.26368,0.05833,0.06844,0.30455,0.26502,0.25,0.00000
1,12030,combined_fixture_stress_1_12030_clamp,combined_fixture_stress,adaptive_probe_then_act,clamp,unknown,suction,cautious_probe_pull,0.39719,0,0.70000,0,0,1,0,1,0.00450,2.06600,0.01662,0.00028,0.55,0.03510,0.18522,0.04595,0.06825,0.39719,0.26828,0.25,0.45000
1,12030,combined_fixture_stress_1_12030_clamp,combined_fixture_stress,particle_filter_fixture,clamp,unknown,suction,peel_then_translate,0.36807,0,0.78000,0,0,1,1,1,0.00090,2.76880,0.01646,0.00027,0.55,0.00262,0.28008,0.03323,0.03978,0.36807,0.27623,0.25,1.00000
1,12030,combined_fixture_stress_1_12030_clamp,combined_fixture_stress,latent_fixture_inference_v5,clamp,unknown,suction,cautious_probe_pull,0.34739,0,0.66000,0,0,1,1,1,0.00630,2.76460,0.02444,0.00060,0.55,0.03202,0.25459,0.05815,0.05938,0.34739,0.24846,0.25,1.00000
1,12031,combined_fixture_stress_1_12031_hinge,combined_fixture_stress,prototype_system_id,hinge,unknown,hinge,pivot_rotate,0.50646,1,0.25000,0,0,1,0,1,0.07875,2.24886,0.57129,0.32638,0.55,0.03638,0.05721,0.50646,0.18175,0.07420,0.14400,0.25,0.45000
1,12031,combined_fixture_stress_1_12031_hinge,combined_fixture_stress,calibrated_prototype_system_id,hinge,unknown,hinge,pivot_rotate,0.55270,1,0.25500,0,0,1,0,1,0.07852,2.24903,0.60481,0.36579,0.55,0.04204,0.05489,0.55270,0.15970,0.06666,0.12402,0.25,0.45000
1,12031,combined_fixture_stress_1_12031_hinge,combined_fixture_stress,random_forest_probe_classifier,hinge,unknown,hinge,pivot_rotate,0.41373,1,0.27690,0,0,1,0,0,0.17231,2.24980,0.58077,0.33729,0.55,0.00434,0.15008,0.41373,0.17180,0.02883,0.23122,0.25,0.00000
1,12031,combined_fixture_stress_1_12031_hinge,combined_fixture_stress,bayesian_fixture_belief,hinge,unknown,hinge,pivot_rotate,0.22676,1,0.29280,0,0,1,0,0,0.17072,2.25036,0.52499,0.27561,0.55,0.12160,0.16875,0.22676,0.18542,0.14611,0.15137,0.25,0.00000
1,12031,combined_fixture_stress_1_12031_hinge,combined_fixture_stress,robust_impedance_planner,hinge,unknown,hinge,cautious_probe_pull,0.44960,1,0.35728,0,0,1,0,0,0.04427,2.29461,0.05136,0.00264,0.55,0.06075,0.08941,0.44960,0.17431,0.09027,0.13566,0.25,0.00000
1,12031,combined_fixture_stress_1_12031_hinge,combined_fixture_stress,adaptive_probe_then_act,hinge,unknown,hinge,pivot_rotate,0.54559,1,0.21635,1,1,0,0,0,0.79836,2.03068,0.63100,0.13616,0.55,0.04832,0.07016,0.54559,0.15617,0.06779,0.11199,0.25,0.00000
1,12031,combined_fixture_stress_1_12031_hinge,combined_fixture_stress,particle_filter_fixture,hinge,unknown,hinge,pivot_rotate,0.38174,1,0.28000,1,1,0,0,0,0.79200,2.03291,0.53243,0.21862,0.55,0.02285,0.24726,0.38174,0.16691,0.07989,0.10136,0.25,0.00000
1,12031,combined_fixture_stress_1_12031_hinge,combined_fixture_stress,latent_fixture_inference_v5,hinge,unknown,clamp,cautious_probe_pull,0.30391,0,0.66000,0,0,1,1,1,0.00630,3.00521,0.01610,0.00026,0.55,0.04963,0.30391,0.27046,0.16852,0.10546,0.10202,0.25,1.00000
1,12032,combined_fixture_stress_1_12032_slot,combined_fixture_stress,prototype_system_id,slot,unknown,slot,follow_slot_axis,0.37335,1,0.25000,1,1,0,0,0,0.79500,1.81208,0.57132,0.18376,0.55,0.04752,0.05901,0.31789,0.37335,0.05300,0.14924,0.25,0.00000
1,12032,combined_fixture_stress_1_12032_slot,combined_fixture_stress,calibrated_prototype_system_id,slot,unknown,slot,follow_slot_axis,0.38901,1,0.25500,0,0,1,0,1,0.07852,2.02925,0.59798,0.35759,0.55,0.04948,0.05717,0.31870,0.38901,0.05308,0.13257,0.25,0.45000
1,12032,combined_fixture_stress_1_12032_slot,combined_fixture_stress,random_forest_probe_classifier,slot,unknown,hinge,pivot_rotate,0.36642,0,0.80000,0,0,1,1,0,0.05400,2.74833,0.01645,0.00027,0.55,0.00155,0.20492,0.36642,0.32225,0.01048,0.09438,0.25,0.55000
1,12032,combined_fixture_stress_1_12032_slot,combined_fixture_stress,bayesian_fixture_belief,slot,unknown,slot,follow_slot_axis,0.20592,1,0.29280,1,1,0,0,0,0.79072,1.81358,0.54441,0.20756,0.55,0.12472,0.18638,0.19779,0.20592,0.13555,0.14964,0.25,0.00000
1,12032,combined_fixture_stress_1_12032_slot,combined_fixture_stress,robust_impedance_planner,slot,unknown,slot,cautious_probe_pull,0.33392,1,0.33730,0,0,1,0,0,0.04627,2.07414,0.24951,0.06225,0.55,0.06797,0.09764,0.28521,0.33392,0.07503,0.14023,0.25,0.00000
1,12032,combined_fixture_stress_1_12032_slot,combined_fixture_stress,adaptive_probe_then_act,slot,unknown,slot,cautious_probe_pull,0.39859,1,0.22811,0,1,0,1,0,0.30474,2.55331,0.26567,0.53924,0.55,0.08567,0.07718,0.24877,0.39859,0.05805,0.13173,0.25,0.55000
1,12032,combined_fixture_stress_1_12032_slot,combined_fixture_stress,particle_filter_fixture,slot,unknown,clamp,release_clamp_pull,0.32884,0,0.78000,0,0,1,1,0,0.05490,2.74763,0.01624,0.00026,0.55,0.02509,0.32884,0.23336,0.27470,0.04122,0.09679,0.25,0.55000
1,12032,combined_fixture_stress_1_12032_slot,combined_fixture_stress,latent_fixture_inference_v5,slot,unknown,clamp,cautious_probe_pull,0.39851,0,0.66000,0,0,1,0,1,0.00630,2.08543,0.16623,0.02763,0.55,0.04872,0.39851,0.18432,0.20696,0.06769,0.09381,0.25,0.45000
2,12025,combined_fixture_stress_2_12025_suction,combined_fixture_stress,prototype_system_id,suction,unknown,suction,peel_then_translate,0.39855,1,0.25000,0,0,1,1,0,0.02475,2.76912,0.53463,0.28583,0.55,0.01523,0.22682,0.08741,0.10935,0.39855,0.16265,0.25,0.55000
2,12025,combined_fixture_stress_2_12025_suction,combined_fixture_stress,calibrated_prototype_system_id,suction,unknown,suction,peel_then_translate,0.42866,1,0.25500,0,1,0,0,1,0.30352,1.85229,0.56399,0.19010,0.55,0.03170,0.21539,0.07919,0.09758,0.42866,0.14747,0.25,0.45000
2,12025,combined_fixture_stress_2_12025_suction,combined_fixture_stress,random_forest_probe_classifier,suction,unknown,suction,peel_then_translate,0.74946,1,0.25004,0,1,0,0,1,0.30375,1.85212,0.63498,0.13324,0.55,0.00033,0.19317,0.00221,0.04646,0.74946,0.00836,0.25,0.45000
2,12025,combined_fixture_stress_2_12025_suction,combined_fixture_stress,bayesian_fixture_belief,suction,unknown,suction,peel_then_translate,0.35138,1,0.29280,0,0,1,0,0,0.05072,2.07061,0.53200,0.28302,0.55,0.10698,0.16419,0.11760,0.12149,0.35138,0.13836,0.25,0.00000
2,12025,combined_fixture_stress_2_12025_suction,combined_fixture_stress,robust_impedance_planner,suction,unknown,suction,cautious_probe_pull,0.41313,1,0.33712,0,0,1,1,1,0.02083,2.77217,0.15607,0.02436,0.55,0.04582,0.20279,0.08846,0.10372,0.41313,0.14608,0.25,1.00000
2,12025,combined_fixture_stress_2_12025_suction,combined_fixture_stress,adaptive_probe_then_act,suction,unknown,suction,peel_then_translate,0.51538,1,0.21877,0,0,1,0,0,0.05812,2.06802,0.60698,0.36842,0.55,0.03867,0.15768,0.09669,0.07341,0.51538,0.11817,0.25,0.00000
2,12025,combined_fixture_stress_2_12025_suction,combined_fixture_stress,particle_filter_fixture,suction,unknown,suction,peel_then_translate,0.60240,1,0.28000,0,1,0,1,0,0.30240,2.55317,0.55444,0.19852,0.55,0.00659,0.16859,0.04982,0.06470,0.60240,0.10790,0.25,0.55000
2,12025,combined_fixture_stress_2_12025_suction,combined_fixture_stress,latent_fixture_inference_v5,suction,unknown,suction,peel_then_translate,0.60060,1,0.16796,0,0,1,0,0,0.06320,2.06624,0.64615,0.41751,0.55,0.03472,0.14337,0.05801,0.06657,0.60060,0.09673,0.25,0.00000
2,12026,combined_fixture_stress_2_12026_tether,combined_fixture_stress,prototype_system_id,tether,suction,tether,unwind_tether,0.44978,1,0.25000,0,0,1,0,0,0.05500,2.08003,0.52694,0.27766,0.55,0.06217,0.07863,0.07116,0.20985,0.12840,0.44978,0.25,0.00000
2,12026,combined_fixture_stress_2_12026_tether,combined_fixture_stress,calibrated_prototype_system_id,tether,suction,tether,unwind_tether,0.47819,1,0.25500,1,1,0,0,0,0.67450,1.86320,0.55623,0.19693,0.55,0.04354,0.05573,0.05008,0.17881,0.19365,0.47819,0.25,0.00000
2,12026,combined_fixture_stress_2_12026_tether,combined_fixture_stress,random_forest_probe_classifier,tether,suction,tether,unwind_tether,0.52498,1,0.26800,1,1,0,0,0,0.67320,1.86366,0.57005,0.18486,0.55,0.00197,0.10582,0.00974,0.33137,0.02613,0.52498,0.25,0.00000
2,12026,combined_fixture_stress_2_12026_tether,combined_fixture_stress,bayesian_fixture_belief,tether,suction,tether,unwind_tether,0.26396,1,0.29280,1,1,0,0,0,0.67072,1.86452,0.50021,0.24979,0.55,0.10568,0.15055,0.11549,0.15633,0.20800,0.26396,0.25,0.00000
2,12026,combined_fixture_stress_2_12026_tether,combined_fixture_stress,robust_impedance_planner,tether,suction,tether,cautious_probe_pull,0.42278,1,0.33812,0,0,1,0,1,0.02079,2.08311,0.18986,0.03605,0.55,0.06887,0.09547,0.07776,0.18641,0.14871,0.42278,0.25,0.45000
2,12026,combined_fixture_stress_2_12026_tether,combined_fixture_stress,adaptive_probe_then_act,tether,suction,tether,unwind_tether,0.54823,1,0.21614,1,1,0,0,0,0.67839,1.86184,0.59665,0.16269,0.55,0.05082,0.07159,0.05711,0.14570,0.12655,0.54823,0.25,0.00000
2,12026,combined_fixture_stress_2_12026_tether,combined_fixture_stress,particle_filter_fixture,tether,suction,tether,unwind_tether,0.44124,1,0.28000,0,0,1,0,0,0.05200,2.08108,0.50942,0.25951,0.55,0.03416,0.19575,0.05082,0.16730,0.11072,0.44124,0.25,0.00000
2,12026,combined_fixture_stress_2_12026_tether,combined_fixture_stress,latent_fixture_inference_v5,tether,suction,tether,cautious_probe_pull,0.37228,1,0.18394,0,0,0,1,0,0.30672,2.56071,0.21654,0.61381,0.55,0.04729,0.23277,0.06508,0.14717,0.13542,0.37228,0.25,0.55000
2,12027,combined_fixture_stress_2_12027_free,combined_fixture_stress,prototype_system_id,free,unknown,free,direct_translate,0.93996,1,0.25000,0,1,0,1,0,0.35775,2.57208,0.75991,0.05764,0.55,0.93996,0.00241,0.01518,0.02183,0.00806,0.01255,0.25,0.55000
2,12027,combined_fixture_stress_2_12027_free,combined_fixture_stress,calibrated_prototype_system_id,free,unknown,free,direct_translate,0.85388,1,0.25500,0,1,0,0,1,0.35752,1.87225,0.76861,0.05354,0.55,0.85388,0.02694,0.02993,0.03198,0.02806,0.02920,0.25,0.45000
2,12027,combined_fixture_stress_2_12027_free,combined_fixture_stress,random_forest_probe_classifier,free,unknown,free,direct_translate,0.76723,1,0.24862,1,1,0,0,0,0.79514,1.87203,0.76031,0.05745,0.55,0.76723,0.04382,0.05242,0.05963,0.03718,0.03972,0.25,0.00000
2,12027,combined_fixture_stress_2_12027_free,combined_fixture_stress,bayesian_fixture_belief,free,unknown,free,direct_translate,0.31552,1,0.29280,1,1,0,0,0,0.79072,1.87358,0.63056,0.13649,0.55,0.31552,0.12931,0.13987,0.14498,0.13358,0.13674,0.25,0.00000
2,12027,combined_fixture_stress_2_12027_free,combined_fixture_stress,robust_impedance_planner,free,unknown,free,direct_translate,0.72460,1,0.34276,1,1,0,0,0,0.78572,1.87533,0.75222,0.06139,0.55,0.72460,0.04955,0.05706,0.06118,0.05256,0.05506,0.25,0.00000
2,12027,combined_fixture_stress_2_12027_free,combined_fixture_stress,adaptive_probe_then_act,free,unknown,free,direct_translate,0.76141,1,0.19909,1,1,0,0,0,0.80009,1.87030,0.78218,0.04745,0.55,0.76141,0.04411,0.04905,0.05171,0.04606,0.04765,0.25,0.00000
2,12027,combined_fixture_stress_2_12027_free,combined_fixture_stress,particle_filter_fixture,free,unknown,free,direct_translate,0.64029,1,0.28000,0,1,0,0,1,0.35640,1.87313,0.67797,0.10370,0.55,0.64029,0.06458,0.08160,0.09478,0.05670,0.06205,0.25,0.45000
2,12027,combined_fixture_stress_2_12027_free,combined_fixture_stress,latent_fixture_inference_v5,free,unknown,free,cautious_probe_pull,0.41283,1,0.18110,0,1,0,1,0,0.30685,2.61167,0.45420,0.29790,0.55,0.41283,0.10966,0.12814,0.14222,0.10078,0.10637,0.25,0.55000
2,12028,combined_fixture_stress_2_12028_clamp,combined_fixture_stress,prototype_system_id,clamp,unknown,clamp,release_clamp_pull,0.42626,1,0.25000,0,0,1,0,0,0.17500,2.30625,0.53123,0.28220,0.55,0.00569,0.42626,0.09223,0.04467,0.18708,0.24407,0.25,0.00000
2,12028,combined_fixture_stress_2_12028_clamp,combined_fixture_stress,calibrated_prototype_system_id,clamp,unknown,clamp,release_clamp_pull,0.44995,1,0.25500,1,1,0,0,0,0.79450,2.08942,0.55954,0.19401,0.55,0.02796,0.44995,0.08097,0.04720,0.16690,0.22701,0.25,0.00000
2,12028,combined_fixture_stress_2_12028_clamp,combined_fixture_stress,random_forest_probe_classifier,clamp,unknown,clamp,release_clamp_pull,0.52142,1,0.26829,0,1,0,0,1,0.35693,2.08989,0.57798,0.17810,0.55,0.00028,0.52142,0.04887,0.00396,0.17087,0.25460,0.25,0.45000
2,12028,combined_fixture_stress_2_12028_clamp,combined_fixture_stress,bayesian_fixture_belief,clamp,unknown,clamp,release_clamp_pull,0.26505,1,0.29280,1,1,0,0,0,0.79072,2.09075,0.50834,0.24173,0.55,0.10237,0.26505,0.11921,0.11102,0.19287,0.20949,0.25,0.00000
2,12028,combined_fixture_stress_2_12028_clamp,combined_fixture_stress,robust_impedance_planner,clamp,unknown,clamp,cautious_probe_pull,0.39681,1,0.36250,0,0,1,1,0,0.01969,3.05219,0.10734,0.01152,0.55,0.04041,0.39681,0.09089,0.06098,0.18151,0.22939,0.25,0.55000
2,12028,combined_fixture_stress_2_12028_clamp,combined_fixture_stress,adaptive_probe_then_act,clamp,unknown,clamp,release_clamp_pull,0.42980,1,0.22562,0,0,1,0,0,0.17744,2.30540,0.58002,0.33642,0.55,0.03541,0.42980,0.13097,0.04705,0.14550,0.21127,0.25,0.00000
2,12028,combined_fixture_stress_2_12028_clamp,combined_fixture_stress,particle_filter_fixture,clamp,unknown,clamp,release_clamp_pull,0.41311,1,0.28000,0,0,1,0,0,0.17200,2.30730,0.51302,0.26319,0.55,0.00228,0.41311,0.05654,0.02680,0.23311,0.26817,0.25,0.00000
2,12028,combined_fixture_stress_2_12028_clamp,combined_fixture_stress,latent_fixture_inference_v5,clamp,unknown,clamp,cautious_probe_pull,0.35428,1,0.18520,0,0,1,1,0,0.02767,3.04598,0.14118,0.01993,0.55,0.03170,0.35428,0.06433,0.04771,0.24162,0.26035,0.25,0.55000
2,12029,combined_fixture_stress_2_12029_hinge,combined_fixture_stress,prototype_system_id,hinge,unknown,hinge,pivot_rotate,0.64681,1,0.25000,1,1,0,0,0,0.79500,1.94792,0.59734,0.16213,0.55,0.02189,0.03928,0.64681,0.10076,0.04810,0.14317,0.25,0.00000
2,12029,combined_fixture_stress_2_12029_hinge,combined_fixture_stress,calibrated_prototype_system_id,hinge,unknown,hinge,pivot_rotate,0.68321,1,0.25500,1,1,0,0,0,0.79450,1.94809,0.63007,0.13685,0.55,0.03366,0.04198,0.68321,0.08087,0.04677,0.11350,0.25,0.00000
2,12029,combined_fixture_stress_2_12029_hinge,combined_fixture_stress,random_forest_probe_classifier,hinge,unknown,hinge,pivot_rotate,0.75026,1,0.24998,0,1,0,1,0,0.35775,2.64792,0.65375,0.11989,0.55,0.00392,0.13711,0.75026,0.02711,0.02481,0.05679,0.25,0.55000
2,12029,combined_fixture_stress_2_12029_hinge,combined_fixture_stress,bayesian_fixture_belief,hinge,unknown,hinge,pivot_rotate,0.30009,1,0.29280,0,1,0,1,0,0.35582,2.64942,0.53874,0.21276,0.55,0.11711,0.15119,0.30009,0.15008,0.13361,0.14793,0.25,0.55000
2,12029,combined_fixture_stress_2_12029_hinge,combined_fixture_stress,robust_impedance_planner,hinge,unknown,hinge,pivot_rotate,0.57273,1,0.34965,1,0,0,0,0,0.78503,1.95141,0.61890,0.14524,0.55,0.05182,0.07240,0.57273,0.10430,0.06992,0.12883,0.25,0.00000
2,12029,combined_fixture_stress_2_12029_hinge,combined_fixture_stress,adaptive_probe_then_act,hinge,unknown,hinge,pivot_rotate,0.62956,1,0.20964,1,1,0,0,0,0.79904,1.94651,0.64981,0.12263,0.55,0.04300,0.05835,0.62956,0.07557,0.05454,0.13899,0.25,0.00000
2,12029,combined_fixture_stress_2_12029_hinge,combined_fixture_stress,particle_filter_fixture,hinge,unknown,hinge,pivot_rotate,0.52216,1,0.28000,0,0,1,0,0,0.17200,2.16597,0.55775,0.31108,0.55,0.01445,0.21762,0.52216,0.09104,0.05807,0.09667,0.25,0.00000
2,12029,combined_fixture_stress_2_12029_hinge,combined_fixture_stress,latent_fixture_inference_v5,hinge,unknown,hinge,cautious_probe_pull,0.38727,1,0.18289,0,0,0,1,0,0.30677,2.68757,0.08536,0.83657,0.55,0.04444,0.27309,0.38727,0.10931,0.08825,0.09765,0.25,0.55000
2,12030,combined_fixture_stress_2_12030_slot,combined_fixture_stress,prototype_system_id,slot,unknown,slot,follow_slot_axis,0.68333,1,0.25000,1,1,0,0,0,0.79500,1.98219,0.63146,0.13582,0.55,0.03567,0.03005,0.09396,0.68333,0.06205,0.09493,0.25,0.00000
2,12030,combined_fixture_stress_2_12030_slot,combined_fixture_stress,calibrated_prototype_system_id,slot,unknown,slot,follow_slot_axis,0.71811,1,0.25500,1,1,0,0,0,0.79450,1.98237,0.66446,0.11259,0.55,0.03984,0.03713,0.07495,0.71811,0.05435,0.07563,0.25,0.00000
2,12030,combined_fixture_stress_2_12030_slot,combined_fixture_stress,random_forest_probe_classifier,slot,unknown,slot,follow_slot_axis,0.77002,1,0.24840,1,1,0,0,0,0.79516,1.98214,0.68616,0.09850,0.55,0.00177,0.20203,0.00841,0.77002,0.01177,0.00599,0.25,0.00000
2,12030,combined_fixture_stress_2_12030_slot,combined_fixture_stress,bayesian_fixture_belief,slot,unknown,slot,follow_slot_axis,0.28507,1,0.29280,1,1,0,0,0,0.79072,1.98369,0.55992,0.19367,0.55,0.12640,0.16200,0.14431,0.28507,0.14101,0.14121,0.25,0.00000
2,12030,combined_fixture_stress_2_12030_slot,combined_fixture_stress,robust_impedance_planner,slot,unknown,slot,follow_slot_axis,0.59254,1,0.35277,1,1,0,0,0,0.78472,1.98579,0.64855,0.12352,0.55,0.06115,0.07220,0.09768,0.59254,0.07939,0.09704,0.25,0.00000
2,12030,combined_fixture_stress_2_12030_slot,combined_fixture_stress,adaptive_probe_then_act,slot,unknown,slot,follow_slot_axis,0.67317,1,0.20615,1,1,0,0,0,0.79939,1.98066,0.68687,0.09805,0.55,0.04895,0.05983,0.08739,0.67317,0.06048,0.07018,0.25,0.00000
2,12030,combined_fixture_stress_2_12030_slot,combined_fixture_stress,particle_filter_fixture,slot,unknown,slot,follow_slot_axis,0.51246,1,0.28000,1,1,0,0,0,0.79200,1.98324,0.58191,0.17480,0.55,0.01786,0.30778,0.05931,0.51246,0.04626,0.05632,0.25,0.00000
2,12030,combined_fixture_stress_2_12030_slot,combined_fixture_stress,latent_fixture_inference_v5,slot,unknown,clamp,cautious_probe_pull,0.37935,0,0.66000,0,0,1,1,0,0.00630,2.95554,0.16516,0.02728,0.55,0.04624,0.37935,0.07537,0.35598,0.07230,0.07076,0.25,0.55000
2,12031,combined_fixture_stress_2_12031_suction,combined_fixture_stress,prototype_system_id,suction,hinge,suction,peel_then_translate,0.40046,1,0.25000,1,1,0,0,0,0.67500,1.92136,0.53498,0.21625,0.55,0.01821,0.20580,0.08062,0.10340,0.40046,0.19152,0.25,0.00000
2,12031,combined_fixture_stress_2_12031_suction,combined_fixture_stress,calibrated_prototype_system_id,suction,hinge,suction,peel_then_translate,0.41527,1,0.25500,1,1,0,0,0,0.67450,1.92153,0.56148,0.19230,0.55,0.01707,0.17632,0.15379,0.07646,0.41527,0.16109,0.25,0.00000
2,12031,combined_fixture_stress_2_12031_suction,combined_fixture_stress,random_forest_probe_classifier,suction,hinge,suction,peel_then_translate,0.67315,1,0.25615,1,1,0,0,0,0.67439,1.92158,0.61873,0.14537,0.55,0.00046,0.25491,0.01147,0.04633,0.67315,0.01368,0.25,0.00000
2,12031,combined_fixture_stress_2_12031_suction,combined_fixture_stress,bayesian_fixture_belief,suction,hinge,suction,peel_then_translate,0.30675,1,0.29280,1,1,0,0,0,0.67072,1.92286,0.52388,0.22669,0.55,0.09796,0.16244,0.18547,0.10991,0.30675,0.13746,0.25,0.00000
2,12031,combined_fixture_stress_2_12031_suction,combined_fixture_stress,robust_impedance_planner,suction,hinge,suction,cautious_probe_pull,0.39785,1,0.34342,0,0,0,0,1,0.29955,1.92463,0.15370,0.71622,0.55,0.04366,0.18641,0.11014,0.09552,0.39785,0.16642,0.25,0.45000
2,12031,combined_fixture_stress_2_12031_suction,combined_fixture_stress,adaptive_probe_then_act,suction,hinge,suction,peel_then_translate,0.48493,1,0.22121,1,1,0,0,0,0.67788,1.92035,0.60036,0.15971,0.55,0.05268,0.16311,0.08439,0.08362,0.48493,0.13126,0.25,0.00000
2,12031,combined_fixture_stress_2_12031_suction,combined_fixture_stress,particle_filter_fixture,suction,hinge,suction,peel_then_translate,0.55600,1,0.28000,1,1,0,0,0,0.67200,1.92241,0.54634,0.20581,0.55,0.00820,0.18025,0.05918,0.06073,0.55600,0.13563,0.25,0.00000
2,12031,combined_fixture_stress_2_12031_suction,combined_fixture_stress,latent_fixture_inference_v5,suction,hinge,suction,peel_then_translate,0.53501,1,0.17255,1,1,0,0,0,0.68275,1.91865,0.63159,0.13572,0.55,0.03277,0.16505,0.09148,0.06118,0.53501,0.11452,0.25,0.00000
2,12032,combined_fixture_stress_2_12032_tether,combined_fixture_stress,prototype_system_id,tether,suction,tether,unwind_tether,0.42849,1,0.25000,1,1,0,0,0,0.67500,1.91118,0.52322,0.22732,0.55,0.02235,0.10340,0.11561,0.21180,0.11836,0.42849,0.25,0.00000
2,12032,combined_fixture_stress_2_12032_tether,combined_fixture_stress,calibrated_prototype_system_id,tether,suction,tether,unwind_tether,0.45123,1,0.25500,0,0,1,0,0,0.05450,2.12835,0.55131,0.30394,0.55,0.01905,0.07610,0.08666,0.18187,0.18510,0.45123,0.25,0.00000
2,12032,combined_fixture_stress_2_12032_tether,combined_fixture_stress,random_forest_probe_classifier,tether,suction,tether,unwind_tether,0.59381,1,0.26250,1,1,0,0,0,0.67375,1.91161,0.58418,0.17290,0.55,0.00163,0.11870,0.00904,0.25324,0.02358,0.59381,0.25,0.00000
2,12032,combined_fixture_stress_2_12032_tether,combined_fixture_stress,bayesian_fixture_belief,tether,suction,tether,unwind_tether,0.24385,1,0.29280,1,0,0,0,0,0.67072,1.91268,0.49666,0.25335,0.55,0.10103,0.16486,0.12195,0.16432,0.20399,0.24385,0.25,0.00000
2,12032,combined_fixture_stress_2_12032_tether,combined_fixture_stress,robust_impedance_planner,tether,suction,tether,cautious_probe_pull,0.39735,1,0.34249,1,1,0,0,0,0.66575,1.91441,0.18716,0.66071,0.55,0.04663,0.11626,0.10778,0.19122,0.14075,0.39735,0.25,0.00000
2,12032,combined_fixture_stress_2_12032_tether,combined_fixture_stress,adaptive_probe_then_act,tether,suction,tether,unwind_tether,0.47981,1,0.22162,0,0,1,0,0,0.05784,2.12718,0.58216,0.33892,0.55,0.03816,0.08567,0.10879,0.18273,0.10485,0.47981,0.25,0.00000
2,12032,combined_fixture_stress_2_12032_tether,combined_fixture_stress,particle_filter_fixture,tether,suction,tether,unwind_tether,0.39812,1,0.28000,1,0,0,0,0,0.67200,1.91223,0.50213,0.24788,0.55,0.01191,0.23000,0.07753,0.18186,0.10057,0.39812,0.25,0.00000
2,12032,combined_fixture_stress_2_12032_tether,combined_fixture_stress,latent_fixture_inference_v5,tether,suction,tether,cautious_probe_pull,0.32859,1,0.18700,0,0,1,1,1,0.02759,2.82597,0.21258,0.04519,0.55,0.03635,0.26477,0.07829,0.16478,0.12722,0.32859,0.25,1.00000
3,12025,combined_fixture_stress_3_12025_free,combined_fixture_stress,prototype_system_id,free,unknown,free,direct_translate,0.82319,1,0.25000,0,1,0,1,0,0.35775,2.51622,0.73464,0.07042,0.55,0.82319,0.00754,0.06115,0.04243,0.01715,0.04853,0.25,0.55000
3,12025,combined_fixture_stress_3_12025_free,combined_fixture_stress,calibrated_prototype_system_id,free,unknown,free,direct_translate,0.80508,1,0.25500,1,1,0,0,0,0.79450,1.81639,0.75766,0.05873,0.55,0.80508,0.02810,0.05046,0.04124,0.03099,0.04412,0.25,0.00000
3,12025,combined_fixture_stress_3_12025_free,combined_fixture_stress,random_forest_probe_classifier,free,unknown,free,direct_translate,0.76330,1,0.24894,1,1,0,0,0,0.79511,1.81618,0.75932,0.05793,0.55,0.76330,0.04532,0.06550,0.06039,0.03175,0.03373,0.25,0.00000
3,12025,combined_fixture_stress_3_12025_free,combined_fixture_stress,bayesian_fixture_belief,free,unknown,free,direct_translate,0.28155,1,0.29280,1,1,0,0,0,0.79072,1.81772,0.62314,0.14202,0.55,0.28155,0.12815,0.16088,0.15065,0.13244,0.14633,0.25,0.00000
3,12025,combined_fixture_stress_3_12025_free,combined_fixture_stress,robust_impedance_planner,free,unknown,free,direct_translate,0.66463,1,0.33768,1,1,0,0,0,0.78623,1.81929,0.73992,0.06764,0.55,0.66463,0.05050,0.08438,0.07212,0.05525,0.07313,0.25,0.00000
3,12025,combined_fixture_stress_3_12025_free,combined_fixture_stress,adaptive_probe_then_act,free,unknown,free,direct_translate,0.72778,1,0.20178,1,1,0,0,0,0.79982,1.81453,0.77354,0.05128,0.55,0.72778,0.04424,0.06548,0.05783,0.04700,0.05766,0.25,0.00000
3,12025,combined_fixture_stress_3_12025_free,combined_fixture_stress,particle_filter_fixture,free,unknown,free,direct_translate,0.58067,1,0.28000,1,1,0,0,0,0.79200,1.81727,0.66538,0.11197,0.55,0.58067,0.06856,0.12258,0.10583,0.05252,0.06984,0.25,0.00000
3,12025,combined_fixture_stress_3_12025_free,combined_fixture_stress,latent_fixture_inference_v5,free,unknown,free,cautious_probe_pull,0.37628,1,0.18366,0,0,1,0,0,0.06163,2.07290,0.44801,0.20071,0.55,0.37628,0.11231,0.16384,0.14891,0.09296,0.10569,0.25,0.00000
3,12026,combined_fixture_stress_3_12026_clamp,combined_fixture_stress,prototype_system_id,clamp,unknown,suction,peel_then_translate,0.33362,0,0.82000,0,0,1,0,1,0.00000,2.09759,0.01627,0.00026,0.55,0.01252,0.29116,0.05561,0.06205,0.33362,0.24504,0.25,0.45000
3,12026,combined_fixture_stress_3_12026_clamp,combined_fixture_stress,calibrated_prototype_system_id,clamp,unknown,suction,peel_then_translate,0.33761,0,0.74000,0,0,1,0,0,0.00600,2.09549,0.01629,0.00027,0.55,0.03047,0.28571,0.05478,0.05923,0.33761,0.23221,0.25,0.00000
3,12026,combined_fixture_stress_3_12026_clamp,combined_fixture_stress,random_forest_probe_classifier,clamp,unknown,suction,peel_then_translate,0.44786,0,0.80000,0,0,1,1,0,0.00000,2.79759,0.01691,0.00029,0.55,0.00032,0.33971,0.00330,0.00263,0.44786,0.20618,0.25,0.55000
3,12026,combined_fixture_stress_3_12026_clamp,combined_fixture_stress,bayesian_fixture_belief,clamp,unknown,suction,peel_then_translate,0.29842,0,0.79000,0,0,1,1,1,0.00045,2.79724,0.01607,0.00026,0.55,0.10468,0.19130,0.11365,0.11344,0.29842,0.17852,0.25,1.00000
3,12026,combined_fixture_stress_3_12026_clamp,combined_fixture_stress,robust_impedance_planner,clamp,unknown,suction,cautious_probe_pull,0.33558,0,0.86000,1,1,0,0,0,0.61400,1.88269,0.01628,0.96771,0.55,0.04380,0.26082,0.06806,0.07154,0.33558,0.22021,0.25,0.00000
3,12026,combined_fixture_stress_3_12026_clamp,combined_fixture_stress,adaptive_probe_then_act,clamp,unknown,suction,cautious_probe_pull,0.35740,0,0.70000,0,0,1,1,0,0.00450,2.79409,0.01640,0.00027,0.55,0.03733,0.28103,0.05137,0.05332,0.35740,0.21955,0.25,0.55000
3,12026,combined_fixture_stress_3_12026_clamp,combined_fixture_stress,particle_filter_fixture,clamp,unknown,suction,peel_then_translate,0.49090,0,0.78000,0,0,1,0,0,0.00200,2.09689,0.01715,0.00029,0.55,0.00528,0.23745,0.03213,0.03486,0.49090,0.19937,0.25,0.00000
3,12026,combined_fixture_stress_3_12026_clamp,combined_fixture_stress,latent_fixture_inference_v5,clamp,unknown,suction,peel_then_translate,0.49231,0,0.66000,0,0,1,0,1,0.00630,2.09269,0.01716,0.00029,0.55,0.03352,0.19935,0.05012,0.05056,0.49231,0.17414,0.25,0.45000
3,12027,combined_fixture_stress_3_12027_hinge,combined_fixture_stress,prototype_system_id,hinge,unknown,hinge,pivot_rotate,0.36208,1,0.25000,1,1,0,0,0,0.79500,1.84899,0.54450,0.20748,0.55,0.08385,0.07834,0.36208,0.17794,0.08211,0.21568,0.25,0.00000
3,12027,combined_fixture_stress_3_12027_hinge,combined_fixture_stress,calibrated_prototype_system_id,hinge,unknown,hinge,pivot_rotate,0.39347,1,0.25500,1,1,0,0,0,0.79450,1.84917,0.57398,0.18149,0.55,0.07821,0.07372,0.39347,0.16809,0.07678,0.20973,0.25,0.00000
3,12027,combined_fixture_stress_3_12027_hinge,combined_fixture_stress,random_forest_probe_classifier,hinge,unknown,hinge,pivot_rotate,0.51729,1,0.26862,0,1,0,1,0,0.35691,2.54964,0.60307,0.15756,0.55,0.00504,0.13657,0.51729,0.19913,0.11617,0.02581,0.25,0.55000
3,12027,combined_fixture_stress_3_12027_hinge,combined_fixture_stress,bayesian_fixture_belief,hinge,unknown,hinge,pivot_rotate,0.22003,1,0.29280,1,0,0,0,0,0.79072,1.85049,0.52372,0.22684,0.55,0.12469,0.17363,0.22003,0.16476,0.14314,0.17375,0.25,0.00000
3,12027,combined_fixture_stress_3_12027_hinge,combined_fixture_stress,robust_impedance_planner,hinge,unknown,hinge,cautious_probe_pull,0.33824,1,0.34066,0,0,0,1,0,0.29967,2.59417,0.05353,0.89581,0.55,0.08998,0.10518,0.33824,0.16947,0.09591,0.20121,0.25,0.55000
3,12027,combined_fixture_stress_3_12027_hinge,combined_fixture_stress,adaptive_probe_then_act,hinge,unknown,hinge,cautious_probe_pull,0.35601,1,0.23152,0,0,1,0,1,0.02558,2.10735,0.06430,0.00413,0.55,0.11512,0.08034,0.35601,0.13648,0.07135,0.24070,0.25,0.45000
3,12027,combined_fixture_stress_3_12027_hinge,combined_fixture_stress,particle_filter_fixture,hinge,unknown,hinge,pivot_rotate,0.30231,1,0.28000,0,0,1,0,1,0.07740,2.06704,0.51811,0.26844,0.55,0.05251,0.24131,0.30231,0.14460,0.08665,0.17263,0.25,0.45000
3,12027,combined_fixture_stress_3_12027_hinge,combined_fixture_stress,latent_fixture_inference_v5,hinge,unknown,clamp,cautious_probe_pull,0.28984,0,0.66000,0,0,1,1,1,0.00630,2.82234,0.01602,0.00026,0.55,0.06423,0.28984,0.24504,0.13787,0.10821,0.15481,0.25,1.00000
3,12028,combined_fixture_stress_3_12028_slot,combined_fixture_stress,prototype_system_id,slot,unknown,slot,follow_slot_axis,0.85903,1,0.25000,1,1,0,0,0,0.79500,1.89057,0.66555,0.11186,0.55,0.01444,0.01389,0.02720,0.85903,0.04262,0.04281,0.25,0.00000
3,12028,combined_fixture_stress_3_12028_slot,combined_fixture_stress,calibrated_prototype_system_id,slot,unknown,slot,follow_slot_axis,0.82397,1,0.25500,1,1,0,0,0,0.79450,1.89075,0.68584,0.09869,0.55,0.02999,0.02982,0.03443,0.82397,0.04085,0.04094,0.25,0.00000
3,12028,combined_fixture_stress_3_12028_slot,combined_fixture_stress,random_forest_probe_classifier,slot,unknown,slot,follow_slot_axis,0.76718,1,0.24863,1,1,0,0,0,0.79514,1.89052,0.68551,0.09891,0.55,0.00144,0.20998,0.00684,0.76718,0.00968,0.00489,0.25,0.00000
3,12028,combined_fixture_stress_3_12028_slot,combined_fixture_stress,bayesian_fixture_belief,slot,unknown,slot,follow_slot_axis,0.30924,1,0.29280,0,0,1,0,0,0.17072,2.10907,0.56466,0.31884,0.55,0.12864,0.15029,0.13488,0.30924,0.14030,0.13664,0.25,0.00000
3,12028,combined_fixture_stress_3_12028_slot,combined_fixture_stress,robust_impedance_planner,slot,unknown,slot,follow_slot_axis,0.69212,1,0.34444,1,1,0,0,0,0.78556,1.89388,0.67124,0.10808,0.55,0.05278,0.06083,0.05970,0.69212,0.06794,0.06663,0.25,0.00000
3,12028,combined_fixture_stress_3_12028_slot,combined_fixture_stress,adaptive_probe_then_act,slot,unknown,slot,follow_slot_axis,0.74575,1,0.20034,1,1,0,0,0,0.79997,1.88883,0.70385,0.08771,0.55,0.04526,0.05254,0.04939,0.74575,0.05414,0.05293,0.25,0.00000
3,12028,combined_fixture_stress_3_12028_slot,combined_fixture_stress,particle_filter_fixture,slot,unknown,slot,follow_slot_axis,0.60495,1,0.28000,1,1,0,0,0,0.79200,1.89162,0.59936,0.16051,0.55,0.00702,0.31159,0.02030,0.60495,0.03152,0.02462,0.25,0.00000
3,12028,combined_fixture_stress_3_12028_slot,combined_fixture_stress,latent_fixture_inference_v5,slot,unknown,slot,cautious_probe_pull,0.39819,1,0.18213,0,0,1,1,1,0.02781,2.84720,0.28542,0.08146,0.55,0.04243,0.38571,0.05493,0.39819,0.06377,0.05497,0.25,1.00000
3,12029,combined_fixture_stress_3_12029_suction,combined_fixture_stress,prototype_system_id,suction,unknown,suction,peel_then_translate,0.36742,1,0.25000,1,1,0,0,0,0.67500,1.89885,0.52903,0.22181,0.55,0.02475,0.27745,0.05572,0.07050,0.36742,0.20417,0.25,0.00000
3,12029,combined_fixture_stress_3_12029_suction,combined_fixture_stress,calibrated_prototype_system_id,suction,unknown,suction,peel_then_translate,0.38315,1,0.25500,0,1,0,1,0,0.30352,2.59902,0.55544,0.19764,0.55,0.03622,0.27123,0.05505,0.06559,0.38315,0.18875,0.25,0.55000
3,12029,combined_fixture_stress_3_12029_suction,combined_fixture_stress,random_forest_probe_classifier,suction,unknown,suction,peel_then_translate,0.55270,1,0.26578,1,1,0,0,0,0.67342,1.89940,0.59323,0.16546,0.55,0.00046,0.33578,0.00327,0.00239,0.55270,0.10540,0.25,0.00000
3,12029,combined_fixture_stress_3_12029_suction,combined_fixture_stress,bayesian_fixture_belief,suction,unknown,suction,peel_then_translate,0.32244,1,0.29280,1,1,0,0,0,0.67072,1.90035,0.52673,0.22398,0.55,0.10643,0.18551,0.11429,0.11460,0.32244,0.15673,0.25,0.00000
3,12029,combined_fixture_stress_3_12029_suction,combined_fixture_stress,robust_impedance_planner,suction,unknown,suction,cautious_probe_pull,0.37387,1,0.34137,0,0,1,0,0,0.04586,2.11905,0.15297,0.02340,0.55,0.04974,0.24881,0.06849,0.07696,0.37387,0.18213,0.25,0.00000
3,12029,combined_fixture_stress_3_12029_suction,combined_fixture_stress,adaptive_probe_then_act,suction,unknown,suction,cautious_probe_pull,0.38617,1,0.22911,0,0,0,1,0,0.30469,2.59812,0.16494,0.69733,0.55,0.04053,0.28898,0.05172,0.05659,0.38617,0.17602,0.25,0.55000
3,12029,combined_fixture_stress_3_12029_suction,combined_fixture_stress,particle_filter_fixture,suction,unknown,suction,peel_then_translate,0.54369,1,0.28000,0,0,1,0,0,0.05200,2.11690,0.54419,0.29614,0.55,0.01137,0.22231,0.03227,0.03961,0.54369,0.15074,0.25,0.00000
3,12029,combined_fixture_stress_3_12029_suction,combined_fixture_stress,latent_fixture_inference_v5,suction,unknown,suction,peel_then_translate,0.54192,1,0.17207,1,1,0,0,0,0.68279,1.89612,0.63313,0.13460,0.55,0.03654,0.18675,0.05036,0.05275,0.54192,0.13169,0.25,0.00000
3,12030,combined_fixture_stress_3_12030_tether,combined_fixture_stress,prototype_system_id,tether,suction,tether,unwind_tether,0.45777,1,0.25000,0,0,1,0,0,0.05500,2.05999,0.52833,0.27913,0.55,0.01808,0.10203,0.24970,0.08278,0.08964,0.45777,0.25,0.00000
3,12030,combined_fixture_stress_3_12030_tether,combined_fixture_stress,calibrated_prototype_system_id,tether,suction,tether,unwind_tether,0.47652,1,0.25500,1,1,0,0,0,0.67450,1.84317,0.55592,0.19721,0.55,0.01677,0.07285,0.21727,0.05764,0.15894,0.47652,0.25,0.00000
3,12030,combined_fixture_stress_3_12030_tether,combined_fixture_stress,random_forest_probe_classifier,tether,suction,tether,unwind_tether,0.60645,1,0.26148,0,0,1,0,1,0.02423,2.06039,0.58679,0.34432,0.55,0.00187,0.10890,0.23185,0.02540,0.02553,0.60645,0.25,0.45000
3,12030,combined_fixture_stress_3_12030_tether,combined_fixture_stress,bayesian_fixture_belief,tether,suction,tether,unwind_tether,0.26121,1,0.29280,1,1,0,0,0,0.67072,1.84449,0.49973,0.25027,0.55,0.10119,0.16201,0.14861,0.12787,0.19911,0.26121,0.25,0.00000
3,12030,combined_fixture_stress_3_12030_tether,combined_fixture_stress,robust_impedance_planner,tether,suction,tether,cautious_probe_pull,0.42292,1,0.33629,0,0,0,1,0,0.29987,2.54601,0.19033,0.65556,0.55,0.04468,0.11324,0.21077,0.08861,0.11978,0.42292,0.25,0.55000
3,12030,combined_fixture_stress_3_12030_tether,combined_fixture_stress,adaptive_probe_then_act,tether,suction,tether,unwind_tether,0.49715,1,0.22023,1,1,0,0,0,0.67798,1.84195,0.58583,0.17154,0.55,0.03718,0.08323,0.22633,0.06475,0.09136,0.49715,0.25,0.00000
3,12030,combined_fixture_stress_3_12030_tether,combined_fixture_stress,particle_filter_fixture,tether,suction,tether,unwind_tether,0.43551,1,0.28000,1,1,0,0,0,0.67200,1.84404,0.50845,0.24162,0.55,0.01007,0.21403,0.17566,0.08019,0.08454,0.43551,0.25,0.00000
3,12030,combined_fixture_stress_3_12030_tether,combined_fixture_stress,latent_fixture_inference_v5,tether,suction,tether,cautious_probe_pull,0.36276,1,0.18461,0,0,1,1,0,0.02769,2.75770,0.21568,0.04652,0.55,0.03591,0.24716,0.13712,0.09682,0.12022,0.36276,0.25,0.55000
3,12031,combined_fixture_stress_3_12031_free,combined_fixture_stress,prototype_system_id,free,unknown,free,direct_translate,0.73282,1,0.25000,1,1,0,0,0,0.79500,1.94035,0.71508,0.08118,0.55,0.73282,0.01397,0.07808,0.06987,0.03007,0.07520,0.25,0.00000
3,12031,combined_fixture_stress_3_12031_free,combined_fixture_stress,calibrated_prototype_system_id,free,unknown,free,direct_translate,0.75192,1,0.25500,1,1,0,0,0,0.79450,1.94052,0.74573,0.06465,0.55,0.75192,0.03024,0.06264,0.05766,0.03667,0.06087,0.25,0.00000
3,12031,combined_fixture_stress_3_12031_free,combined_fixture_stress,random_forest_probe_classifier,free,unknown,free,direct_translate,0.72067,1,0.25235,1,1,0,0,0,0.79477,1.94043,0.74867,0.06317,0.55,0.72067,0.04580,0.08128,0.07829,0.03415,0.03981,0.25,0.00000
3,12031,combined_fixture_stress_3_12031_free,combined_fixture_stress,bayesian_fixture_belief,free,unknown,free,direct_translate,0.26595,1,0.29280,0,1,0,0,1,0.35582,1.94185,0.61973,0.14460,0.55,0.26595,0.12822,0.15386,0.16371,0.13455,0.15371,0.25,0.45000
3,12031,combined_fixture_stress_3_12031_free,combined_fixture_stress,robust_impedance_planner,free,unknown,free,direct_translate,0.61291,1,0.34896,1,1,0,0,0,0.78510,1.94381,0.72507,0.07559,0.55,0.61291,0.05277,0.09162,0.09115,0.06146,0.09008,0.25,0.00000
3,12031,combined_fixture_stress_3_12031_free,combined_fixture_stress,adaptive_probe_then_act,free,unknown,free,direct_translate,0.68197,1,0.20544,1,1,0,0,0,0.79946,1.93879,0.76180,0.05674,0.55,0.68197,0.04523,0.06860,0.08616,0.05029,0.06775,0.25,0.00000
3,12031,combined_fixture_stress_3_12031_free,combined_fixture_stress,particle_filter_fixture,free,unknown,free,direct_translate,0.53277,1,0.28000,1,1,0,0,0,0.79200,1.94140,0.65527,0.11884,0.55,0.53277,0.07195,0.09233,0.14706,0.06217,0.09373,0.25,0.00000
3,12031,combined_fixture_stress_3_12031_free,combined_fixture_stress,latent_fixture_inference_v5,free,unknown,free,cautious_probe_pull,0.35302,1,0.18529,0,1,0,1,0,0.30666,2.68008,0.44407,0.30906,0.55,0.35302,0.11404,0.12133,0.18789,0.09978,0.12393,0.25,0.55000
3,12032,combined_fixture_stress_3_12032_clamp,combined_fixture_stress,prototype_system_id,clamp,unknown,clamp,release_clamp_pull,0.50757,1,0.25000,1,1,0,0,0,0.79500,1.96810,0.54564,0.20645,0.55,0.00939,0.50757,0.03318,0.03845,0.24497,0.16644,0.25,0.00000
3,12032,combined_fixture_stress_3_12032_clamp,combined_fixture_stress,calibrated_prototype_system_id,clamp,unknown,clamp,release_clamp_pull,0.53199,1,0.25500,1,1,0,0,0,0.79450,1.96827,0.57473,0.18086,0.55,0.02906,0.53199,0.03968,0.04253,0.21684,0.13990,0.25,0.00000
3,12032,combined_fixture_stress_3_12032_clamp,combined_fixture_stress,random_forest_probe_classifier,clamp,unknown,clamp,release_clamp_pull,0.50123,1,0.26990,1,1,0,0,0,0.79301,1.96879,0.57379,0.18166,0.55,0.00016,0.50123,0.00155,0.00167,0.42265,0.07275,0.25,0.00000
3,12032,combined_fixture_stress_3_12032_clamp,combined_fixture_stress,bayesian_fixture_belief,clamp,unknown,suction,peel_then_translate,0.27696,0,0.79000,0,0,1,1,0,0.00045,2.94600,0.01595,0.00025,0.55,0.10953,0.21903,0.11410,0.11488,0.27696,0.16551,0.25,0.55000
3,12032,combined_fixture_stress_3_12032_clamp,combined_fixture_stress,robust_impedance_planner,clamp,unknown,clamp,cautious_probe_pull,0.43703,1,0.35149,1,0,0,0,0,0.66485,2.01365,0.11158,0.78930,0.55,0.04432,0.43703,0.05598,0.05876,0.25048,0.15344,0.25,0.00000
3,12032,combined_fixture_stress_3_12032_clamp,combined_fixture_stress,adaptive_probe_then_act,clamp,unknown,clamp,release_clamp_pull,0.41834,1,0.22653,1,1,0,0,0,0.79735,1.96727,0.57757,0.17844,0.55,0.03834,0.41834,0.04470,0.06271,0.32840,0.10751,0.25,0.00000
3,12032,combined_fixture_stress_3_12032_clamp,combined_fixture_stress,particle_filter_fixture,clamp,unknown,suction,peel_then_translate,0.44719,0,0.78000,0,0,1,1,0,0.00090,2.94565,0.01690,0.00029,0.55,0.00355,0.37586,0.01677,0.01966,0.44719,0.13697,0.25,0.55000
3,12032,combined_fixture_stress_3_12032_clamp,combined_fixture_stress,latent_fixture_inference_v5,clamp,unknown,suction,peel_then_translate,0.47940,0,0.66000,0,0,1,1,0,0.00630,2.94145,0.01708,0.00029,0.55,0.03415,0.26395,0.04201,0.04352,0.47940,0.13697,0.25,0.55000
4,12025,combined_fixture_stress_4_12025_hinge,combined_fixture_stress,prototype_system_id,hinge,unknown,hinge,pivot_rotate,0.62829,1,0.25000,1,1,0,0,0,0.79500,1.94427,0.59391,0.16491,0.55,0.02123,0.04058,0.62829,0.16190,0.04647,0.10153,0.25,0.00000
4,12025,combined_fixture_stress_4_12025_hinge,combined_fixture_stress,calibrated_prototype_system_id,hinge,unknown,hinge,pivot_rotate,0.66532,1,0.25500,1,1,0,0,0,0.79450,1.94445,0.62661,0.13942,0.55,0.03346,0.04285,0.66532,0.13024,0.04608,0.08205,0.25,0.00000
4,12025,combined_fixture_stress_4_12025_hinge,combined_fixture_stress,random_forest_probe_classifier,hinge,unknown,hinge,pivot_rotate,0.43711,1,0.27503,1,1,0,0,0,0.79250,1.94515,0.58579,0.17157,0.55,0.00297,0.10724,0.43711,0.29183,0.06264,0.09821,0.25,0.00000
4,12025,combined_fixture_stress_4_12025_hinge,combined_fixture_stress,bayesian_fixture_belief,hinge,unknown,hinge,pivot_rotate,0.28070,1,0.29280,0,0,1,1,0,0.07682,2.86277,0.53511,0.28634,0.55,0.11501,0.14650,0.28070,0.19183,0.12936,0.13660,0.25,0.55000
4,12025,combined_fixture_stress_4_12025_hinge,combined_fixture_stress,robust_impedance_planner,hinge,unknown,hinge,pivot_rotate,0.55241,1,0.34932,1,1,0,0,0,0.78507,1.94775,0.61499,0.14823,0.55,0.05080,0.07133,0.55241,0.15787,0.06764,0.09995,0.25,0.00000
4,12025,combined_fixture_stress_4_12025_hinge,combined_fixture_stress,adaptive_probe_then_act,hinge,unknown,hinge,pivot_rotate,0.61488,1,0.21081,1,1,0,0,0,0.79892,1.94290,0.64651,0.12495,0.55,0.04219,0.05715,0.61488,0.16149,0.05278,0.07152,0.25,0.00000
4,12025,combined_fixture_stress_4_12025_hinge,combined_fixture_stress,particle_filter_fixture,hinge,unknown,hinge,pivot_rotate,0.49699,1,0.28000,1,1,0,0,0,0.79200,1.94532,0.55321,0.19962,0.55,0.01280,0.17471,0.49699,0.19803,0.04900,0.06846,0.25,0.00000
4,12025,combined_fixture_stress_4_12025_hinge,combined_fixture_stress,latent_fixture_inference_v5,hinge,unknown,hinge,cautious_probe_pull,0.36175,1,0.18468,0,0,0,1,0,0.30669,2.68398,0.08418,0.83873,0.55,0.04219,0.22376,0.36175,0.21490,0.07751,0.07989,0.25,0.55000
4,12026,combined_fixture_stress_4_12026_slot,combined_fixture_stress,prototype_system_id,slot,clamp,slot,follow_slot_axis,0.74193,1,0.25000,1,1,0,0,0,0.79500,1.99585,0.64283,0.12757,0.55,0.01809,0.02698,0.07487,0.74193,0.07149,0.06664,0.25,0.00000
4,12026,combined_fixture_stress_4_12026_slot,combined_fixture_stress,calibrated_prototype_system_id,slot,clamp,slot,follow_slot_axis,0.74270,1,0.25500,0,1,0,1,0,0.35752,2.69603,0.66943,0.10928,0.55,0.01569,0.11525,0.04442,0.74270,0.04239,0.03954,0.25,0.55000
4,12026,combined_fixture_stress_4_12026_slot,combined_fixture_stress,random_forest_probe_classifier,slot,clamp,slot,follow_slot_axis,0.76036,1,0.24917,1,1,0,0,0,0.79508,1.99582,0.68395,0.09988,0.55,0.00082,0.22698,0.00375,0.76036,0.00554,0.00256,0.25,0.00000
4,12026,combined_fixture_stress_4_12026_slot,combined_fixture_stress,bayesian_fixture_belief,slot,clamp,slot,follow_slot_axis,0.25662,1,0.29280,1,1,0,0,0,0.79072,1.99735,0.55435,0.19861,0.55,0.11844,0.23680,0.12972,0.25662,0.13172,0.12669,0.25,0.00000
4,12026,combined_fixture_stress_4_12026_slot,combined_fixture_stress,robust_impedance_planner,slot,clamp,slot,follow_slot_axis,0.61480,1,0.35401,1,1,0,0,0,0.78460,1.99949,0.65278,0.12056,0.55,0.05053,0.09899,0.08065,0.61480,0.07969,0.07534,0.25,0.00000
4,12026,combined_fixture_stress_4_12026_slot,combined_fixture_stress,adaptive_probe_then_act,slot,clamp,slot,follow_slot_axis,0.68186,1,0.20545,0,0,1,0,0,0.17945,2.21129,0.68890,0.47458,0.55,0.04256,0.08441,0.05939,0.68186,0.05915,0.07262,0.25,0.00000
4,12026,combined_fixture_stress_4_12026_slot,combined_fixture_stress,particle_filter_fixture,slot,clamp,slot,follow_slot_axis,0.53277,1,0.28000,1,1,0,0,0,0.79200,1.99690,0.58574,0.17161,0.55,0.00795,0.34251,0.04074,0.53277,0.04151,0.03453,0.25,0.00000
4,12026,combined_fixture_stress_4_12026_slot,combined_fixture_stress,latent_fixture_inference_v5,slot,clamp,clamp,release_clamp_pull,0.44138,0,0.66000,0,0,1,1,1,0.06030,2.92720,0.01687,0.00028,0.55,0.03906,0.44138,0.05834,0.34646,0.06108,0.05368,0.25,1.00000
4,12027,combined_fixture_stress_4_12027_suction,combined_fixture_stress,prototype_system_id,suction,clamp,suction,peel_then_translate,0.58976,1,0.25000,1,1,0,0,0,0.67500,2.08988,0.56905,0.18572,0.55,0.01476,0.09870,0.04117,0.17402,0.58976,0.08158,0.25,0.00000
4,12027,combined_fixture_stress_4_12027_suction,combined_fixture_stress,calibrated_prototype_system_id,suction,clamp,suction,peel_then_translate,0.61453,1,0.25500,1,1,0,0,0,0.67450,2.09006,0.59894,0.16085,0.55,0.01496,0.16156,0.02765,0.12812,0.61453,0.05318,0.25,0.00000
4,12027,combined_fixture_stress_4_12027_suction,combined_fixture_stress,random_forest_probe_classifier,suction,clamp,suction,peel_then_translate,0.83017,1,0.24359,0,0,1,0,0,0.05564,2.30666,0.65226,0.42544,0.55,0.00024,0.02751,0.00225,0.09126,0.83017,0.04859,0.25,0.00000
4,12027,combined_fixture_stress_4_12027_suction,combined_fixture_stress,bayesian_fixture_belief,suction,clamp,suction,peel_then_translate,0.37503,1,0.29280,0,1,0,1,0,0.30182,2.79138,0.53631,0.21501,0.55,0.09685,0.19746,0.10209,0.11837,0.37503,0.11019,0.25,0.55000
4,12027,combined_fixture_stress_4_12027_suction,combined_fixture_stress,robust_impedance_planner,suction,clamp,suction,peel_then_translate,0.56249,1,0.35874,0,0,1,0,0,0.04413,2.31069,0.59694,0.35634,0.55,0.04143,0.12228,0.05502,0.13947,0.56249,0.07931,0.25,0.00000
4,12027,combined_fixture_stress_4_12027_suction,combined_fixture_stress,adaptive_probe_then_act,suction,clamp,suction,peel_then_translate,0.64768,1,0.20819,1,1,0,0,0,0.67918,2.08842,0.63585,0.13260,0.55,0.03489,0.09198,0.04241,0.12633,0.64768,0.05671,0.25,0.00000
4,12027,combined_fixture_stress_4_12027_suction,combined_fixture_stress,particle_filter_fixture,suction,clamp,suction,peel_then_translate,0.72797,1,0.28000,1,1,0,0,0,0.67200,2.09093,0.57638,0.17946,0.55,0.00594,0.09126,0.02179,0.10469,0.72797,0.04835,0.25,0.00000
4,12027,combined_fixture_stress_4_12027_suction,combined_fixture_stress,latent_fixture_inference_v5,suction,clamp,suction,peel_then_translate,0.66188,1,0.16367,1,1,0,0,0,0.68363,2.08686,0.65980,0.11574,0.55,0.03128,0.12420,0.04109,0.08413,0.66188,0.05742,0.25,0.00000
4,12028,combined_fixture_stress_4_12028_tether,combined_fixture_stress,prototype_system_id,tether,unknown,tether,unwind_tether,0.40578,1,0.25000,1,1,0,0,0,0.67500,2.09615,0.51926,0.23111,0.55,0.03136,0.12559,0.29537,0.06482,0.07708,0.40578,0.25,0.00000
4,12028,combined_fixture_stress_4_12028_tether,combined_fixture_stress,calibrated_prototype_system_id,tether,unknown,tether,unwind_tether,0.42938,1,0.25500,0,0,1,0,0,0.05450,2.31333,0.54732,0.29956,0.55,0.03965,0.11018,0.28969,0.06105,0.07005,0.42938,0.25,0.00000
4,12028,combined_fixture_stress_4_12028_tether,combined_fixture_stress,random_forest_probe_classifier,tether,unknown,tether,unwind_tether,0.62733,1,0.25981,1,1,0,0,0,0.67402,2.09650,0.59109,0.16721,0.55,0.00126,0.11253,0.19509,0.00858,0.05522,0.62733,0.25,0.00000
4,12028,combined_fixture_stress_4_12028_tether,combined_fixture_stress,bayesian_fixture_belief,tether,unknown,tether,unwind_tether,0.28136,1,0.29280,1,0,0,0,0,0.67072,2.09765,0.50328,0.24673,0.55,0.10892,0.18508,0.17652,0.12160,0.12653,0.28136,0.25,0.00000
4,12028,combined_fixture_stress_4_12028_tether,combined_fixture_stress,robust_impedance_planner,tether,unknown,tether,cautious_probe_pull,0.38897,1,0.35931,0,0,0,1,1,0.29883,2.79998,0.18245,0.66839,0.55,0.05373,0.13760,0.25840,0.07618,0.08512,0.38897,0.25,1.00000
4,12028,combined_fixture_stress_4_12028_tether,combined_fixture_stress,adaptive_probe_then_act,tether,unknown,tether,cautious_probe_pull,0.37665,1,0.22987,0,1,0,1,0,0.30465,2.79545,0.19724,0.64443,0.55,0.04292,0.10072,0.34366,0.05692,0.07913,0.37665,0.25,0.55000
4,12028,combined_fixture_stress_4_12028_tether,combined_fixture_stress,particle_filter_fixture,tether,unknown,tether,unwind_tether,0.42714,1,0.28000,1,1,0,0,0,0.67200,2.09720,0.50703,0.24302,0.55,0.01589,0.23474,0.22003,0.04518,0.05701,0.42714,0.25,0.00000
4,12028,combined_fixture_stress_4_12028_tether,combined_fixture_stress,latent_fixture_inference_v5,tether,unknown,tether,cautious_probe_pull,0.38322,1,0.18317,0,0,1,1,0,0.02776,3.01081,0.21754,0.04732,0.55,0.03990,0.26701,0.17360,0.06330,0.07297,0.38322,0.25,0.55000
4,12029,combined_fixture_stress_4_12029_free,combined_fixture_stress,prototype_system_id,free,unknown,free,direct_translate,0.83929,1,0.25000,1,1,0,0,0,0.79500,2.04235,0.73812,0.06858,0.55,0.83929,0.00626,0.04059,0.05266,0.02327,0.03794,0.25,0.00000
4,12029,combined_fixture_stress_4_12029_free,combined_fixture_stress,calibrated_prototype_system_id,free,unknown,free,direct_translate,0.81405,1,0.25500,0,0,1,0,0,0.17450,2.25953,0.75968,0.57711,0.55,0.81405,0.02777,0.04021,0.04586,0.03308,0.03903,0.25,0.00000
4,12029,combined_fixture_stress_4_12029_free,combined_fixture_stress,random_forest_probe_classifier,free,unknown,free,direct_translate,0.72597,1,0.25192,0,1,0,1,0,0.35766,2.74242,0.75000,0.06250,0.55,0.72597,0.05214,0.04083,0.10400,0.04264,0.03442,0.25,0.55000
4,12029,combined_fixture_stress_4_12029_free,combined_fixture_stress,bayesian_fixture_belief,free,unknown,free,direct_translate,0.29752,1,0.29280,1,1,0,0,0,0.79072,2.04385,0.62663,0.13941,0.55,0.29752,0.12662,0.14401,0.15431,0.13633,0.14121,0.25,0.00000
4,12029,combined_fixture_stress_4_12029_free,combined_fixture_stress,robust_impedance_planner,free,unknown,free,direct_translate,0.67859,1,0.35824,1,1,0,0,0,0.78418,2.04614,0.73750,0.06891,0.55,0.67859,0.04953,0.06868,0.07782,0.05887,0.06651,0.25,0.00000
4,12029,combined_fixture_stress_4_12029_free,combined_fixture_stress,adaptive_probe_then_act,free,unknown,free,direct_translate,0.73727,1,0.20102,1,1,0,0,0,0.79990,2.04064,0.77598,0.05019,0.55,0.73727,0.04356,0.05510,0.06117,0.04927,0.05362,0.25,0.00000
4,12029,combined_fixture_stress_4_12029_free,combined_fixture_stress,particle_filter_fixture,free,unknown,free,direct_translate,0.59827,1,0.28000,0,0,1,0,0,0.17200,2.26040,0.66910,0.44769,0.55,0.59827,0.07805,0.07625,0.11082,0.07099,0.06562,0.25,0.00000
4,12029,combined_fixture_stress_4_12029_free,combined_fixture_stress,latent_fixture_inference_v5,free,unknown,free,cautious_probe_pull,0.39449,1,0.18239,0,1,0,1,1,0.30679,2.78199,0.45109,0.30130,0.55,0.39449,0.12270,0.11492,0.15201,0.11262,0.10326,0.25,1.00000
4,12030,combined_fixture_stress_4_12030_clamp,combined_fixture_stress,prototype_system_id,clamp,unknown,clamp,release_clamp_pull,0.50810,1,0.25000,1,1,0,0,0,0.79500,2.05001,0.54573,0.20636,0.55,0.00355,0.50810,0.03757,0.03052,0.23933,0.18092,0.25,0.00000
4,12030,combined_fixture_stress_4_12030_clamp,combined_fixture_stress,calibrated_prototype_system_id,clamp,unknown,clamp,release_clamp_pull,0.52991,1,0.25500,1,1,0,0,0,0.79450,2.05019,0.57434,0.18118,0.55,0.02731,0.52991,0.04196,0.03824,0.20997,0.15261,0.25,0.00000
4,12030,combined_fixture_stress_4_12030_clamp,combined_fixture_stress,random_forest_probe_classifier,clamp,unknown,clamp,release_clamp_pull,0.69462,1,0.25443,0,0,1,0,0,0.17456,2.26717,0.61415,0.37718,0.55,0.00019,0.69462,0.00237,0.00167,0.21854,0.08260,0.25,0.00000
4,12030,combined_fixture_stress_4_12030_clamp,combined_fixture_stress,bayesian_fixture_belief,clamp,unknown,suction,peel_then_translate,0.25553,0,0.79000,0,0,1,1,0,0.00045,3.02791,0.01583,0.00025,0.55,0.10599,0.24420,0.11234,0.11060,0.25553,0.17135,0.25,0.55000
4,12030,combined_fixture_stress_4_12030_clamp,combined_fixture_stress,robust_impedance_planner,clamp,unknown,clamp,cautious_probe_pull,0.44558,1,0.35893,0,0,1,1,0,0.01985,3.01282,0.11000,0.01210,0.55,0.04109,0.44558,0.05731,0.05337,0.23767,0.16497,0.25,0.55000
4,12030,combined_fixture_stress_4_12030_clamp,combined_fixture_stress,adaptive_probe_then_act,clamp,unknown,clamp,release_clamp_pull,0.57414,1,0.21407,0,0,1,0,0,0.17859,2.26575,0.61096,0.37328,0.55,0.03634,0.57414,0.04513,0.04286,0.16982,0.13172,0.25,0.00000
4,12030,combined_fixture_stress_4_12030_clamp,combined_fixture_stress,particle_filter_fixture,clamp,unknown,clamp,release_clamp_pull,0.40346,1,0.28000,1,1,0,0,0,0.79200,2.05106,0.51136,0.23877,0.55,0.00131,0.40346,0.02018,0.01556,0.39889,0.16060,0.25,0.00000
4,12030,combined_fixture_stress_4_12030_clamp,combined_fixture_stress,latent_fixture_inference_v5,clamp,unknown,suction,peel_then_translate,0.42227,0,0.66000,0,0,1,0,1,0.00630,2.32336,0.01676,0.00028,0.55,0.03237,0.30222,0.04369,0.04060,0.42227,0.15885,0.25,0.45000
4,12031,combined_fixture_stress_4_12031_hinge,combined_fixture_stress,prototype_system_id,hinge,hinge,hinge,pivot_rotate,0.51286,1,0.25000,1,1,0,0,0,0.79500,1.93240,0.57248,0.18277,0.55,0.04531,0.04168,0.51286,0.23068,0.05652,0.11295,0.25,0.00000
4,12031,combined_fixture_stress_4_12031_hinge,combined_fixture_stress,calibrated_prototype_system_id,hinge,hinge,hinge,pivot_rotate,0.63208,1,0.25500,0,0,1,0,0,0.17450,2.14957,0.62017,0.38462,0.55,0.03094,0.02879,0.63208,0.19056,0.03794,0.07969,0.25,0.00000
4,12031,combined_fixture_stress_4_12031_hinge,combined_fixture_stress,random_forest_probe_classifier,hinge,hinge,slot,follow_slot_axis,0.45921,0,0.80000,0,0,1,1,0,0.05400,2.86865,0.01697,0.00029,0.55,0.04713,0.10115,0.31418,0.45921,0.02199,0.05635,0.25,0.55000
4,12031,combined_fixture_stress_4_12031_hinge,combined_fixture_stress,bayesian_fixture_belief,hinge,hinge,hinge,pivot_rotate,0.31686,1,0.29280,1,1,0,0,0,0.79072,1.93390,0.54189,0.20986,0.55,0.10818,0.13316,0.31686,0.19275,0.12135,0.12769,0.25,0.00000
4,12031,combined_fixture_stress_4_12031_hinge,combined_fixture_stress,robust_impedance_planner,hinge,hinge,hinge,pivot_rotate,0.48521,1,0.34824,1,1,0,0,0,0.78518,1.93584,0.60204,0.15838,0.55,0.05991,0.06758,0.48521,0.21064,0.07074,0.10592,0.25,0.00000
4,12031,combined_fixture_stress_4_12031_hinge,combined_fixture_stress,adaptive_probe_then_act,hinge,hinge,hinge,pivot_rotate,0.51008,1,0.21919,1,1,0,0,0,0.79808,1.93132,0.62308,0.14207,0.55,0.04597,0.05349,0.51008,0.22926,0.07008,0.09112,0.25,0.00000
4,12031,combined_fixture_stress_4_12031_hinge,combined_fixture_stress,particle_filter_fixture,hinge,hinge,hinge,pivot_rotate,0.42929,1,0.28000,0,0,1,0,0,0.17200,2.15045,0.54100,0.29269,0.55,0.02640,0.16701,0.42929,0.23817,0.05944,0.07970,0.25,0.00000
4,12031,combined_fixture_stress_4_12031_hinge,combined_fixture_stress,latent_fixture_inference_v5,hinge,hinge,hinge,cautious_probe_pull,0.34799,1,0.18564,0,0,1,1,1,0.02765,2.88915,0.08355,0.00698,0.55,0.04627,0.21053,0.34799,0.22852,0.08247,0.08420,0.25,1.00000
4,12032,combined_fixture_stress_4_12032_slot,combined_fixture_stress,prototype_system_id,slot,tether,slot,follow_slot_axis,0.73034,1,0.25000,0,1,0,0,1,0.35775,2.02813,0.64058,0.12918,0.55,0.10199,0.01281,0.05084,0.73034,0.04969,0.05432,0.25,0.45000
4,12032,combined_fixture_stress_4_12032_slot,combined_fixture_stress,calibrated_prototype_system_id,slot,tether,slot,follow_slot_axis,0.73385,1,0.25500,0,1,0,1,0,0.35752,2.72831,0.66764,0.11046,0.55,0.06223,0.01386,0.03093,0.73385,0.03032,0.12881,0.25,0.55000
4,12032,combined_fixture_stress_4_12032_slot,combined_fixture_stress,random_forest_probe_classifier,slot,tether,slot,follow_slot_axis,0.75754,1,0.24940,0,0,1,1,0,0.07878,2.94511,0.68331,0.46692,0.55,0.00138,0.21286,0.00784,0.75754,0.01128,0.00909,0.25,0.55000
4,12032,combined_fixture_stress_4_12032_slot,combined_fixture_stress,bayesian_fixture_belief,slot,tether,slot,follow_slot_axis,0.24966,1,0.29280,0,0,1,0,1,0.07682,2.24663,0.55298,0.30579,0.55,0.12838,0.13975,0.13174,0.24966,0.13391,0.21655,0.25,0.45000
4,12032,combined_fixture_stress_4_12032_slot,combined_fixture_stress,robust_impedance_planner,slot,tether,slot,follow_slot_axis,0.60516,1,0.35694,0,0,1,0,0,0.16431,2.24888,0.65002,0.42253,0.55,0.09479,0.05675,0.06971,0.60516,0.07000,0.10359,0.25,0.00000
4,12032,combined_fixture_stress_4_12032_slot,combined_fixture_stress,adaptive_probe_then_act,slot,tether,slot,follow_slot_axis,0.64256,1,0.20860,1,0,0,0,0,0.79914,2.02668,0.67973,0.10257,0.55,0.11639,0.04898,0.05397,0.64256,0.05444,0.08366,0.25,0.00000
4,12032,combined_fixture_stress_4_12032_slot,combined_fixture_stress,particle_filter_fixture,slot,tether,slot,follow_slot_axis,0.52150,1,0.28000,1,1,0,0,0,0.79200,2.02918,0.58361,0.17338,0.55,0.05267,0.31563,0.03405,0.52150,0.03848,0.03768,0.25,0.00000
4,12032,combined_fixture_stress_4_12032_slot,combined_fixture_stress,latent_fixture_inference_v5,slot,tether,clamp,cautious_probe_pull,0.38720,0,0.66000,0,1,0,1,1,0.28530,2.78448,0.16560,0.69622,0.55,0.06058,0.38720,0.06046,0.33671,0.06642,0.08864,0.25,1.00000
5,12025,combined_fixture_stress_5_12025_suction,combined_fixture_stress,prototype_system_id,suction,unknown,suction,peel_then_translate,0.50634,1,0.25000,0,0,1,0,0,0.05500,2.19873,0.55403,0.30695,0.55,0.02454,0.10569,0.09766,0.15663,0.50634,0.10914,0.25,0.00000
5,12025,combined_fixture_stress_5_12025_suction,combined_fixture_stress,calibrated_prototype_system_id,suction,unknown,suction,peel_then_translate,0.55686,1,0.25500,1,1,0,0,0,0.67450,1.98191,0.58809,0.16967,0.55,0.03581,0.09149,0.08497,0.13654,0.55686,0.09434,0.25,0.00000
5,12025,combined_fixture_stress_5_12025_suction,combined_fixture_stress,random_forest_probe_classifier,suction,unknown,suction,peel_then_translate,0.83058,1,0.24355,0,0,1,0,0,0.05564,2.19851,0.65235,0.42556,0.55,0.00038,0.02191,0.04699,0.09133,0.83058,0.00881,0.25,0.00000
5,12025,combined_fixture_stress_5_12025_suction,combined_fixture_stress,bayesian_fixture_belief,suction,unknown,suction,peel_then_translate,0.38157,1,0.29280,1,1,0,0,0,0.67072,1.98323,0.53750,0.21391,0.55,0.10565,0.13891,0.11885,0.12688,0.38157,0.12814,0.25,0.00000
5,12025,combined_fixture_stress_5_12025_suction,combined_fixture_stress,robust_impedance_planner,suction,unknown,suction,peel_then_translate,0.51024,1,0.34891,0,0,1,0,0,0.04511,2.20219,0.58953,0.34755,0.55,0.04918,0.10661,0.09403,0.13527,0.51024,0.10467,0.25,0.00000
5,12025,combined_fixture_stress_5_12025_suction,combined_fixture_stress,adaptive_probe_then_act,suction,unknown,suction,peel_then_translate,0.63304,1,0.20936,1,1,0,0,0,0.67906,1.98031,0.63264,0.13495,0.55,0.04007,0.07657,0.08326,0.09286,0.63304,0.07420,0.25,0.00000
5,12025,combined_fixture_stress_5_12025_suction,combined_fixture_stress,particle_filter_fixture,suction,unknown,suction,peel_then_translate,0.67417,1,0.28000,0,0,1,0,0,0.05200,2.19978,0.56698,0.32147,0.55,0.01103,0.08912,0.05717,0.09637,0.67417,0.07214,0.25,0.00000
5,12025,combined_fixture_stress_5_12025_suction,combined_fixture_stress,latent_fixture_inference_v5,suction,unknown,suction,peel_then_translate,0.63976,1,0.16522,0,0,1,0,0,0.06348,2.19576,0.65487,0.42885,0.55,0.03606,0.10066,0.06263,0.08365,0.63976,0.07725,0.25,0.00000
5,12026,combined_fixture_stress_5_12026_tether,combined_fixture_stress,prototype_system_id,tether,unknown,tether,unwind_tether,0.32359,1,0.25000,1,1,0,0,0,0.67500,2.07451,0.50493,0.24510,0.55,0.02250,0.10888,0.18659,0.23112,0.12731,0.32359,0.25,0.00000
5,12026,combined_fixture_stress_5_12026_tether,combined_fixture_stress,calibrated_prototype_system_id,tether,unknown,tether,unwind_tether,0.34239,1,0.25500,1,1,0,0,0,0.67450,2.07468,0.53146,0.21953,0.55,0.03550,0.09990,0.17752,0.22769,0.11700,0.34239,0.25,0.00000
5,12026,combined_fixture_stress_5_12026_tether,combined_fixture_stress,random_forest_probe_classifier,tether,unknown,tether,unwind_tether,0.37831,1,0.27974,1,1,0,0,0,0.67203,2.07555,0.54014,0.21147,0.55,0.00143,0.11668,0.26989,0.13551,0.09819,0.37831,0.25,0.00000
5,12026,combined_fixture_stress_5_12026_tether,combined_fixture_stress,bayesian_fixture_belief,tether,unknown,tether,unwind_tether,0.23830,1,0.29280,1,1,0,0,0,0.67072,2.07601,0.49568,0.25434,0.55,0.10882,0.18090,0.14210,0.19346,0.13644,0.23830,0.25,0.00000
5,12026,combined_fixture_stress_5_12026_tether,combined_fixture_stress,robust_impedance_planner,tether,unknown,tether,cautious_probe_pull,0.31235,1,0.35734,0,0,0,1,1,0.29892,2.77827,0.17820,0.67535,0.55,0.04988,0.12733,0.16716,0.22052,0.12277,0.31235,0.25,1.00000
5,12026,combined_fixture_stress_5_12026_tether,combined_fixture_stress,adaptive_probe_then_act,tether,unknown,tether,cautious_probe_pull,0.33912,1,0.23287,1,1,0,0,0,0.67671,2.07391,0.19399,0.64965,0.55,0.04101,0.09465,0.16597,0.25552,0.10373,0.33912,0.25,0.00000
5,12026,combined_fixture_stress_5_12026_tether,combined_fixture_stress,particle_filter_fixture,tether,unknown,tether,unwind_tether,0.32336,1,0.28000,1,0,0,0,0,0.67200,2.07556,0.48949,0.26062,0.55,0.01187,0.23157,0.12682,0.21688,0.08949,0.32336,0.25,0.00000
5,12026,combined_fixture_stress_5_12026_tether,combined_fixture_stress,latent_fixture_inference_v5,tether,unknown,tether,cautious_probe_pull,0.29184,1,0.18957,0,0,1,1,1,0.02747,2.98939,0.20927,0.04379,0.55,0.03850,0.26865,0.10770,0.20283,0.09047,0.29184,0.25,1.00000
5,12027,combined_fixture_stress_5_12027_free,combined_fixture_stress,prototype_system_id,free,unknown,free,direct_translate,0.90736,1,0.25000,1,1,0,0,0,0.79500,1.84081,0.75285,0.06108,0.55,0.90736,0.00286,0.01236,0.03923,0.01843,0.01976,0.25,0.00000
5,12027,combined_fixture_stress_5_12027_free,combined_fixture_stress,calibrated_prototype_system_id,free,unknown,free,direct_translate,0.84249,1,0.25500,0,1,0,0,1,0.35752,1.84098,0.76605,0.05473,0.55,0.84249,0.02703,0.02923,0.03873,0.03105,0.03148,0.25,0.45000
5,12027,combined_fixture_stress_5_12027_free,combined_fixture_stress,random_forest_probe_classifier,free,unknown,free,direct_translate,0.77032,1,0.24837,0,1,0,0,1,0.35782,1.84075,0.76108,0.05708,0.55,0.77032,0.04878,0.06144,0.04402,0.03999,0.03544,0.25,0.45000
5,12027,combined_fixture_stress_5_12027_free,combined_fixture_stress,bayesian_fixture_belief,free,unknown,free,direct_translate,0.31456,1,0.29280,0,0,1,0,0,0.17072,2.05930,0.63035,0.39734,0.55,0.31456,0.12710,0.13587,0.14811,0.13720,0.13716,0.25,0.00000
5,12027,combined_fixture_stress_5_12027_free,combined_fixture_stress,robust_impedance_planner,free,unknown,free,direct_translate,0.71256,1,0.33991,1,1,0,0,0,0.78601,1.84395,0.75026,0.06237,0.55,0.71256,0.04882,0.05474,0.06904,0.05720,0.05764,0.25,0.00000
5,12027,combined_fixture_stress_5_12027_free,combined_fixture_stress,adaptive_probe_then_act,free,unknown,free,direct_translate,0.75593,1,0.19953,1,0,0,0,0,0.80005,1.83904,0.78077,0.04806,0.55,0.75593,0.04339,0.04737,0.05583,0.04864,0.04883,0.25,0.00000
5,12027,combined_fixture_stress_5_12027_free,combined_fixture_stress,particle_filter_fixture,free,unknown,free,direct_translate,0.63098,1,0.28000,1,1,0,0,0,0.79200,1.84186,0.67600,0.10497,0.55,0.63098,0.07198,0.09379,0.07972,0.06483,0.05871,0.25,0.00000
5,12027,combined_fixture_stress_5_12027_free,combined_fixture_stress,latent_fixture_inference_v5,free,unknown,free,cautious_probe_pull,0.41263,1,0.18112,0,0,1,0,0,0.06189,2.09740,0.45417,0.20627,0.55,0.41263,0.11706,0.14119,0.12078,0.10776,0.10058,0.25,0.00000
5,12028,combined_fixture_stress_5_12028_clamp,combined_fixture_stress,prototype_system_id,clamp,unknown,clamp,release_clamp_pull,0.42417,1,0.25000,0,0,1,0,0,0.17500,2.18783,0.53086,0.28181,0.55,0.00893,0.42417,0.05282,0.03980,0.33059,0.14369,0.25,0.00000
5,12028,combined_fixture_stress_5_12028_clamp,combined_fixture_stress,calibrated_prototype_system_id,clamp,unknown,clamp,release_clamp_pull,0.43474,1,0.25500,0,0,1,0,1,0.07852,2.18801,0.55672,0.30994,0.55,0.02896,0.43474,0.05162,0.04373,0.31876,0.12218,0.25,0.45000
5,12028,combined_fixture_stress_5_12028_clamp,combined_fixture_stress,random_forest_probe_classifier,clamp,unknown,suction,peel_then_translate,0.50301,0,0.80000,0,0,1,1,0,0.00000,2.94908,0.01722,0.00030,0.55,0.00018,0.42077,0.04569,0.00134,0.50301,0.02901,0.25,0.55000
5,12028,combined_fixture_stress_5_12028_clamp,combined_fixture_stress,bayesian_fixture_belief,clamp,unknown,suction,peel_then_translate,0.30420,0,0.79000,0,0,1,1,0,0.00045,2.94873,0.01610,0.00026,0.55,0.10590,0.21082,0.11346,0.11069,0.30420,0.15493,0.25,0.55000
5,12028,combined_fixture_stress_5_12028_clamp,combined_fixture_stress,robust_impedance_planner,clamp,unknown,clamp,cautious_probe_pull,0.36896,1,0.35173,0,0,0,1,1,0.29917,2.71640,0.10899,0.79390,0.55,0.04282,0.36896,0.06576,0.05808,0.32859,0.13580,0.25,1.00000
5,12028,combined_fixture_stress_5_12028_clamp,combined_fixture_stress,adaptive_probe_then_act,clamp,unknown,clamp,cautious_probe_pull,0.38802,1,0.22896,1,0,0,0,0,0.67710,2.01210,0.12364,0.76800,0.55,0.03706,0.38802,0.06634,0.04537,0.36730,0.09590,0.25,0.00000
5,12028,combined_fixture_stress_5_12028_clamp,combined_fixture_stress,particle_filter_fixture,clamp,unknown,suction,peel_then_translate,0.50105,0,0.78000,0,0,1,1,0,0.00090,2.94838,0.01721,0.00030,0.55,0.00342,0.32429,0.02837,0.02009,0.50105,0.12278,0.25,0.55000
5,12028,combined_fixture_stress_5_12028_clamp,combined_fixture_stress,latent_fixture_inference_v5,clamp,unknown,suction,peel_then_translate,0.50821,0,0.66000,0,0,1,0,0,0.01400,2.24418,0.01725,0.00030,0.55,0.03304,0.24204,0.04723,0.04215,0.50821,0.12732,0.25,0.00000
5,12029,combined_fixture_stress_5_12029_hinge,combined_fixture_stress,prototype_system_id,hinge,unknown,hinge,pivot_rotate,0.57694,1,0.25000,1,1,0,0,0,0.79500,1.99073,0.58438,0.17274,0.55,0.04798,0.05722,0.57694,0.14983,0.05172,0.11630,0.25,0.00000
5,12029,combined_fixture_stress_5_12029_hinge,combined_fixture_stress,calibrated_prototype_system_id,hinge,unknown,hinge,pivot_rotate,0.62644,1,0.25500,1,1,0,0,0,0.79450,1.99091,0.61908,0.14510,0.55,0.04800,0.05369,0.62644,0.12496,0.05026,0.09664,0.25,0.00000
5,12029,combined_fixture_stress_5_12029_hinge,combined_fixture_stress,random_forest_probe_classifier,hinge,unknown,hinge,pivot_rotate,0.50878,1,0.26930,0,0,1,0,0,0.17307,2.20841,0.60123,0.36148,0.55,0.04755,0.13296,0.50878,0.26674,0.02349,0.02048,0.25,0.00000
5,12029,combined_fixture_stress_5_12029_hinge,combined_fixture_stress,bayesian_fixture_belief,hinge,unknown,hinge,pivot_rotate,0.25074,1,0.29280,0,0,1,0,1,0.07682,2.20923,0.52949,0.28035,0.55,0.12190,0.16368,0.25074,0.17854,0.13484,0.15030,0.25,0.45000
5,12029,combined_fixture_stress_5_12029_hinge,combined_fixture_stress,robust_impedance_planner,hinge,unknown,hinge,pivot_rotate,0.51046,1,0.35354,0,0,1,0,1,0.07409,2.21135,0.60563,0.36679,0.55,0.06619,0.08684,0.51046,0.14775,0.07302,0.11575,0.25,0.45000
5,12029,combined_fixture_stress_5_12029_hinge,combined_fixture_stress,adaptive_probe_then_act,hinge,unknown,hinge,pivot_rotate,0.62003,1,0.21040,1,1,0,0,0,0.79896,1.98934,0.64767,0.12414,0.55,0.05111,0.06789,0.62003,0.12165,0.05654,0.08277,0.25,0.00000
5,12029,combined_fixture_stress_5_12029_hinge,combined_fixture_stress,particle_filter_fixture,hinge,unknown,hinge,pivot_rotate,0.44327,1,0.28000,0,0,1,0,0,0.17200,2.20878,0.54353,0.29542,0.55,0.02825,0.22176,0.44327,0.15561,0.05873,0.09237,0.25,0.00000
5,12029,combined_fixture_stress_5_12029_hinge,combined_fixture_stress,latent_fixture_inference_v5,hinge,unknown,hinge,cautious_probe_pull,0.31432,1,0.18800,0,0,0,1,1,0.30654,2.73056,0.08201,0.84270,0.55,0.05152,0.27443,0.31432,0.16823,0.08768,0.10383,0.25,1.00000
5,12030,combined_fixture_stress_5_12030_slot,combined_fixture_stress,prototype_system_id,slot,unknown,slot,follow_slot_axis,0.59747,1,0.25000,1,1,0,0,0,0.79500,1.95828,0.61480,0.14838,0.55,0.04146,0.03451,0.16377,0.59747,0.06728,0.09551,0.25,0.00000
5,12030,combined_fixture_stress_5_12030_slot,combined_fixture_stress,calibrated_prototype_system_id,slot,unknown,slot,follow_slot_axis,0.64213,1,0.25500,1,1,0,0,0,0.79450,1.95846,0.64911,0.12312,0.55,0.04384,0.04009,0.13511,0.64213,0.05955,0.07927,0.25,0.00000
5,12030,combined_fixture_stress_5_12030_slot,combined_fixture_stress,random_forest_probe_classifier,slot,unknown,slot,follow_slot_axis,0.69651,1,0.25428,1,1,0,0,0,0.79457,1.95843,0.66945,0.10927,0.55,0.00194,0.18246,0.09751,0.69651,0.01382,0.00775,0.25,0.00000
5,12030,combined_fixture_stress_5_12030_slot,combined_fixture_stress,bayesian_fixture_belief,slot,unknown,slot,follow_slot_axis,0.28756,1,0.29280,1,1,0,0,0,0.79072,1.95978,0.56041,0.19324,0.55,0.12259,0.15877,0.15379,0.28756,0.13866,0.13864,0.25,0.00000
5,12030,combined_fixture_stress_5_12030_slot,combined_fixture_stress,robust_impedance_planner,slot,unknown,slot,follow_slot_axis,0.53677,1,0.35059,1,1,0,0,0,0.78494,1.96180,0.63769,0.13127,0.55,0.06298,0.07344,0.14633,0.53677,0.08232,0.09815,0.25,0.00000
5,12030,combined_fixture_stress_5_12030_slot,combined_fixture_stress,adaptive_probe_then_act,slot,unknown,slot,follow_slot_axis,0.57379,1,0.21410,1,1,0,0,0,0.79859,1.95703,0.66373,0.11308,0.55,0.06593,0.06007,0.15076,0.57379,0.06203,0.08742,0.25,0.00000
5,12030,combined_fixture_stress_5_12030_slot,combined_fixture_stress,particle_filter_fixture,slot,unknown,slot,follow_slot_axis,0.47584,1,0.28000,0,1,0,1,0,0.35640,2.65933,0.57500,0.18063,0.55,0.02153,0.28178,0.10729,0.47584,0.05300,0.06056,0.25,0.55000
5,12030,combined_fixture_stress_5_12030_slot,combined_fixture_stress,latent_fixture_inference_v5,slot,unknown,slot,cautious_probe_pull,0.35295,1,0.18529,0,0,1,1,0,0.02766,2.91502,0.28029,0.07856,0.55,0.04683,0.34786,0.10187,0.35295,0.07664,0.07386,0.25,0.55000
5,12031,combined_fixture_stress_5_12031_suction,combined_fixture_stress,prototype_system_id,suction,unknown,suction,peel_then_translate,0.44245,1,0.25000,1,1,0,0,0,0.67500,1.93106,0.54253,0.20927,0.55,0.00596,0.24396,0.09325,0.08475,0.44245,0.12964,0.25,0.00000
5,12031,combined_fixture_stress_5_12031_suction,combined_fixture_stress,calibrated_prototype_system_id,suction,unknown,suction,peel_then_translate,0.47383,1,0.25500,0,1,0,1,0,0.30352,2.63124,0.57249,0.18277,0.55,0.02805,0.22787,0.08205,0.07538,0.47383,0.11282,0.25,0.55000
5,12031,combined_fixture_stress_5_12031_suction,combined_fixture_stress,random_forest_probe_classifier,suction,unknown,suction,peel_then_translate,0.84796,1,0.24216,1,1,0,0,0,0.67578,1.93079,0.65608,0.11828,0.55,0.00047,0.12384,0.00609,0.00784,0.84796,0.01381,0.25,0.00000
5,12031,combined_fixture_stress_5_12031_suction,combined_fixture_stress,bayesian_fixture_belief,suction,unknown,suction,peel_then_translate,0.33952,1,0.29280,1,1,0,0,0,0.67072,1.93256,0.52984,0.22105,0.55,0.10292,0.17997,0.12075,0.12153,0.33952,0.13530,0.25,0.00000
5,12031,combined_fixture_stress_5_12031_suction,combined_fixture_stress,robust_impedance_planner,suction,unknown,suction,cautious_probe_pull,0.44010,1,0.34430,0,0,1,0,1,0.02051,2.15136,0.15567,0.02423,0.55,0.04072,0.21866,0.09227,0.08745,0.44010,0.12080,0.25,0.45000
5,12031,combined_fixture_stress_5_12031_suction,combined_fixture_stress,adaptive_probe_then_act,suction,unknown,suction,peel_then_translate,0.54825,1,0.21614,1,0,0,0,0,0.67839,1.92987,0.61413,0.14890,0.55,0.03564,0.18515,0.06613,0.06337,0.54825,0.10146,0.25,0.00000
5,12031,combined_fixture_stress_5_12031_suction,combined_fixture_stress,particle_filter_fixture,suction,unknown,suction,peel_then_translate,0.58591,1,0.28000,1,1,0,0,0,0.67200,1.93211,0.55156,0.20110,0.55,0.00267,0.20461,0.05838,0.05574,0.58591,0.09269,0.25,0.00000
5,12031,combined_fixture_stress_5_12031_suction,combined_fixture_stress,latent_fixture_inference_v5,suction,unknown,suction,peel_then_translate,0.55970,1,0.17082,1,1,0,0,0,0.68292,1.92829,0.63707,0.13172,0.55,0.03222,0.18109,0.06634,0.06710,0.55970,0.09355,0.25,0.00000
5,12032,combined_fixture_stress_5_12032_tether,combined_fixture_stress,prototype_system_id,tether,unknown,tether,unwind_tether,0.35552,1,0.25000,1,1,0,0,0,0.67500,2.05900,0.51050,0.23961,0.55,0.04829,0.08773,0.19006,0.15853,0.15987,0.35552,0.25,0.00000
5,12032,combined_fixture_stress_5_12032_tether,combined_fixture_stress,calibrated_prototype_system_id,tether,unknown,tether,unwind_tether,0.38655,1,0.25500,1,1,0,0,0,0.67450,2.05917,0.53951,0.21205,0.55,0.05139,0.08173,0.18201,0.14847,0.14984,0.38655,0.25,0.00000
5,12032,combined_fixture_stress_5_12032_tether,combined_fixture_stress,random_forest_probe_classifier,tether,unknown,tether,unwind_tether,0.51796,1,0.26856,1,1,0,0,0,0.67314,2.05965,0.56861,0.18610,0.55,0.00151,0.12389,0.15330,0.10304,0.10030,0.51796,0.25,0.00000
5,12032,combined_fixture_stress_5_12032_tether,combined_fixture_stress,bayesian_fixture_belief,tether,unknown,tether,unwind_tether,0.25671,1,0.29280,1,1,0,0,0,0.67072,2.06050,0.49893,0.25107,0.55,0.11262,0.17345,0.16250,0.14889,0.14584,0.25671,0.25,0.00000
5,12032,combined_fixture_stress_5_12032_tether,combined_fixture_stress,robust_impedance_planner,tether,unknown,tether,cautious_probe_pull,0.34732,1,0.35593,0,1,0,1,1,0.29898,2.76271,0.18071,0.67123,0.55,0.06457,0.11107,0.17793,0.14966,0.14946,0.34732,0.25,1.00000
5,12032,combined_fixture_stress_5_12032_tether,combined_fixture_stress,adaptive_probe_then_act,tether,unknown,tether,cautious_probe_pull,0.31596,1,0.23472,0,0,1,0,1,0.02544,2.27546,0.19200,0.03686,0.55,0.04949,0.08390,0.24080,0.10574,0.20411,0.31596,0.25,0.45000
5,12032,combined_fixture_stress_5_12032_tether,combined_fixture_stress,particle_filter_fixture,tether,unknown,tether,unwind_tether,0.36221,1,0.28000,0,0,1,0,0,0.05200,2.27705,0.49606,0.24607,0.55,0.02605,0.22874,0.15002,0.11803,0.11495,0.36221,0.25,0.00000
5,12032,combined_fixture_stress_5_12032_tether,combined_fixture_stress,latent_fixture_inference_v5,tether,unknown,tether,cautious_probe_pull,0.32519,1,0.18724,1,1,0,0,0,0.68128,2.05680,0.21228,0.62051,0.55,0.04560,0.27201,0.13777,0.11217,0.10727,0.32519,0.25,0.00000
6,12025,combined_fixture_stress_6_12025_free,combined_fixture_stress,prototype_system_id,free,unknown,free,direct_translate,0.64983,1,0.25000,1,1,0,0,0,0.79500,2.04801,0.69712,0.09174,0.55,0.64983,0.01090,0.07860,0.12848,0.04258,0.08961,0.25,0.00000
6,12025,combined_fixture_stress_6_12025_free,combined_fixture_stress,calibrated_prototype_system_id,free,unknown,free,direct_translate,0.68674,1,0.25500,1,1,0,0,0,0.79450,2.04819,0.73111,0.07230,0.55,0.68674,0.02941,0.06548,0.10170,0.04372,0.07294,0.25,0.00000
6,12025,combined_fixture_stress_6_12025_free,combined_fixture_stress,random_forest_probe_classifier,free,unknown,free,direct_translate,0.67632,1,0.25589,0,0,1,0,0,0.17441,2.26522,0.73762,0.54408,0.55,0.67632,0.04306,0.05610,0.16402,0.03046,0.03004,0.25,0.00000
6,12025,combined_fixture_stress_6_12025_free,combined_fixture_stress,bayesian_fixture_belief,free,unknown,free,direct_translate,0.24823,1,0.29280,1,0,0,0,0,0.79072,2.04951,0.61586,0.14756,0.55,0.24823,0.12289,0.15774,0.18507,0.13545,0.15062,0.25,0.00000
6,12025,combined_fixture_stress_6_12025_free,combined_fixture_stress,robust_impedance_planner,free,unknown,free,direct_translate,0.55534,1,0.35875,1,1,0,0,0,0.78412,2.05182,0.70939,0.08445,0.55,0.55534,0.04982,0.09481,0.13390,0.06796,0.09817,0.25,0.00000
6,12025,combined_fixture_stress_6_12025_free,combined_fixture_stress,adaptive_probe_then_act,free,unknown,free,direct_translate,0.59706,1,0.21223,1,1,0,0,0,0.79878,2.04669,0.74011,0.06754,0.55,0.59706,0.04304,0.07121,0.14628,0.05379,0.08863,0.25,0.00000
6,12025,combined_fixture_stress_6_12025_free,combined_fixture_stress,particle_filter_fixture,free,unknown,free,direct_translate,0.47985,1,0.28000,1,0,0,0,0,0.79200,2.04906,0.64410,0.12666,0.55,0.47985,0.06679,0.12053,0.18064,0.06344,0.08876,0.25,0.00000
6,12025,combined_fixture_stress_6_12025_free,combined_fixture_stress,latent_fixture_inference_v5,free,unknown,free,cautious_probe_pull,0.32364,1,0.18735,0,0,1,1,1,0.02757,3.00482,0.43911,0.19282,0.55,0.32364,0.10763,0.15293,0.20765,0.09677,0.11138,0.25,1.00000
6,12026,combined_fixture_stress_6_12026_clamp,combined_fixture_stress,prototype_system_id,clamp,unknown,clamp,release_clamp_pull,0.46359,1,0.25000,1,1,0,0,0,0.79500,2.08925,0.53784,0.21359,0.55,0.00563,0.46359,0.03622,0.04844,0.26377,0.18234,0.25,0.00000
6,12026,combined_fixture_stress_6_12026_clamp,combined_fixture_stress,calibrated_prototype_system_id,clamp,unknown,clamp,release_clamp_pull,0.48342,1,0.25500,1,1,0,0,0,0.79450,2.08942,0.56573,0.18859,0.55,0.02790,0.48342,0.04161,0.04874,0.24103,0.15730,0.25,0.00000
6,12026,combined_fixture_stress_6_12026_clamp,combined_fixture_stress,random_forest_probe_classifier,clamp,unknown,clamp,release_clamp_pull,0.60779,1,0.26138,0,0,1,0,0,0.17386,2.30665,0.59596,0.35517,0.55,0.00019,0.60779,0.00242,0.00299,0.30003,0.08658,0.25,0.00000
6,12026,combined_fixture_stress_6_12026_clamp,combined_fixture_stress,bayesian_fixture_belief,clamp,unknown,suction,peel_then_translate,0.26250,0,0.79000,0,0,1,0,1,0.00045,2.36715,0.01587,0.00025,0.55,0.10508,0.23461,0.11115,0.11340,0.26250,0.17327,0.25,0.45000
6,12026,combined_fixture_stress_6_12026_clamp,combined_fixture_stress,robust_impedance_planner,clamp,unknown,clamp,cautious_probe_pull,0.40977,1,0.36250,0,1,0,1,1,0.29869,2.83519,0.10781,0.79601,0.55,0.04139,0.40977,0.05645,0.06337,0.26069,0.16833,0.25,1.00000
6,12026,combined_fixture_stress_6_12026_clamp,combined_fixture_stress,adaptive_probe_then_act,clamp,unknown,clamp,release_clamp_pull,0.48399,1,0.22128,1,1,0,0,0,0.79787,2.08824,0.59160,0.16679,0.55,0.03630,0.48399,0.06103,0.04856,0.21917,0.15095,0.25,0.00000
6,12026,combined_fixture_stress_6_12026_clamp,combined_fixture_stress,particle_filter_fixture,clamp,unknown,suction,peel_then_translate,0.40971,0,0.78000,0,0,1,1,1,0.00090,3.06680,0.01669,0.00028,0.55,0.00210,0.37281,0.01974,0.02708,0.40971,0.16856,0.25,1.00000
6,12026,combined_fixture_stress_6_12026_clamp,combined_fixture_stress,latent_fixture_inference_v5,clamp,unknown,suction,peel_then_translate,0.42490,0,0.66000,0,0,1,1,0,0.00630,3.06260,0.01678,0.00028,0.55,0.03235,0.28489,0.04324,0.04748,0.42490,0.16713,0.25,0.55000
6,12027,combined_fixture_stress_6_12027_hinge,combined_fixture_stress,prototype_system_id,hinge,unknown,hinge,pivot_rotate,0.63195,1,0.25000,1,1,0,0,0,0.79500,1.81576,0.59459,0.16436,0.55,0.02366,0.03986,0.63195,0.13931,0.04941,0.11580,0.25,0.00000
6,12027,combined_fixture_stress_6_12027_hinge,combined_fixture_stress,calibrated_prototype_system_id,hinge,unknown,hinge,pivot_rotate,0.67099,1,0.25500,0,1,0,0,1,0.35752,1.81594,0.62771,0.13860,0.55,0.03452,0.04249,0.67099,0.11142,0.04777,0.09281,0.25,0.45000
6,12027,combined_fixture_stress_6_12027_hinge,combined_fixture_stress,random_forest_probe_classifier,hinge,unknown,hinge,pivot_rotate,0.62030,1,0.26038,1,1,0,0,0,0.79396,1.81613,0.62539,0.14033,0.55,0.00428,0.10572,0.62030,0.19000,0.02389,0.05581,0.25,0.00000
6,12027,combined_fixture_stress_6_12027_hinge,combined_fixture_stress,bayesian_fixture_belief,hinge,unknown,hinge,pivot_rotate,0.29310,1,0.29280,1,1,0,0,0,0.79072,1.81726,0.53743,0.21397,0.55,0.11552,0.14482,0.29310,0.17591,0.13128,0.13937,0.25,0.00000
6,12027,combined_fixture_stress_6_12027_hinge,combined_fixture_stress,robust_impedance_planner,hinge,unknown,hinge,pivot_rotate,0.56073,1,0.33764,1,1,0,0,0,0.78624,1.81883,0.61970,0.14463,0.55,0.05201,0.07037,0.56073,0.13763,0.06983,0.10943,0.25,0.00000
6,12027,combined_fixture_stress_6_12027_hinge,combined_fixture_stress,adaptive_probe_then_act,hinge,unknown,hinge,pivot_rotate,0.62166,1,0.21027,1,1,0,0,0,0.79897,1.81437,0.64804,0.12388,0.55,0.04285,0.05641,0.62166,0.13110,0.05420,0.09379,0.25,0.00000
6,12027,combined_fixture_stress_6_12027_hinge,combined_fixture_stress,particle_filter_fixture,hinge,unknown,hinge,pivot_rotate,0.51359,1,0.28000,1,1,0,0,0,0.79200,1.81681,0.55620,0.19696,0.55,0.01586,0.17214,0.51359,0.16216,0.05754,0.07871,0.25,0.00000
6,12027,combined_fixture_stress_6_12027_hinge,combined_fixture_stress,latent_fixture_inference_v5,hinge,unknown,hinge,cautious_probe_pull,0.38191,1,0.18327,0,0,0,1,0,0.30675,2.55543,0.08511,0.83703,0.55,0.04489,0.22067,0.38191,0.17984,0.08642,0.08627,0.25,0.55000
6,12028,combined_fixture_stress_6_12028_slot,combined_fixture_stress,prototype_system_id,slot,unknown,slot,follow_slot_axis,0.58969,1,0.25000,1,1,0,0,0,0.79500,2.08925,0.61329,0.14954,0.55,0.01955,0.03259,0.22133,0.58969,0.05967,0.07717,0.25,0.00000
6,12028,combined_fixture_stress_6_12028_slot,combined_fixture_stress,calibrated_prototype_system_id,slot,unknown,slot,follow_slot_axis,0.62192,1,0.25500,1,1,0,0,0,0.79450,2.08942,0.64503,0.12600,0.55,0.03284,0.03891,0.18655,0.62192,0.05422,0.06557,0.25,0.00000
6,12028,combined_fixture_stress_6_12028_slot,combined_fixture_stress,random_forest_probe_classifier,slot,unknown,slot,follow_slot_axis,0.59422,1,0.26246,1,0,0,0,0,0.79375,2.08969,0.64632,0.12509,0.55,0.00112,0.21074,0.18077,0.59422,0.00890,0.00424,0.25,0.00000
6,12028,combined_fixture_stress_6_12028_slot,combined_fixture_stress,bayesian_fixture_belief,slot,unknown,slot,follow_slot_axis,0.26959,1,0.29280,1,1,0,0,0,0.79072,2.09075,0.55689,0.19635,0.55,0.12452,0.16721,0.16192,0.26959,0.13956,0.13720,0.25,0.00000
6,12028,combined_fixture_stress_6_12028_slot,combined_fixture_stress,robust_impedance_planner,slot,unknown,slot,follow_slot_axis,0.51839,1,0.36250,1,1,0,0,0,0.78375,2.09319,0.63082,0.13629,0.55,0.05379,0.07562,0.18710,0.51839,0.07833,0.08678,0.25,0.00000
6,12028,combined_fixture_stress_6_12028_slot,combined_fixture_stress,adaptive_probe_then_act,slot,unknown,slot,follow_slot_axis,0.50914,1,0.21927,1,1,0,0,0,0.79807,2.08817,0.64875,0.12338,0.55,0.04514,0.06240,0.25911,0.50914,0.05993,0.06426,0.25,0.00000
6,12028,combined_fixture_stress_6_12028_slot,combined_fixture_stress,particle_filter_fixture,slot,unknown,slot,follow_slot_axis,0.44391,1,0.28000,0,0,1,0,0,0.17200,2.30730,0.56897,0.32373,0.55,0.00937,0.32201,0.13909,0.44391,0.04130,0.04432,0.25,0.00000
6,12028,combined_fixture_stress_6_12028_slot,combined_fixture_stress,latent_fixture_inference_v5,slot,unknown,clamp,cautious_probe_pull,0.39562,0,0.66000,0,0,1,1,1,0.00630,3.06260,0.16607,0.02758,0.55,0.04179,0.39562,0.11530,0.31732,0.06704,0.06293,0.25,1.00000
6,12029,combined_fixture_stress_6_12029_suction,combined_fixture_stress,prototype_system_id,suction,unknown,suction,peel_then_translate,0.50997,1,0.25000,1,1,0,0,0,0.67500,1.98783,0.55469,0.19830,0.55,0.01273,0.19769,0.04552,0.11593,0.50997,0.11816,0.25,0.00000
6,12029,combined_fixture_stress_6_12029_suction,combined_fixture_stress,calibrated_prototype_system_id,suction,unknown,suction,peel_then_translate,0.55023,1,0.25500,1,1,0,0,0,0.67450,1.98801,0.58685,0.17070,0.55,0.03037,0.17352,0.04714,0.09844,0.55023,0.10029,0.25,0.00000
6,12029,combined_fixture_stress_6_12029_suction,combined_fixture_stress,random_forest_probe_classifier,suction,unknown,suction,peel_then_translate,0.97484,1,0.23201,1,1,0,0,0,0.67680,1.98720,0.68345,0.10021,0.55,0.00028,0.01443,0.00171,0.00265,0.97484,0.00609,0.25,0.00000
6,12029,combined_fixture_stress_6_12029_suction,combined_fixture_stress,bayesian_fixture_belief,suction,unknown,suction,peel_then_translate,0.38945,1,0.29280,1,1,0,0,0,0.67072,1.98933,0.53893,0.21259,0.55,0.10504,0.14962,0.11052,0.11927,0.38945,0.12609,0.25,0.00000
6,12029,combined_fixture_stress_6_12029_suction,combined_fixture_stress,robust_impedance_planner,suction,unknown,suction,peel_then_translate,0.51095,1,0.34946,1,1,0,0,0,0.66505,1.99131,0.58953,0.16849,0.55,0.04391,0.17084,0.06093,0.10469,0.51095,0.10868,0.25,0.00000
6,12029,combined_fixture_stress_6_12029_suction,combined_fixture_stress,adaptive_probe_then_act,suction,unknown,suction,peel_then_translate,0.58332,1,0.21333,0,0,1,0,0,0.05867,2.20355,0.62178,0.38661,0.55,0.03741,0.13378,0.06332,0.10597,0.58332,0.07620,0.25,0.00000
6,12029,combined_fixture_stress_6_12029_suction,combined_fixture_stress,particle_filter_fixture,suction,unknown,suction,peel_then_translate,0.69333,1,0.28000,0,0,1,0,0,0.05200,2.20588,0.57033,0.32527,0.55,0.00522,0.13777,0.02376,0.06675,0.69333,0.07317,0.25,0.00000
6,12029,combined_fixture_stress_6_12029_suction,combined_fixture_stress,latent_fixture_inference_v5,suction,unknown,suction,peel_then_translate,0.66298,1,0.16359,0,1,0,0,1,0.30764,1.98481,0.66005,0.11557,0.55,0.03354,0.11903,0.04397,0.06612,0.66298,0.07435,0.25,0.45000
6,12030,combined_fixture_stress_6_12030_tether,combined_fixture_stress,prototype_system_id,tether,tether,tether,unwind_tether,0.46081,1,0.25000,1,1,0,0,0,0.67500,1.99062,0.52886,0.22197,0.55,0.02959,0.12506,0.11896,0.14848,0.11708,0.46081,0.25,0.00000
6,12030,combined_fixture_stress_6_12030_tether,combined_fixture_stress,calibrated_prototype_system_id,tether,tether,tether,unwind_tether,0.58953,1,0.25500,0,0,1,1,0,0.02453,2.90780,0.57653,0.33239,0.55,0.02281,0.09462,0.08917,0.11636,0.08751,0.58953,0.25,0.55000
6,12030,combined_fixture_stress_6_12030_tether,combined_fixture_stress,random_forest_probe_classifier,tether,tether,tether,unwind_tether,0.73664,1,0.25107,1,1,0,0,0,0.67489,1.99066,0.61372,0.14921,0.55,0.00144,0.09158,0.00922,0.06287,0.09824,0.73664,0.25,0.00000
6,12030,combined_fixture_stress_6_12030_tether,combined_fixture_stress,bayesian_fixture_belief,tether,tether,tether,unwind_tether,0.35705,1,0.29280,0,0,1,1,0,0.02282,2.90912,0.51663,0.26691,0.55,0.10008,0.16383,0.12078,0.13564,0.12262,0.35705,0.25,0.55000
6,12030,combined_fixture_stress_6_12030_tether,combined_fixture_stress,robust_impedance_planner,tether,tether,tether,cautious_probe_pull,0.46777,1,0.34972,0,1,0,0,1,0.29926,1.99411,0.18975,0.65650,0.55,0.04962,0.12971,0.10935,0.13474,0.10882,0.46777,0.25,0.45000
6,12030,combined_fixture_stress_6_12030_tether,combined_fixture_stress,adaptive_probe_then_act,tether,tether,tether,unwind_tether,0.55390,1,0.21569,0,1,0,0,1,0.30529,1.98942,0.59786,0.16172,0.55,0.03954,0.09370,0.07659,0.12688,0.10940,0.55390,0.25,0.45000
6,12030,combined_fixture_stress_6_12030_tether,combined_fixture_stress,particle_filter_fixture,tether,tether,tether,unwind_tether,0.50496,1,0.28000,1,1,0,0,0,0.67200,1.99167,0.52019,0.23022,0.55,0.01532,0.20420,0.07986,0.11412,0.08155,0.50496,0.25,0.00000
6,12030,combined_fixture_stress_6_12030_tether,combined_fixture_stress,latent_fixture_inference_v5,tether,tether,tether,unwind_tether,0.46548,1,0.17742,1,0,0,0,0,0.68226,1.98808,0.59921,0.16063,0.55,0.03722,0.22690,0.07913,0.10893,0.08234,0.46548,0.25,0.00000
6,12031,combined_fixture_stress_6_12031_free,combined_fixture_stress,prototype_system_id,free,free,free,direct_translate,0.64043,1,0.25000,0,0,1,1,0,0.07875,2.70452,0.69508,0.48314,0.55,0.64043,0.01865,0.06458,0.10666,0.04264,0.12704,0.25,0.55000
6,12031,combined_fixture_stress_6_12031_free,combined_fixture_stress,calibrated_prototype_system_id,free,free,free,direct_translate,0.76003,1,0.25500,1,1,0,0,0,0.79450,1.78770,0.74755,0.06373,0.55,0.76003,0.01636,0.04077,0.06967,0.02792,0.08526,0.25,0.00000
6,12031,combined_fixture_stress_6_12031_free,combined_fixture_stress,random_forest_probe_classifier,free,free,free,direct_translate,0.70184,1,0.25385,1,1,0,0,0,0.79461,1.78766,0.74398,0.06555,0.55,0.70184,0.04554,0.03161,0.06619,0.03299,0.12182,0.25,0.00000
6,12031,combined_fixture_stress_6_12031_free,combined_fixture_stress,bayesian_fixture_belief,free,free,free,direct_translate,0.33548,1,0.29280,1,1,0,0,0,0.79072,1.78902,0.63492,0.13329,0.55,0.33548,0.11415,0.12818,0.15398,0.12164,0.14657,0.25,0.00000
6,12031,combined_fixture_stress_6_12031_free,combined_fixture_stress,robust_impedance_planner,free,free,free,direct_translate,0.58316,1,0.33507,1,1,0,0,0,0.78649,1.79050,0.72198,0.07730,0.55,0.58316,0.04942,0.07631,0.10947,0.06284,0.11879,0.25,0.00000
6,12031,combined_fixture_stress_6_12031_free,combined_fixture_stress,adaptive_probe_then_act,free,free,free,direct_translate,0.60723,1,0.21142,1,1,0,0,0,0.79886,1.78617,0.74270,0.06620,0.55,0.60723,0.04140,0.05722,0.12846,0.04918,0.11653,0.25,0.00000
6,12031,combined_fixture_stress_6_12031_free,combined_fixture_stress,particle_filter_fixture,free,free,free,direct_translate,0.51165,1,0.28000,0,0,1,0,0,0.17200,2.00557,0.65081,0.42356,0.55,0.51165,0.07383,0.07702,0.15188,0.06725,0.11838,0.25,0.00000
6,12031,combined_fixture_stress_6_12031_free,combined_fixture_stress,latent_fixture_inference_v5,free,free,free,cautious_probe_pull,0.38867,1,0.18279,0,1,0,1,1,0.30677,2.52717,0.45010,0.30238,0.55,0.38867,0.11025,0.10131,0.17525,0.09677,0.12774,0.25,1.00000
6,12032,combined_fixture_stress_6_12032_clamp,combined_fixture_stress,prototype_system_id,clamp,unknown,clamp,release_clamp_pull,0.42947,1,0.25000,0,0,1,0,0,0.17500,2.24788,0.53179,0.28281,0.55,0.00683,0.42947,0.09075,0.05079,0.18130,0.24087,0.25,0.00000
6,12032,combined_fixture_stress_6_12032_clamp,combined_fixture_stress,calibrated_prototype_system_id,clamp,unknown,clamp,release_clamp_pull,0.45523,1,0.25500,1,1,0,0,0,0.79450,2.03106,0.56051,0.19315,0.55,0.02832,0.45523,0.07993,0.05112,0.16144,0.22396,0.25,0.00000
6,12032,combined_fixture_stress_6_12032_clamp,combined_fixture_stress,random_forest_probe_classifier,clamp,unknown,clamp,release_clamp_pull,0.67581,1,0.25594,0,1,0,1,0,0.35748,2.73109,0.61020,0.15194,0.55,0.00031,0.67581,0.04758,0.00502,0.11894,0.15235,0.25,0.55000
6,12032,combined_fixture_stress_6_12032_clamp,combined_fixture_stress,bayesian_fixture_belief,clamp,unknown,clamp,release_clamp_pull,0.25255,1,0.29280,1,1,0,0,0,0.79072,2.03238,0.50610,0.24393,0.55,0.10391,0.25255,0.11873,0.11452,0.20794,0.20234,0.25,0.00000
6,12032,combined_fixture_stress_6_12032_clamp,combined_fixture_stress,robust_impedance_planner,clamp,unknown,clamp,cautious_probe_pull,0.39530,1,0.35719,0,0,1,1,1,0.01993,2.99364,0.10861,0.01180,0.55,0.04138,0.39530,0.08990,0.06555,0.18334,0.22453,0.25,1.00000
6,12032,combined_fixture_stress_6_12032_clamp,combined_fixture_stress,adaptive_probe_then_act,clamp,unknown,clamp,release_clamp_pull,0.46087,1,0.22313,1,1,0,0,0,0.79769,2.02994,0.58666,0.17085,0.55,0.03610,0.46087,0.08095,0.05001,0.13168,0.24039,0.25,0.00000
6,12032,combined_fixture_stress_6_12032_clamp,combined_fixture_stress,particle_filter_fixture,clamp,unknown,clamp,release_clamp_pull,0.38724,1,0.28000,1,1,0,0,0,0.79200,2.03193,0.50857,0.24150,0.55,0.00278,0.38724,0.05382,0.03175,0.28058,0.24383,0.25,0.00000
6,12032,combined_fixture_stress_6_12032_clamp,combined_fixture_stress,latent_fixture_inference_v5,clamp,unknown,clamp,cautious_probe_pull,0.32029,1,0.18758,0,0,0,1,1,0.30656,2.77070,0.13896,0.74139,0.55,0.03238,0.32029,0.06175,0.05189,0.30105,0.23264,0.25,1.00000
7,12025,combined_fixture_stress_7_12025_hinge,combined_fixture_stress,prototype_system_id,hinge,unknown,hinge,pivot_rotate,0.66626,1,0.25000,0,0,1,0,0,0.17500,2.13134,0.60095,0.36115,0.55,0.07065,0.03080,0.66626,0.07506,0.04290,0.11433,0.25,0.00000
7,12025,combined_fixture_stress_7_12025_hinge,combined_fixture_stress,calibrated_prototype_system_id,hinge,unknown,hinge,pivot_rotate,0.70510,1,0.25500,1,1,0,0,0,0.79450,1.91451,0.63431,0.13373,0.55,0.06010,0.03764,0.70510,0.06293,0.04379,0.09044,0.25,0.00000
7,12025,combined_fixture_stress_7_12025_hinge,combined_fixture_stress,random_forest_probe_classifier,hinge,unknown,hinge,pivot_rotate,0.79250,1,0.24660,1,1,0,0,0,0.79534,1.91422,0.66302,0.11355,0.55,0.00472,0.13895,0.79250,0.02034,0.02883,0.01466,0.25,0.00000
7,12025,combined_fixture_stress_7_12025_hinge,combined_fixture_stress,bayesian_fixture_belief,hinge,unknown,hinge,pivot_rotate,0.30515,1,0.29280,0,0,1,0,0,0.17072,2.13283,0.53970,0.29127,0.55,0.12709,0.14674,0.30515,0.14079,0.13471,0.14552,0.25,0.00000
7,12025,combined_fixture_stress_7_12025_hinge,combined_fixture_stress,robust_impedance_planner,hinge,unknown,hinge,pivot_rotate,0.58993,1,0.34660,1,1,0,0,0,0.78534,1.91772,0.62310,0.14206,0.55,0.07882,0.06682,0.58993,0.08637,0.06778,0.11027,0.25,0.00000
7,12025,combined_fixture_stress_7_12025_hinge,combined_fixture_stress,adaptive_probe_then_act,hinge,unknown,hinge,pivot_rotate,0.64118,1,0.20871,1,1,0,0,0,0.79913,1.91289,0.65242,0.12081,0.55,0.05835,0.05487,0.64118,0.08076,0.05356,0.11127,0.25,0.00000
7,12025,combined_fixture_stress_7_12025_hinge,combined_fixture_stress,particle_filter_fixture,hinge,unknown,hinge,pivot_rotate,0.53483,1,0.28000,0,0,1,0,0,0.17200,2.13239,0.56003,0.31364,0.55,0.04090,0.21605,0.53483,0.06621,0.06118,0.08083,0.25,0.00000
7,12025,combined_fixture_stress_7_12025_hinge,combined_fixture_stress,latent_fixture_inference_v5,hinge,unknown,hinge,cautious_probe_pull,0.39374,1,0.18244,0,0,1,1,0,0.02779,2.87097,0.08566,0.00734,0.55,0.05882,0.27307,0.39374,0.08920,0.09395,0.09123,0.25,0.55000
7,12026,combined_fixture_stress_7_12026_slot,combined_fixture_stress,prototype_system_id,slot,slot,slot,follow_slot_axis,0.60816,1,0.25000,0,0,1,0,0,0.17500,2.10918,0.61688,0.38054,0.55,0.03372,0.02965,0.12207,0.60816,0.10371,0.10269,0.25,0.00000
7,12026,combined_fixture_stress_7_12026_slot,combined_fixture_stress,calibrated_prototype_system_id,slot,slot,slot,follow_slot_axis,0.73389,1,0.25500,1,1,0,0,0,0.79450,1.89236,0.66765,0.11046,0.55,0.02362,0.02157,0.08342,0.73389,0.06914,0.06836,0.25,0.00000
7,12026,combined_fixture_stress_7_12026_slot,combined_fixture_stress,random_forest_probe_classifier,slot,slot,slot,follow_slot_axis,0.78539,1,0.24717,1,1,0,0,0,0.79528,1.89208,0.68966,0.09631,0.55,0.00238,0.17820,0.01071,0.78539,0.01606,0.00726,0.25,0.00000
7,12026,combined_fixture_stress_7_12026_slot,combined_fixture_stress,bayesian_fixture_belief,slot,slot,slot,follow_slot_axis,0.34498,1,0.29280,0,0,1,0,0,0.17072,2.11068,0.57166,0.32680,0.55,0.11256,0.14185,0.13537,0.34498,0.13709,0.12816,0.25,0.00000
7,12026,combined_fixture_stress_7_12026_slot,combined_fixture_stress,robust_impedance_planner,slot,slot,slot,follow_slot_axis,0.56668,1,0.34458,1,1,0,0,0,0.78554,1.89549,0.64540,0.12574,0.55,0.05547,0.06475,0.11263,0.56668,0.10223,0.09824,0.25,0.00000
7,12026,combined_fixture_stress_7_12026_slot,combined_fixture_stress,adaptive_probe_then_act,slot,slot,slot,follow_slot_axis,0.66449,1,0.20684,1,1,0,0,0,0.79932,1.89067,0.68484,0.09933,0.55,0.04415,0.05317,0.09542,0.66449,0.07308,0.06969,0.25,0.00000
7,12026,combined_fixture_stress_7_12026_slot,combined_fixture_stress,particle_filter_fixture,slot,slot,slot,follow_slot_axis,0.48625,1,0.28000,0,0,1,0,0,0.17200,2.11023,0.57696,0.33288,0.55,0.01815,0.27307,0.08095,0.48625,0.07753,0.06404,0.25,0.00000
7,12026,combined_fixture_stress_7_12026_slot,combined_fixture_stress,latent_fixture_inference_v5,slot,slot,slot,cautious_probe_pull,0.37689,1,0.18362,0,0,1,0,1,0.02774,2.14886,0.28300,0.08009,0.55,0.04291,0.33491,0.08468,0.37689,0.08889,0.07172,0.25,0.45000
7,12027,combined_fixture_stress_7_12027_suction,combined_fixture_stress,prototype_system_id,suction,unknown,suction,peel_then_translate,0.28323,1,0.25000,1,1,0,0,0,0.67500,2.08944,0.51387,0.23632,0.55,0.01443,0.20021,0.14274,0.12307,0.28323,0.23631,0.25,0.00000
7,12027,combined_fixture_stress_7_12027_suction,combined_fixture_stress,calibrated_prototype_system_id,suction,unknown,suction,peel_then_translate,0.29279,1,0.25500,0,0,0,1,1,0.30352,2.78962,0.53845,0.21303,0.55,0.03157,0.19377,0.13281,0.11366,0.29279,0.23539,0.25,1.00000
7,12027,combined_fixture_stress_7_12027_suction,combined_fixture_stress,random_forest_probe_classifier,suction,unknown,suction,peel_then_translate,0.47529,1,0.27198,1,1,0,0,0,0.67280,2.09021,0.57694,0.17898,0.55,0.00081,0.34694,0.05172,0.00998,0.47529,0.11525,0.25,0.00000
7,12027,combined_fixture_stress_7_12027_suction,combined_fixture_stress,bayesian_fixture_belief,suction,unknown,suction,peel_then_translate,0.25353,1,0.29280,0,1,0,1,1,0.30182,2.79094,0.51419,0.23601,0.55,0.10520,0.20332,0.13252,0.13193,0.25353,0.17350,0.25,1.00000
7,12027,combined_fixture_stress_7_12027_suction,combined_fixture_stress,robust_impedance_planner,suction,unknown,suction,cautious_probe_pull,0.28560,1,0.35870,0,0,0,1,1,0.29886,2.79325,0.14423,0.73235,0.55,0.04495,0.20112,0.13226,0.11846,0.28560,0.21760,0.25,1.00000
7,12027,combined_fixture_stress_7_12027_suction,combined_fixture_stress,adaptive_probe_then_act,suction,unknown,suction,cautious_probe_pull,0.27247,1,0.23820,0,0,1,0,0,0.05618,2.30603,0.15642,0.02447,0.55,0.03800,0.19414,0.17541,0.10069,0.27247,0.21929,0.25,0.00000
7,12027,combined_fixture_stress_7_12027_suction,combined_fixture_stress,particle_filter_fixture,suction,unknown,suction,peel_then_translate,0.37116,1,0.28000,0,1,0,0,1,0.30240,2.09049,0.51405,0.23615,0.55,0.00702,0.24946,0.09576,0.08513,0.37116,0.19147,0.25,0.45000
7,12027,combined_fixture_stress_7_12027_suction,combined_fixture_stress,latent_fixture_inference_v5,suction,unknown,suction,cautious_probe_pull,0.36766,1,0.18426,0,0,1,1,0,0.02771,3.00414,0.18320,0.03356,0.55,0.03489,0.25551,0.08956,0.08605,0.36766,0.16633,0.25,0.55000
7,12028,combined_fixture_stress_7_12028_tether,combined_fixture_stress,prototype_system_id,tether,unknown,tether,unwind_tether,0.64359,1,0.25000,0,0,1,0,0,0.05500,2.14990,0.56074,0.31443,0.55,0.01155,0.13359,0.07369,0.04792,0.08966,0.64359,0.25,0.00000
7,12028,combined_fixture_stress_7_12028_tether,combined_fixture_stress,calibrated_prototype_system_id,tether,unknown,tether,unwind_tether,0.68176,1,0.25500,1,1,0,0,0,0.67450,1.93307,0.59336,0.16536,0.55,0.02964,0.10615,0.06245,0.04676,0.07322,0.68176,0.25,0.00000
7,12028,combined_fixture_stress_7_12028_tether,combined_fixture_stress,random_forest_probe_classifier,tether,unknown,tether,unwind_tether,0.79367,1,0.24651,0,0,1,0,0,0.05535,2.14978,0.62559,0.39136,0.55,0.00195,0.16550,0.01102,0.01129,0.01657,0.79367,0.25,0.00000
7,12028,combined_fixture_stress_7_12028_tether,combined_fixture_stress,bayesian_fixture_belief,tether,unknown,tether,unwind_tether,0.33047,1,0.29280,1,1,0,0,0,0.67072,1.93440,0.51194,0.23820,0.55,0.10680,0.18773,0.12426,0.11922,0.13152,0.33047,0.25,0.00000
7,12028,combined_fixture_stress_7_12028_tether,combined_fixture_stress,robust_impedance_planner,tether,unknown,tether,unwind_tether,0.58276,1,0.34447,1,1,0,0,0,0.66555,1.93620,0.58692,0.17063,0.55,0.04394,0.13825,0.07956,0.06441,0.09108,0.58276,0.25,0.00000
7,12028,combined_fixture_stress_7_12028_tether,combined_fixture_stress,adaptive_probe_then_act,tether,unknown,tether,unwind_tether,0.68863,1,0.20491,1,0,0,0,0,0.67951,1.93132,0.62658,0.13944,0.55,0.03767,0.09980,0.05846,0.04964,0.06579,0.68863,0.25,0.00000
7,12028,combined_fixture_stress_7_12028_tether,combined_fixture_stress,particle_filter_fixture,tether,unknown,tether,unwind_tether,0.58388,1,0.28000,1,1,0,0,0,0.67200,1.93395,0.53354,0.21759,0.55,0.00698,0.24972,0.05195,0.03825,0.06921,0.58388,0.25,0.00000
7,12028,combined_fixture_stress_7_12028_tether,combined_fixture_stress,latent_fixture_inference_v5,tether,unknown,tether,unwind_tether,0.46587,1,0.17739,1,1,0,0,0,0.68226,1.93036,0.59929,0.16057,0.55,0.03649,0.28263,0.06896,0.06207,0.08397,0.46587,0.25,0.00000
7,12029,combined_fixture_stress_7_12029_free,combined_fixture_stress,prototype_system_id,free,slot,free,direct_translate,0.76569,1,0.25000,1,1,0,0,0,0.79500,1.88160,0.72219,0.07718,0.55,0.76569,0.00754,0.06399,0.07393,0.02913,0.05973,0.25,0.00000
7,12029,combined_fixture_stress_7_12029_free,combined_fixture_stress,calibrated_prototype_system_id,free,slot,free,direct_translate,0.75640,1,0.25500,1,1,0,0,0,0.79450,1.88177,0.74674,0.06414,0.55,0.75640,0.01218,0.03737,0.13908,0.01996,0.03501,0.25,0.00000
7,12029,combined_fixture_stress_7_12029_free,combined_fixture_stress,random_forest_probe_classifier,free,slot,free,direct_translate,0.76219,1,0.24902,0,0,1,0,0,0.17510,2.09856,0.75905,0.57615,0.55,0.76219,0.04427,0.03558,0.09924,0.03071,0.02801,0.25,0.00000
7,12029,combined_fixture_stress_7_12029_free,combined_fixture_stress,bayesian_fixture_belief,free,slot,free,direct_translate,0.24775,1,0.29280,0,0,1,0,0,0.17072,2.10009,0.61575,0.37915,0.55,0.24775,0.11621,0.13888,0.23731,0.12514,0.13472,0.25,0.00000
7,12029,combined_fixture_stress_7_12029_free,combined_fixture_stress,robust_impedance_planner,free,slot,free,direct_translate,0.62327,1,0.34362,1,1,0,0,0,0.78564,1.88487,0.72886,0.07352,0.55,0.62327,0.04602,0.07824,0.12057,0.05729,0.07461,0.25,0.00000
7,12029,combined_fixture_stress_7_12029_free,combined_fixture_stress,adaptive_probe_then_act,free,slot,free,direct_translate,0.70151,1,0.20388,0,0,1,0,0,0.17961,2.09698,0.76680,0.58799,0.55,0.70151,0.04021,0.05931,0.09537,0.04677,0.05683,0.25,0.00000
7,12029,combined_fixture_stress_7_12029_free,combined_fixture_stress,particle_filter_fixture,free,slot,free,direct_translate,0.54821,1,0.28000,0,0,1,0,0,0.17200,2.09965,0.65853,0.43366,0.55,0.54821,0.06708,0.08105,0.17938,0.05653,0.06775,0.25,0.00000
7,12029,combined_fixture_stress_7_12029_free,combined_fixture_stress,latent_fixture_inference_v5,free,slot,free,cautious_probe_pull,0.35193,1,0.18536,0,1,0,1,0,0.30666,2.62133,0.44389,0.30926,0.55,0.35193,0.10705,0.10992,0.24442,0.09114,0.09554,0.25,0.55000
7,12030,combined_fixture_stress_7_12030_clamp,combined_fixture_stress,prototype_system_id,clamp,unknown,clamp,release_clamp_pull,0.40117,1,0.25000,1,1,0,0,0,0.79500,1.81862,0.52678,0.22394,0.55,0.00526,0.40117,0.05406,0.03019,0.28401,0.22531,0.25,0.00000
7,12030,combined_fixture_stress_7_12030_clamp,combined_fixture_stress,calibrated_prototype_system_id,clamp,unknown,clamp,release_clamp_pull,0.40979,1,0.25500,0,1,0,1,0,0.35752,2.51879,0.55210,0.20062,0.55,0.02781,0.40979,0.05271,0.03859,0.26774,0.20337,0.25,0.55000
7,12030,combined_fixture_stress_7_12030_clamp,combined_fixture_stress,random_forest_probe_classifier,clamp,unknown,clamp,release_clamp_pull,0.56647,1,0.26468,0,0,1,0,0,0.17353,2.03613,0.58735,0.34498,0.55,0.00041,0.56647,0.00395,0.00303,0.20885,0.21729,0.25,0.00000
7,12030,combined_fixture_stress_7_12030_clamp,combined_fixture_stress,bayesian_fixture_belief,clamp,unknown,suction,peel_then_translate,0.26683,0,0.79000,0,0,1,1,0,0.00045,2.79652,0.01589,0.00025,0.55,0.10409,0.22278,0.11403,0.10970,0.26683,0.18257,0.25,0.55000
7,12030,combined_fixture_stress_7_12030_clamp,combined_fixture_stress,robust_impedance_planner,clamp,unknown,clamp,cautious_probe_pull,0.35618,1,0.33790,0,0,1,1,0,0.02079,2.78069,0.11192,0.01253,0.55,0.04091,0.35618,0.06677,0.05319,0.27943,0.20352,0.25,0.55000
7,12030,combined_fixture_stress_7_12030_clamp,combined_fixture_stress,adaptive_probe_then_act,clamp,unknown,clamp,cautious_probe_pull,0.39726,1,0.22822,0,0,1,1,0,0.02573,2.77686,0.12421,0.01543,0.55,0.03592,0.39726,0.06703,0.04271,0.28212,0.17496,0.25,0.55000
7,12030,combined_fixture_stress_7_12030_clamp,combined_fixture_stress,particle_filter_fixture,clamp,unknown,suction,peel_then_translate,0.41936,0,0.78000,0,0,1,1,1,0.00090,2.79617,0.01675,0.00028,0.55,0.00229,0.32987,0.03175,0.01763,0.41936,0.19910,0.25,1.00000
7,12030,combined_fixture_stress_7_12030_clamp,combined_fixture_stress,latent_fixture_inference_v5,clamp,unknown,suction,peel_then_translate,0.42747,0,0.66000,0,0,1,1,0,0.00630,2.79197,0.01679,0.00028,0.55,0.03237,0.26216,0.05063,0.04262,0.42747,0.18475,0.25,0.55000
7,12031,combined_fixture_stress_7_12031_hinge,combined_fixture_stress,prototype_system_id,hinge,unknown,hinge,pivot_rotate,0.52767,1,0.25000,0,0,1,0,0,0.17500,2.15634,0.57523,0.33089,0.55,0.03441,0.04187,0.52767,0.17489,0.08931,0.13186,0.25,0.00000
7,12031,combined_fixture_stress_7_12031_hinge,combined_fixture_stress,calibrated_prototype_system_id,hinge,unknown,hinge,pivot_rotate,0.57415,1,0.25500,1,1,0,0,0,0.79450,1.93952,0.60896,0.15291,0.55,0.04072,0.04495,0.57415,0.15112,0.07719,0.11187,0.25,0.00000
7,12031,combined_fixture_stress_7_12031_hinge,combined_fixture_stress,random_forest_probe_classifier,hinge,unknown,hinge,pivot_rotate,0.72907,1,0.25167,1,1,0,0,0,0.79483,1.93940,0.64911,0.12312,0.55,0.00480,0.13910,0.72907,0.08469,0.02783,0.01452,0.25,0.00000
7,12031,combined_fixture_stress_7_12031_hinge,combined_fixture_stress,bayesian_fixture_belief,hinge,unknown,hinge,pivot_rotate,0.24791,1,0.29280,1,1,0,0,0,0.79072,1.94084,0.52896,0.22188,0.55,0.12022,0.15437,0.24791,0.18104,0.14830,0.14816,0.25,0.00000
7,12031,combined_fixture_stress_7_12031_hinge,combined_fixture_stress,robust_impedance_planner,hinge,unknown,hinge,cautious_probe_pull,0.47278,1,0.34887,0,0,1,1,1,0.02030,2.90180,0.05390,0.00291,0.55,0.05914,0.07577,0.47278,0.16696,0.09953,0.12581,0.25,1.00000
7,12031,combined_fixture_stress_7_12031_hinge,combined_fixture_stress,adaptive_probe_then_act,hinge,unknown,hinge,pivot_rotate,0.52955,1,0.21764,1,1,0,0,0,0.79824,1.93821,0.62742,0.13881,0.55,0.04725,0.06078,0.52955,0.13433,0.08976,0.13833,0.25,0.00000
7,12031,combined_fixture_stress_7_12031_hinge,combined_fixture_stress,particle_filter_fixture,hinge,unknown,hinge,pivot_rotate,0.41209,1,0.28000,1,1,0,0,0,0.79200,1.94039,0.53791,0.21353,0.55,0.02238,0.22260,0.41209,0.16150,0.08717,0.09426,0.25,0.00000
7,12031,combined_fixture_stress_7_12031_hinge,combined_fixture_stress,latent_fixture_inference_v5,hinge,unknown,hinge,cautious_probe_pull,0.30108,1,0.18892,0,0,1,1,1,0.02750,2.89621,0.08141,0.00663,0.55,0.04947,0.27825,0.30108,0.16445,0.10823,0.09852,0.25,1.00000
7,12032,combined_fixture_stress_7_12032_slot,combined_fixture_stress,prototype_system_id,slot,suction,slot,follow_slot_axis,0.61365,1,0.25000,1,1,0,0,0,0.79500,1.89621,0.61794,0.14597,0.55,0.02353,0.02421,0.19338,0.61365,0.05951,0.08572,0.25,0.00000
7,12032,combined_fixture_stress_7_12032_slot,combined_fixture_stress,calibrated_prototype_system_id,slot,suction,slot,follow_slot_axis,0.63144,1,0.25500,1,0,0,0,0,0.79450,1.89639,0.64695,0.12464,0.55,0.01848,0.01879,0.14255,0.63144,0.13380,0.05494,0.25,0.00000
7,12032,combined_fixture_stress_7_12032_slot,combined_fixture_stress,random_forest_probe_classifier,slot,suction,slot,follow_slot_axis,0.46489,1,0.27281,1,1,0,0,0,0.79272,1.89701,0.61727,0.14648,0.55,0.00112,0.20069,0.31282,0.46489,0.01639,0.00408,0.25,0.00000
7,12032,combined_fixture_stress_7_12032_slot,combined_fixture_stress,bayesian_fixture_belief,slot,suction,slot,follow_slot_axis,0.25336,1,0.29280,1,1,0,0,0,0.79072,1.89771,0.55371,0.19918,0.55,0.11476,0.14481,0.14825,0.25336,0.21201,0.12680,0.25,0.00000
7,12032,combined_fixture_stress_7_12032_slot,combined_fixture_stress,robust_impedance_planner,slot,suction,slot,follow_slot_axis,0.52998,1,0.34495,0,0,1,0,0,0.16550,2.11654,0.63776,0.40674,0.55,0.05167,0.06337,0.16208,0.52998,0.10561,0.08730,0.25,0.00000
7,12032,combined_fixture_stress_7_12032_slot,combined_fixture_stress,adaptive_probe_then_act,slot,suction,slot,follow_slot_axis,0.58102,1,0.21352,1,1,0,0,0,0.79865,1.89494,0.66541,0.11195,0.55,0.04257,0.05293,0.17594,0.58102,0.08438,0.06316,0.25,0.00000
7,12032,combined_fixture_stress_7_12032_slot,combined_fixture_stress,particle_filter_fixture,slot,suction,slot,follow_slot_axis,0.46272,1,0.28000,1,1,0,0,0,0.79200,1.89726,0.57252,0.18274,0.55,0.01117,0.30318,0.12207,0.46272,0.05202,0.04883,0.25,0.00000
7,12032,combined_fixture_stress_7_12032_slot,combined_fixture_stress,latent_fixture_inference_v5,slot,suction,clamp,cautious_probe_pull,0.37106,0,0.66000,0,0,1,1,0,0.00630,2.86956,0.16470,0.02713,0.55,0.03953,0.37106,0.10458,0.32256,0.10076,0.06152,0.25,0.55000
